Ligase,Scaffold_ID,Recruiter_Count,Scaffold_SMILES,Murcko_SMILES,Scaffold_Class,Scaffold_Center_of_Mass_X,Scaffold_Center_of_Mass_Y,Scaffold_Center_of_Mass_Z,Ligase_Scaffold_Connectivity,Total_Recruiters,Recruiter_Density_Score,Shannon_Diversity_Index,Normalized_Diversity
CHIP,CHIP_SCAF_1,1,c1ncc2ncn([C@H]3CCCO3)c2n1,c1ncc2ncn([C@H]3CCCO3)c2n1,Polycyclic_Hetero,-6.591024022858012e-14,3.141237270298802e-14,-9.60898027813073e-14,1,7,0.14285714285714285,1.945910149055313,0.9999999999999999
CHIP,CHIP_SCAF_2,1,O=c1[nH]cnc2c1ncn2[C@H]1CCCO1,O=c1[nH]cnc2c1ncn2[C@H]1CCCO1,Polycyclic_Hetero,1.2434497875801754e-16,-1.874056465567264e-15,-0.08647451539195554,1,7,0.14285714285714285,1.945910149055313,0.9999999999999999
CHIP,CHIP_SCAF_3,1,O=c1ncccn1[C@H]1CCCO1,O=c1ncccn1[C@H]1CCCO1,Bicyclic_Hetero,2.1397025565503018e-15,1.6047769174127263e-15,-0.02745994619026517,1,7,0.14285714285714285,1.945910149055313,0.9999999999999999
CHIP,CHIP_SCAF_4,1,c1ccc(CNc2nc3cncnc3n2[C@H]2CC[C@@H](COCc3ccccc3)O2)cc1,c1ccc(CNc2nc3cncnc3n2[C@H]2CC[C@@H](COCc3ccccc3)O2)cc1,Polycyclic_Hetero,-2.0681868915874344e-14,-1.8683467471549062e-14,0.07693637382489656,1,7,0.14285714285714285,1.945910149055313,0.9999999999999999
CHIP,CHIP_SCAF_5,1,C(C(=O)O)NC(CO)(CO)CO,,Acyclic,-4.796163466380677e-16,-1.247890679678676e-15,-0.027066800172503163,1,7,0.14285714285714285,1.945910149055313,0.9999999999999999
CHIP,CHIP_SCAF_6,1,O=C(NCCc1c[nH]cn1)C1CC=CC1,O=C(NCCc1c[nH]cn1)C1CC=CC1,Bicyclic_Hetero,-8.541315802782871e-15,1.4358884451818692e-15,-0.015115760994870771,1,7,0.14285714285714285,1.945910149055313,0.9999999999999999
CHIP,CHIP_SCAF_7,1,c1ccccc1,c1ccccc1,Monocyclic,6.291263806209221e-16,6.291263806209221e-16,-5.169475958410885e-16,1,7,0.14285714285714285,1.945910149055313,0.9999999999999999
CRBN,CRBN_SCAF_1,4,O=C1CC[C@H](N2C(=O)c3ccccc3C2=O)C(=O)N1,O=C1CC[C@H](N2C(=O)c3ccccc3C2=O)C(=O)N1,Polycyclic_Hetero,9.279933143763378e-15,1.3674884979176066e-14,0.07345182150377368,1,53,0.07547169811320754,3.3227907634689804,0.927242417449185
CRBN,CRBN_SCAF_10,4,O=C1C[C@H](NC(=O)c2ccccc2)C(=O)N1,O=C1C[C@H](NC(=O)c2ccccc2)C(=O)N1,Bicyclic_Hetero,-9.861564556410066e-11,2.3122496652415128e-10,0.023291505545401416,1,53,0.07547169811320754,3.3227907634689804,0.927242417449185
CRBN,CRBN_SCAF_11,3,O=C1C[C@H](N2C(=O)c3ccccc3C2=O)C(=O)N1,O=C1C[C@H](N2C(=O)c3ccccc3C2=O)C(=O)N1,Polycyclic_Hetero,-5.978123978750843e-16,-1.955700558762776e-15,0.01564157881009793,1,53,0.05660377358490566,3.3227907634689804,0.927242417449185
CRBN,CRBN_SCAF_12,1,O=C1C[C@H](NC(=O)Cc2ccccc2)C(=O)N1,O=C1C[C@H](NC(=O)Cc2ccccc2)C(=O)N1,Bicyclic_Hetero,3.767101573210876e-15,-0.06005862168137861,-3.2923855213021885e-16,1,53,0.018867924528301886,3.3227907634689804,0.927242417449185
CRBN,CRBN_SCAF_13,1,O=C1C[C@H](NC(=O)CCc2ccccc2)C(=O)N1,O=C1C[C@H](NC(=O)CCc2ccccc2)C(=O)N1,Bicyclic_Hetero,-7.077671781985373e-15,-4.4200754167889045e-15,-0.16047363594800454,1,53,0.018867924528301886,3.3227907634689804,0.927242417449185
CRBN,CRBN_SCAF_14,3,O=C1C[C@H](NC(=O)OCc2ccccc2)C(=O)N1,O=C1C[C@H](NC(=O)OCc2ccccc2)C(=O)N1,Bicyclic_Hetero,-1.8829382497642654e-14,1.3315274808671045e-14,-0.0904780547977238,1,53,0.05660377358490566,3.3227907634689804,0.927242417449185
CRBN,CRBN_SCAF_15,1,O=C1C[C@H](NC(=O)OC[C@@H]2CCCN2)C(=O)N1,O=C1C[C@H](NC(=O)OC[C@@H]2CCCN2)C(=O)N1,Bicyclic_Hetero,-7.771561172376096e-15,4.191091917959966e-15,-0.16047363594800254,1,53,0.018867924528301886,3.3227907634689804,0.927242417449185
CRBN,CRBN_SCAF_16,1,O=C1CC[C@H](NC(=O)OC[C@H]2CCCN2)C(=O)N1,O=C1CC[C@H](NC(=O)OC[C@H]2CCCN2)C(=O)N1,Bicyclic_Hetero,1.5403551450227885e-14,8.881784197001252e-15,-0.08037247763715989,1,53,0.018867924528301886,3.3227907634689804,0.927242417449185
CRBN,CRBN_SCAF_17,1,O=C1CC[C@H](NC(=O)OCC2CCCCC2)C(=O)N1,O=C1CC[C@H](NC(=O)OCC2CCCCC2)C(=O)N1,Bicyclic_Hetero,7.492582053367723e-15,-3.75767792950053e-16,0.03498104931940163,1,53,0.018867924528301886,3.3227907634689804,0.927242417449185
CRBN,CRBN_SCAF_18,1,O=C1CCC(=O)N1,O=C1CCC(=O)N1,Monocyclic_Hetero,-2.2435756955966707e-16,1.8503717077085943e-16,-6.938893903907228e-17,1,53,0.018867924528301886,3.3227907634689804,0.927242417449185
CRBN,CRBN_SCAF_19,1,O=C(Cc1ccccc1)NCc1ccc2c(c1)CN([C@H]1CCC(=O)NC1=O)C2=O,O=C(Cc1ccccc1)NCc1ccc2c(c1)CN([C@H]1CCC(=O)NC1=O)C2=O,Polycyclic_Hetero,7.756462139241193e-13,6.16839912481737e-14,0.16650001746236273,1,53,0.018867924528301886,3.3227907634689804,0.927242417449185
CRBN,CRBN_SCAF_2,1,O=C1CC[C@H](N2Cc3ccccc3C2=O)C(=O)N1,O=C1CC[C@H](N2Cc3ccccc3C2=O)C(=O)N1,Polycyclic_Hetero,-8.289665250534502e-16,-4.624090643087313e-16,-0.1542923832817885,1,53,0.018867924528301886,3.3227907634689804,0.927242417449185
CRBN,CRBN_SCAF_20,1,O=C1CC[C@H](N2C(=O)C=C(Nc3cccc(CCC(=O)Nc4ccccc4)c3)C2=O)C(=O)N1,O=C1CC[C@H](N2C(=O)C=C(Nc3cccc(CCC(=O)Nc4ccccc4)c3)C2=O)C(=O)N1,Polycyclic_Hetero,1.0173680080201435e-14,0.010387175793862958,1.31258640320456e-15,1,53,0.018867924528301886,3.3227907634689804,0.927242417449185
CRBN,CRBN_SCAF_21,1,O=C1CC[C@H](n2nc3ccccc3n2)C(=O)N1,O=C1CC[C@H](n2nc3ccccc3n2)C(=O)N1,Polycyclic_Hetero,4.144832625267251e-15,-0.044837908343674605,-6.579099405186112e-16,1,53,0.018867924528301886,3.3227907634689804,0.927242417449185
CRBN,CRBN_SCAF_22,1,O=C1CC[C@H](n2cnc3ccccc3c2=O)C(=O)N1,O=C1CC[C@H](n2cnc3ccccc3c2=O)C(=O)N1,Polycyclic_Hetero,-2.9013828376870757e-15,4.810966440042345e-16,0.020383537176107223,1,53,0.018867924528301886,3.3227907634689804,0.927242417449185
CRBN,CRBN_SCAF_23,1,O=C1CC[C@H](c2ccccc2)C(=O)N1,O=C1CC[C@H](c2ccccc2)C(=O)N1,Bicyclic_Hetero,2.851052727237402e-14,1.3722356584366934e-14,-0.08647451539196055,1,53,0.018867924528301886,3.3227907634689804,0.927242417449185
CRBN,CRBN_SCAF_24,1,O=C1CC[C@H](N2Cc3cc(C4CCN(Cc5ccccc5)CC4)ccc3C2=O)C(=O)N1,O=C1CC[C@H](N2Cc3cc(C4CCN(Cc5ccccc5)CC4)ccc3C2=O)C(=O)N1,Polycyclic_Hetero,-2.915675363981101e-14,4.4485488090152826e-15,-0.102919825047147,1,53,0.018867924528301886,3.3227907634689804,0.927242417449185
CRBN,CRBN_SCAF_25,1,O=C1CC[C@H](CSc2ccccc2)C(=O)N1,O=C1CC[C@H](CSc2ccccc2)C(=O)N1,Bicyclic_Hetero,1.8697687076790568e-14,-0.06005862168137678,-2.365923549028782e-15,1,53,0.018867924528301886,3.3227907634689804,0.927242417449185
CRBN,CRBN_SCAF_26,1,O=C1CC[C@H](CS(=O)(=O)c2ccccc2)C(=O)N1,O=C1CC[C@H](CS(=O)(=O)c2ccccc2)C(=O)N1,Bicyclic_Hetero,2.8335756680110446e-14,6.116970729225056e-15,-2.0993959259202153e-14,1,53,0.018867924528301886,3.3227907634689804,0.927242417449185
CRBN,CRBN_SCAF_27,1,O=C1CC[C@H](N2Cc3c(OCc4ccc(CN5CCN(c6ccccc6)CC5)cc4)cccc3C2=O)C(=O)N1,O=C1CC[C@H](N2Cc3c(OCc4ccc(CN5CCN(c6ccccc6)CC5)cc4)cccc3C2=O)C(=O)N1,Polycyclic_Hetero,1.5649453564012066e-13,-6.688233691446084e-14,-0.04433029467875323,1,53,0.018867924528301886,3.3227907634689804,0.927242417449185
CRBN,CRBN_SCAF_28,1,O=C1CC[C@H](N2Cc3cc(Nc4noc5ccccc45)ccc3C2=O)C(=O)N1,O=C1CC[C@H](N2Cc3cc(Nc4noc5ccccc45)ccc3C2=O)C(=O)N1,Polycyclic_Hetero,-8.881784197001252e-16,-0.21344369805230617,-7.065055611250996e-17,1,53,0.018867924528301886,3.3227907634689804,0.927242417449185
CRBN,CRBN_SCAF_29,1,O=c1c(-n2ccnn2)c[nH]n1-c1cc(N2CCOCC2)ncn1,O=c1c(-n2ccnn2)c[nH]n1-c1cc(N2CCOCC2)ncn1,Polycyclic_Hetero,4.200843876960052e-16,9.3618806400824e-16,-0.10227764659093978,1,53,0.018867924528301886,3.3227907634689804,0.927242417449185
CRBN,CRBN_SCAF_3,1,O=c1ccn([C@H]2CCCO2)c(=O)[nH]1,O=c1ccn([C@H]2CCCO2)c(=O)[nH]1,Bicyclic_Hetero,6.371714750022637e-16,1.1584935909132068e-15,-1.1391853643979866e-15,1,53,0.018867924528301886,3.3227907634689804,0.927242417449185
CRBN,CRBN_SCAF_30,1,O=C1CC[C@]2(CC(c3ccccc3)=NO2)C(=O)N1,O=C1CC[C@]2(CC(c3ccccc3)=NO2)C(=O)N1,Polycyclic_Hetero,5.464177258810802e-12,1.3668325730501845e-12,-0.09047805479932172,1,53,0.018867924528301886,3.3227907634689804,0.927242417449185
CRBN,CRBN_SCAF_31,1,O=C1CC[C@H](N2C(=O)c3ccc(N4CCOCC4)cc3C2=O)C(=O)N1,O=C1CC[C@H](N2C(=O)c3ccc(N4CCOCC4)cc3C2=O)C(=O)N1,Polycyclic_Hetero,1.0298640247475261e-14,-0.15771676102440124,6.645477818827722e-15,1,53,0.018867924528301886,3.3227907634689804,0.927242417449185
CRBN,CRBN_SCAF_32,1,O=C1CC[C@H](N2Cc3cc(OC[C@H]4CCCCN4)ccc3C2=O)C(=O)N1,O=C1CC[C@H](N2Cc3cc(OC[C@H]4CCCCN4)ccc3C2=O)C(=O)N1,Polycyclic_Hetero,1.9739312225580333e-14,-4.114622474937315e-15,-0.1304090431566409,1,53,0.018867924528301886,3.3227907634689804,0.927242417449185
CRBN,CRBN_SCAF_33,1,[BH2-]1OC2OCC[C@H]2O1,[BH2-]1OC2OCC[C@H]2O1,Bicyclic_Hetero,4.250072516143177e-15,4.718447854656915e-16,-0.0784600561167666,1,53,0.018867924528301886,3.3227907634689804,0.927242417449185
CRBN,CRBN_SCAF_34,1,O=C(NCCc1c[nH]cn1)C1CC=CC1,O=C(NCCc1c[nH]cn1)C1CC=CC1,Bicyclic_Hetero,-8.541315802782871e-15,1.4358884451818692e-15,-0.015115760994870771,1,53,0.018867924528301886,3.3227907634689804,0.927242417449185
CRBN,CRBN_SCAF_35,1,O=C1CCc2cc(NS(=O)(=O)Cc3ccccc3)ccc2N1,O=C1CCc2cc(NS(=O)(=O)Cc3ccccc3)ccc2N1,Polycyclic_Hetero,-6.41592042651801e-15,-1.7155867369997154e-14,0.05704040061111792,1,53,0.018867924528301886,3.3227907634689804,0.927242417449185
CRBN,CRBN_SCAF_36,1,c1ccccc1,c1ccccc1,Monocyclic,6.291263806209221e-16,6.291263806209221e-16,-5.169475958410885e-16,1,53,0.018867924528301886,3.3227907634689804,0.927242417449185
CRBN,CRBN_SCAF_4,1,O=C1CC[C@H](N2Cc3cc(CNC(=O)Nc4ccccc4)ccc3C2=O)C(=O)N1,O=C1CC[C@H](N2Cc3cc(CNC(=O)Nc4ccccc4)ccc3C2=O)C(=O)N1,Polycyclic_Hetero,1.3594567648471304e-14,0.019361652698991677,-2.0845003727656e-15,1,53,0.018867924528301886,3.3227907634689804,0.927242417449185
CRBN,CRBN_SCAF_5,1,O=C1CCC(c2ccccc2)C(=O)N1,O=C1CCC(c2ccccc2)C(=O)N1,Bicyclic_Hetero,1.602273869139026e-14,-8.86402062860725e-15,-0.08647451539195453,1,53,0.018867924528301886,3.3227907634689804,0.927242417449185
CRBN,CRBN_SCAF_6,1,O=C1C[C@H](c2cccc(OC3CCCC3)c2)CN1,O=C1C[C@H](c2cccc(OC3CCCC3)c2)CN1,Polycyclic_Hetero,-3.5311093388618493e-14,-2.2035226496317025e-13,-0.055145795508371453,1,53,0.018867924528301886,3.3227907634689804,0.927242417449185
CRBN,CRBN_SCAF_7,1,O=C1CC[C@H](N2Cc3c(OCc4ccc(CN5CCOCC5)cc4)cccc3C2=O)C(=O)N1,O=C1CC[C@H](N2Cc3c(OCc4ccc(CN5CCOCC5)cc4)cccc3C2=O)C(=O)N1,Polycyclic_Hetero,-6.572520305780927e-15,1.1165142884313657e-14,0.03833279785544386,1,53,0.018867924528301886,3.3227907634689804,0.927242417449185
CRBN,CRBN_SCAF_8,1,O=C1CC[C@@H](N2C(=O)c3ccccc3C2=O)C(=O)N1,O=C1CC[C@@H](N2C(=O)c3ccccc3C2=O)C(=O)N1,Polycyclic_Hetero,2.7411023642469383e-15,-1.1331931561691254e-15,0.07345182150377816,1,53,0.018867924528301886,3.3227907634689804,0.927242417449185
CRBN,CRBN_SCAF_9,8,O=C1CC[C@H](NC(=O)c2ccccc2)C(=O)N1,O=C1CC[C@H](NC(=O)c2ccccc2)C(=O)N1,Bicyclic_Hetero,5.469953991670426e-14,7.156727318049199e-14,0.07345182150377613,1,53,0.1509433962264151,3.3227907634689804,0.927242417449185
DCAF1,DCAF1_SCAF_1,1,c1ccc(N2CCC[C@@H](Nc3cc(N4CCOCC4)ncn3)C2)cc1,c1ccc(N2CCC[C@@H](Nc3cc(N4CCOCC4)ncn3)C2)cc1,Polycyclic_Hetero,7.407408020299044e-15,5.290212712338871e-16,-6.412648190234904e-15,1,12,0.08333333333333333,2.3693821196946767,0.9881090915741209
DCAF1,DCAF1_SCAF_10,1,[BH2-]1OC2OCC[C@H]2O1,[BH2-]1OC2OCC[C@H]2O1,Bicyclic_Hetero,4.250072516143177e-15,4.718447854656915e-16,-0.0784600561167666,1,12,0.08333333333333333,2.3693821196946767,0.9881090915741209
DCAF1,DCAF1_SCAF_11,1,O=C1CCc2cc(NS(=O)(=O)Cc3ccccc3)ccc2N1,O=C1CCc2cc(NS(=O)(=O)Cc3ccccc3)ccc2N1,Polycyclic_Hetero,-6.41592042651801e-15,-1.7155867369997154e-14,0.05704040061111792,1,12,0.08333333333333333,2.3693821196946767,0.9881090915741209
DCAF1,DCAF1_SCAF_2,2,O=C(NCc1ccccc1)c1c[nH]nc1-c1ccccc1,O=C(NCc1ccccc1)c1c[nH]nc1-c1ccccc1,Polycyclic_Hetero,1.0103029524088925e-14,3.133296091719886e-15,0.021858975622051732,1,12,0.16666666666666666,2.3693821196946767,0.9881090915741209
DCAF1,DCAF1_SCAF_3,1,C1=C(c2ccccc2)N2CCN=C2c2ccccc21,C1=C(c2ccccc2)N2CCN=C2c2ccccc21,Polycyclic_Hetero,-5.5255463504374457e-14,-9.547918011776346e-14,-1.3208289680843529e-14,1,12,0.08333333333333333,2.3693821196946767,0.9881090915741209
DCAF1,DCAF1_SCAF_4,1,N=C1C[C@H](c2cccc(Oc3ccccc3)c2)CN1,N=C1C[C@H](c2cccc(Oc3ccccc3)c2)CN1,Polycyclic_Hetero,1.1566620677123345e-13,-1.2865898822513243e-14,0.06979889226918379,1,12,0.08333333333333333,2.3693821196946767,0.9881090915741209
DCAF1,DCAF1_SCAF_5,1,c1ccc(CCc2cc3ccccc3c3nccn23)cc1,c1ccc(CCc2cc3ccccc3c3nccn23)cc1,Polycyclic_Hetero,-1.4642941513975038e-15,-0.05514579550842185,-4.860976486196631e-16,1,12,0.08333333333333333,2.3693821196946767,0.9881090915741209
DCAF1,DCAF1_SCAF_6,1,c1ccc(C2(c3cc4ccccc4c4nccn34)CC2)cc1,c1ccc(C2(c3cc4ccccc4c4nccn34)CC2)cc1,Polycyclic_Hetero,3.0249253394518553e-12,1.7296909518717627e-12,1.069308384528181e-12,1,12,0.08333333333333333,2.3693821196946767,0.9881090915741209
DCAF1,DCAF1_SCAF_7,1,C1=C(C2(c3ccccc3)CC2)N2CCN=C2c2ccc(N3CCNCC3)cc21,C1=C(C2(c3ccccc3)CC2)N2CCN=C2c2ccc(N3CCNCC3)cc21,Polycyclic_Hetero,2.354783035229957e-13,7.321304056833671e-14,-0.10790461734393011,1,12,0.08333333333333333,2.3693821196946767,0.9881090915741209
DCAF1,DCAF1_SCAF_8,1,c1ccc(C2(c3ncc4ccc(N5CCNCC5)cc4n3)CC2)cc1,c1ccc(C2(c3ncc4ccc(N5CCNCC5)cc4n3)CC2)cc1,Polycyclic_Hetero,-1.2661266834023061e-15,1.370062455920406e-15,0.10261274895656176,1,12,0.08333333333333333,2.3693821196946767,0.9881090915741209
DCAF1,DCAF1_SCAF_9,1,c1ccc(C2(c3ncc4ccc(N5CCNCC5)cc4n3)CCCC2)cc1,c1ccc(C2(c3ncc4ccc(N5CCNCC5)cc4n3)CCCC2)cc1,Polycyclic_Hetero,-2.659507834083205e-14,6.493757313845255e-15,0.11189142060959077,1,12,0.08333333333333333,2.3693821196946767,0.9881090915741209
DCAF15,DCAF15_SCAF_1,3,O=S(=O)(Nc1cccc2cc[nH]c12)c1ccccc1,O=S(=O)(Nc1cccc2cc[nH]c12)c1ccccc1,Polycyclic_Hetero,7.67434861179408e-12,-4.7359671739855e-11,-0.008985917147196808,1,5,0.6,0.9502705392332347,0.8649735207179272
DCAF15,DCAF15_SCAF_2,1,O=C(NS(=O)(=O)c1cccs1)c1ccccc1,O=C(NS(=O)(=O)c1cccs1)c1ccccc1,Bicyclic_Hetero,-1.6909209075667885e-12,-5.367219489362294e-12,0.015641578809498423,1,5,0.2,0.9502705392332347,0.8649735207179272
DCAF15,DCAF15_SCAF_3,1,O=c1c(-n2ccnn2)c[nH]n1-c1cc(N2CCOCC2)ncn1,O=c1c(-n2ccnn2)c[nH]n1-c1cc(N2CCOCC2)ncn1,Polycyclic_Hetero,4.200843876960052e-16,9.3618806400824e-16,-0.10227764659093978,1,5,0.2,0.9502705392332347,0.8649735207179272
DCAF16,DCAF16_SCAF_1,1,c1ccc(C2=NCc3nncn3-c3sccc32)cc1,c1ccc(C2=NCc3nncn3-c3sccc32)cc1,Polycyclic_Hetero,-9.371813669939252e-15,-6.278502622018126e-16,-0.06005862168138369,1,1,1.0,-0.0,0.0
HUWE1,HUWE1_SCAF_1,3,O=c1ncccn1[C@H]1CCCO1,O=c1ncccn1[C@H]1CCCO1,Bicyclic_Hetero,2.1397025565503018e-15,1.6047769174127263e-15,-0.02745994619026517,1,30,0.1,3.060287092608695,0.9629437561394745
HUWE1,HUWE1_SCAF_10,1,c1ncc2ncn([C@H]3CCC4C[C@@H]43)c2n1,c1ncc2ncn([C@H]3CCC4C[C@@H]43)c2n1,Polycyclic_Hetero,-7.279156701269198e-14,2.528841333868412e-14,-0.04483790834369497,1,30,0.03333333333333333,3.060287092608695,0.9629437561394745
HUWE1,HUWE1_SCAF_11,1,c1ncc2ncn([C@@]34CCC[C@@H]3C4)c2n1,c1ncc2ncn([C@@]34CCC[C@@H]3C4)c2n1,Polycyclic_Hetero,-9.724731308290723e-15,2.3026847918151394e-16,-0.04483790834367959,1,30,0.03333333333333333,3.060287092608695,0.9629437561394745
HUWE1,HUWE1_SCAF_12,1,O=c1[nH]cnc2c1nc(Nc1ccc3ccc4cccc5ccc1c3c45)n2[C@H]1CCCO1,O=c1[nH]cnc2c1nc(Nc1ccc3ccc4cccc5ccc1c3c45)n2[C@H]1CCCO1,Polycyclic_Hetero,1.0913818868249003e-12,-5.770460362265451e-13,0.10221073563150863,1,30,0.03333333333333333,3.060287092608695,0.9629437561394745
HUWE1,HUWE1_SCAF_13,1,O=c1[nH]c2nccn2c2c1ncn2[C@H]1CCCO1,O=c1[nH]c2nccn2c2c1ncn2[C@H]1CCCO1,Polycyclic_Hetero,5.910980517314626e-15,-5.04577222915847e-15,6.370383148194002e-15,1,30,0.03333333333333333,3.060287092608695,0.9629437561394745
HUWE1,HUWE1_SCAF_14,1,C1=[NH+]CCN1,C1=[NH+]CCN1,Monocyclic_Hetero,-4.718447854656915e-15,-1.3281968117932289e-13,-2.375229642600137e-13,1,30,0.03333333333333333,3.060287092608695,0.9629437561394745
HUWE1,HUWE1_SCAF_15,1,c1ccc2ncc(CN[C@H]3C[C@@H](N4CCOCC4)[C@@H]4OC[C@H]3O4)cc2c1,c1ccc2ncc(CN[C@H]3C[C@@H](N4CCOCC4)[C@@H]4OC[C@H]3O4)cc2c1,Polycyclic_Hetero,9.125597880840503e-15,-6.2346642010322516e-15,-0.0952606748800139,1,30,0.03333333333333333,3.060287092608695,0.9629437561394745
HUWE1,HUWE1_SCAF_16,1,O=C1C=C2N(C(=O)c3cc4ccccc4[nH]3)C[C@H]3C[C@@]23c2cc(C(=O)N3CCc4c3ccc3[nH]ccc43)[nH]c21,O=C1C=C2N(C(=O)c3cc4ccccc4[nH]3)C[C@H]3C[C@@]23c2cc(C(=O)N3CCc4c3ccc3[nH]ccc43)[nH]c21,Polycyclic_Hetero,2.5176993106822097e-15,-5.260129249736125e-15,-0.14646439264920072,1,30,0.03333333333333333,3.060287092608695,0.9629437561394745
HUWE1,HUWE1_SCAF_17,1,CC\C=C/C\C=C/C\C=C/C\C=C/C\C=C/C\C=C/CCC(=O)O,,Acyclic,-1.3957089452430539e-14,-1.0602629885170245e-14,0.2036053606242727,1,30,0.03333333333333333,3.060287092608695,0.9629437561394745
HUWE1,HUWE1_SCAF_18,1,O=c1cc(Nc2ccccc2)[nH]c2ccccc12,O=c1cc(Nc2ccccc2)[nH]c2ccccc12,Polycyclic_Hetero,-2.9650356244322514e-14,-2.7570538444858055e-14,-3.682979847023186e-14,1,30,0.03333333333333333,3.060287092608695,0.9629437561394745
HUWE1,HUWE1_SCAF_19,1,c1cnc2c(c1)ccc1cccnc12,c1cnc2c(c1)ccc1cccnc12,Polycyclic_Hetero,1.2111523905001707e-15,2.3819330346503357e-15,-0.027459946190266517,1,30,0.03333333333333333,3.060287092608695,0.9629437561394745
HUWE1,HUWE1_SCAF_2,1,c1cn2cnc3c(ncn3[C@H]3CCCO3)c2n1,c1cn2cnc3c(ncn3[C@H]3CCCO3)c2n1,Polycyclic_Hetero,-1.2878587085651816e-14,-8.120488408686859e-15,0.14205663664457804,1,30,0.03333333333333333,3.060287092608695,0.9629437561394745
HUWE1,HUWE1_SCAF_20,1,c1ccc2ccccc2c1,c1ccc2ccccc2c1,Bicyclic,1.4802973661668753e-16,1.3816108750890837e-15,3.0376935534882756e-16,1,30,0.03333333333333333,3.060287092608695,0.9629437561394745
HUWE1,HUWE1_SCAF_21,2,c1ccccc1,c1ccccc1,Monocyclic,6.291263806209221e-16,6.291263806209221e-16,-5.169475958410885e-16,1,30,0.06666666666666667,3.060287092608695,0.9629437561394745
HUWE1,HUWE1_SCAF_22,1,O=C1CCC(=O)N1,O=C1CCC(=O)N1,Monocyclic_Hetero,-2.2435756955966707e-16,1.8503717077085943e-16,-6.938893903907228e-17,1,30,0.03333333333333333,3.060287092608695,0.9629437561394745
HUWE1,HUWE1_SCAF_23,1,c1ccc(CNCc2ccccc2)cc1,c1ccc(CNCc2ccccc2)cc1,Bicyclic_Hetero,1.1191048088221578e-14,2.294460917558657e-16,-0.09047805479772307,1,30,0.03333333333333333,3.060287092608695,0.9629437561394745
HUWE1,HUWE1_SCAF_24,1,C1COCCN1,C1COCCN1,Monocyclic_Hetero,-2.220446049250313e-16,2.627527824946204e-16,0.08968732191531041,1,30,0.03333333333333333,3.060287092608695,0.9629437561394745
HUWE1,HUWE1_SCAF_3,1,C1CCOC1,C1CCOC1,Monocyclic_Hetero,2.083803215450294e-15,3.3989904907754794e-15,-1.389913825059571e-15,1,30,0.03333333333333333,3.060287092608695,0.9629437561394745
HUWE1,HUWE1_SCAF_4,1,O=c1[nH]cnc2c1ncn2[C@H]1CCCO1,O=c1[nH]cnc2c1ncn2[C@H]1CCCO1,Polycyclic_Hetero,1.2434497875801754e-16,-1.874056465567264e-15,-0.08647451539195554,1,30,0.03333333333333333,3.060287092608695,0.9629437561394745
HUWE1,HUWE1_SCAF_5,4,c1ncc2ncn([C@H]3CCCO3)c2n1,c1ncc2ncn([C@H]3CCCO3)c2n1,Polycyclic_Hetero,-6.591024022858012e-14,3.141237270298802e-14,-9.60898027813073e-14,1,30,0.13333333333333333,3.060287092608695,0.9629437561394745
HUWE1,HUWE1_SCAF_6,1,O=c1ccn([C@H]2CCCO2)c(=O)[nH]1,O=c1ccn([C@H]2CCCO2)c(=O)[nH]1,Bicyclic_Hetero,6.371714750022637e-16,1.1584935909132068e-15,-1.1391853643979866e-15,1,30,0.03333333333333333,3.060287092608695,0.9629437561394745
HUWE1,HUWE1_SCAF_7,1,O=c1[nH]cnc2c1[nH]c(=O)n2[C@H]1CCCO1,O=c1[nH]cnc2c1[nH]c(=O)n2[C@H]1CCCO1,Polycyclic_Hetero,7.173748774501012e-16,1.6909550682752383e-15,0.015641578810097825,1,30,0.03333333333333333,3.060287092608695,0.9629437561394745
HUWE1,HUWE1_SCAF_8,1,O=C(CNCCc1c[nH]c2ccccc12)Nc1sc2c(c1C(=O)NCc1ccccc1)CCCC2,O=C(CNCCc1c[nH]c2ccccc12)Nc1sc2c(c1C(=O)NCc1ccccc1)CCCC2,Polycyclic_Hetero,1.1047573112731558e-14,2.504663143554353e-14,-0.02493010854808095,1,30,0.03333333333333333,3.060287092608695,0.9629437561394745
HUWE1,HUWE1_SCAF_9,1,O=C(CCNc1ccccc1)Nc1scc(-c2ccccc2)c1C(=O)NCc1ccccc1,O=C(CCNc1ccccc1)Nc1scc(-c2ccccc2)c1C(=O)NCc1ccccc1,Polycyclic_Hetero,2.469671976502374e-14,-6.1177117012103456e-15,-0.11584604701283188,1,30,0.03333333333333333,3.060287092608695,0.9629437561394745
KEAP1,KEAP1_SCAF_1,1,O=C(NCc1ccccc1)Nc1nnc(-c2ccco2)o1,O=C(NCc1ccccc1)Nc1nnc(-c2ccco2)o1,Polycyclic_Hetero,-1.268211125341512e-13,8.523821379364535e-14,-0.000887227386795845,1,87,0.011494252873563218,3.832309551498157,0.9520434103481434
KEAP1,KEAP1_SCAF_10,1,C1=CC[C@@H]2CCc3c(n[nH]c3-c3cccnc3)C2C1,C1=CC[C@@H]2CCc3c(n[nH]c3-c3cccnc3)C2C1,Polycyclic_Hetero,-7.913817749264732e-12,-3.7786267941757816e-11,0.021858975637943857,1,87,0.011494252873563218,3.832309551498157,0.9520434103481434
KEAP1,KEAP1_SCAF_11,4,c1ccccc1,c1ccccc1,Monocyclic,6.291263806209221e-16,6.291263806209221e-16,-5.169475958410885e-16,1,87,0.04597701149425287,3.832309551498157,0.9520434103481434
KEAP1,KEAP1_SCAF_12,4,c1ccc(Cc2ccc3[nH]nnc3c2)cc1,c1ccc(Cc2ccc3[nH]nnc3c2)cc1,Polycyclic_Hetero,-2.2039983007373477e-15,-0.044837908343678144,1.566648045859943e-15,1,87,0.04597701149425287,3.832309551498157,0.9520434103481434
KEAP1,KEAP1_SCAF_13,2,O=S(=O)(NCc1cccc(Cc2ccc3[nH]nnc3c2)c1)c1ccccc1,O=S(=O)(NCc1cccc(Cc2ccc3[nH]nnc3c2)c1)c1ccccc1,Polycyclic_Hetero,-7.776495496929986e-15,-7.342274936187703e-15,0.020908012653829345,1,87,0.022988505747126436,3.832309551498157,0.9520434103481434
KEAP1,KEAP1_SCAF_14,2,O=S1(=O)c2ccccc2OCCN1Cc1cccc(Cc2ccc3[nH]nnc3c2)c1,O=S1(=O)c2ccccc2OCCN1Cc1cccc(Cc2ccc3[nH]nnc3c2)c1,Polycyclic_Hetero,-5.286771020962533e-14,-0.08201871605784657,-1.8388401912261542e-13,1,87,0.022988505747126436,3.832309551498157,0.9520434103481434
KEAP1,KEAP1_SCAF_15,1,O=c1occc2ocnc12,O=c1occc2ocnc12,Bicyclic_Hetero,-1.1614640873001638e-15,2.348548705937831e-16,-1.1870846186376673e-15,1,87,0.011494252873563218,3.832309551498157,0.9520434103481434
KEAP1,KEAP1_SCAF_16,1,C=C1C(=O)O[C@H]2CC[C@@H]3CCCC3C[C@H]12,C=C1C(=O)O[C@H]2CC[C@@H]3CCCC3C[C@H]12,Polycyclic_Hetero,7.536059318667729e-16,-2.0648466101929995e-16,-0.0008872273866106396,1,87,0.011494252873563218,3.832309551498157,0.9520434103481434
KEAP1,KEAP1_SCAF_17,1,O=c1ccoc2ccccc12,O=c1ccoc2ccccc12,Bicyclic_Hetero,3.918434204559376e-17,-8.359326303060002e-16,7.461351797848479e-16,1,87,0.011494252873563218,3.832309551498157,0.9520434103481434
KEAP1,KEAP1_SCAF_18,1,S=c1ncc2cn[nH]c2[nH]1,S=c1ncc2cn[nH]c2[nH]1,Bicyclic_Hetero,-4.758098676964956e-16,2.3473286806360452e-15,-6.760465203521043e-16,1,87,0.011494252873563218,3.832309551498157,0.9520434103481434
KEAP1,KEAP1_SCAF_19,1,C1=NO[C@@H](c2ccccc2)C1,C1=NO[C@@H](c2ccccc2)C1,Bicyclic_Hetero,-9.43689570931383e-16,-1.4155343563970746e-15,-1.2656542480726785e-15,1,87,0.011494252873563218,3.832309551498157,0.9520434103481434
KEAP1,KEAP1_SCAF_2,1,O=C1C=C2C(CC[C@H]3CC=CCC23)C2CCC3CCCC[C@H]3[C@@H]12,O=C1C=C2C(CC[C@H]3CC=CCC23)C2CCC3CCCC[C@H]3[C@@H]12,Polycyclic_Hetero,1.7562471393315685e-14,6.032910020604624e-16,4.474408265281763e-15,1,87,0.011494252873563218,3.832309551498157,0.9520434103481434
KEAP1,KEAP1_SCAF_20,1,C1CCNC1,C1CCNC1,Monocyclic_Hetero,3.172065784643304e-17,-7.93016446160826e-18,-2.1411444046342305e-16,1,87,0.011494252873563218,3.832309551498157,0.9520434103481434
KEAP1,KEAP1_SCAF_21,1,O=S(=O)(Nc1ccc(NS(=O)(=O)c2ccccc2)c(OCc2ccccc2)c1)c1ccccc1,O=S(=O)(Nc1ccc(NS(=O)(=O)c2ccccc2)c(OCc2ccccc2)c1)c1ccccc1,Polycyclic_Hetero,5.417888360170764e-14,9.680748266508284e-15,-0.08943467515734167,1,87,0.011494252873563218,3.832309551498157,0.9520434103481434
KEAP1,KEAP1_SCAF_22,1,O=c1cc(Cc2ccccc2)cc[nH]1,O=c1cc(Cc2ccccc2)cc[nH]1,Bicyclic_Hetero,8.881784197001252e-16,-4.707345624410664e-16,-0.08647451539195487,1,87,0.011494252873563218,3.832309551498157,0.9520434103481434
KEAP1,KEAP1_SCAF_23,1,O=C1c2ccccc2C(=O)N1C[C@@H]1c2ccccc2CCN1C(=O)C1CCC1,O=C1c2ccccc2C(=O)N1C[C@@H]1c2ccccc2CCN1C(=O)C1CCC1,Polycyclic_Hetero,1.5276668818842153e-14,3.2951419370874646e-15,0.017181206119426404,1,87,0.011494252873563218,3.832309551498157,0.9520434103481434
KEAP1,KEAP1_SCAF_24,2,O=C(c1ccccc1)N1CCc2ccc(Cc3ccc4[nH]nnc4c3)cc2C1,O=C(c1ccccc1)N1CCc2ccc(Cc3ccc4[nH]nnc4c3)cc2C1,Polycyclic_Hetero,-9.163965882426813e-15,3.682239698340102e-15,-0.07282417623589608,1,87,0.022988505747126436,3.832309551498157,0.9520434103481434
KEAP1,KEAP1_SCAF_25,1,O=S(=O)(Nc1cnc(NS(=O)(=O)c2ccccc2)c2ccccc12)c1ccccc1,O=S(=O)(Nc1cnc(NS(=O)(=O)c2ccccc2)c2ccccc12)c1ccccc1,Polycyclic_Hetero,7.972818622797507e-14,0.10261274895694615,1.0697353168760604e-13,1,87,0.011494252873563218,3.832309551498157,0.9520434103481434
KEAP1,KEAP1_SCAF_26,1,C1CCSSC1,C1CCSSC1,Monocyclic_Hetero,2.854859206178974e-15,4.9642829529667715e-15,6.8913129171375786e-15,1,87,0.011494252873563218,3.832309551498157,0.9520434103481434
KEAP1,KEAP1_SCAF_27,2,O=C1OC[C@@H](NC(=O)[C@@H]2CCCN2)C(=O)NCCSCc2ccccc21,O=C1OC[C@@H](NC(=O)[C@@H]2CCCN2)C(=O)NCCSCc2ccccc21,Polycyclic_Hetero,6.186842421593796e-13,4.64716700495343e-13,6.005173682584725e-14,1,87,0.022988505747126436,3.832309551498157,0.9520434103481434
KEAP1,KEAP1_SCAF_28,1,c1ccc(-n2nccc2C2CC2)cc1,c1ccc(-n2nccc2C2CC2)cc1,Polycyclic_Hetero,-2.7840977386753925e-15,4.6116956407506504e-15,-5.2746268891085565e-15,1,87,0.011494252873563218,3.832309551498157,0.9520434103481434
KEAP1,KEAP1_SCAF_29,7,O=S(=O)(Nc1cccc(-n2nccc2C2CC2)c1)c1ccccc1,O=S(=O)(Nc1cccc(-n2nccc2C2CC2)c1)c1ccccc1,Polycyclic_Hetero,-5.735791245758553e-14,0.05196683520239783,-6.864292332374489e-14,1,87,0.08045977011494253,3.832309551498157,0.9520434103481434
KEAP1,KEAP1_SCAF_3,3,O=C1c2ccccc2C(=O)N1C[C@@H]1c2ccccc2CCN1C(=O)C1CCCCC1,O=C1c2ccccc2C(=O)N1C[C@@H]1c2ccccc2CCN1C(=O)C1CCCCC1,Polycyclic_Hetero,-1.5543122344752192e-15,9.200973316580985e-15,-3.0347748124017112e-15,1,87,0.034482758620689655,3.832309551498157,0.9520434103481434
KEAP1,KEAP1_SCAF_30,2,O=C([C@H]1CCC[C@@H](c2cccc(-n3nccc3C3CC3)c2)C1)N1CCCC1,O=C([C@H]1CCC[C@@H](c2cccc(-n3nccc3C3CC3)c2)C1)N1CCCC1,Polycyclic_Hetero,-1.031079983298306e-13,-6.144291424854081e-14,0.2036053606243133,1,87,0.022988505747126436,3.832309551498157,0.9520434103481434
KEAP1,KEAP1_SCAF_31,1,O=S(=O)(Nc1cccc(-n2ncc(-c3nn[nH]n3)c2C2CC2)c1)c1ccccc1,O=S(=O)(Nc1cccc(-n2ncc(-c3nn[nH]n3)c2C2CC2)c1)c1ccccc1,Polycyclic_Hetero,3.751588411907268e-14,-9.984766636683202e-15,0.05623963201067807,1,87,0.011494252873563218,3.832309551498157,0.9520434103481434
KEAP1,KEAP1_SCAF_32,2,O=S(=O)(Nc1cccc(-n2nccc2[C@H]2C[C@@H]2c2ccccc2)c1)c1ccccc1,O=S(=O)(Nc1cccc(-n2nccc2[C@H]2C[C@@H]2c2ccccc2)c1)c1ccccc1,Polycyclic_Hetero,3.2340143634963385e-14,1.36034974134953e-14,-0.09526067488003268,1,87,0.022988505747126436,3.832309551498157,0.9520434103481434
KEAP1,KEAP1_SCAF_33,1,C(COCCOCCO)O,,Acyclic,2.868076146948321e-15,-7.771561172376096e-16,-0.0712952943561865,1,87,0.011494252873563218,3.832309551498157,0.9520434103481434
KEAP1,KEAP1_SCAF_34,1,c1ccc(CC2CCCC2)cc1,c1ccc(CC2CCCC2)cc1,Bicyclic,-3.378250060645119e-15,-1.3005469717037547e-15,1.3877787807814457e-16,1,87,0.011494252873563218,3.832309551498157,0.9520434103481434
KEAP1,KEAP1_SCAF_35,1,c1cc2c(s1)CCOC2,c1cc2c(s1)CCOC2,Bicyclic_Hetero,7.436861584069982e-16,3.918434204559376e-15,-6.938893903907228e-16,1,87,0.011494252873563218,3.832309551498157,0.9520434103481434
KEAP1,KEAP1_SCAF_36,1,c1ccncc1,c1ccncc1,Monocyclic_Hetero,1.574498107650222e-15,7.468773074751053e-16,2.0236337857940353e-15,1,87,0.011494252873563218,3.832309551498157,0.9520434103481434
KEAP1,KEAP1_SCAF_37,3,O=C1c2ccccc2-c2ccccc21,O=C1c2ccccc2-c2ccccc21,Polycyclic_Hetero,2.6443493859253727e-15,-1.0698512782751509e-15,-0.027459946190267256,1,87,0.034482758620689655,3.832309551498157,0.9520434103481434
KEAP1,KEAP1_SCAF_38,1,c1ccc2ncccc2c1,c1ccc2ncccc2c1,Bicyclic_Hetero,2.778822923400024e-14,5.551115123125783e-15,-5.94687697778628e-14,1,87,0.011494252873563218,3.832309551498157,0.9520434103481434
KEAP1,KEAP1_SCAF_39,1,O=C(NCc1ccccc1)c1cccc2c1-c1ccccc1C2=O,O=C(NCc1ccccc1)c1cccc2c1-c1ccccc1C2=O,Polycyclic_Hetero,-8.266891444901166e-15,-6.695498856200944e-15,0.03498104931939879,1,87,0.011494252873563218,3.832309551498157,0.9520434103481434
KEAP1,KEAP1_SCAF_4,1,O=C(CSc1ncc(S(=O)(=O)c2ccccc2)c(=O)[nH]1)Nc1ccccc1,O=C(CSc1ncc(S(=O)(=O)c2ccccc2)c(=O)[nH]1)Nc1ccccc1,Polycyclic_Hetero,-1.6040079317679643e-14,4.65236315081018e-15,-0.0606977952145146,1,87,0.011494252873563218,3.832309551498157,0.9520434103481434
KEAP1,KEAP1_SCAF_40,2,c1ccc(-c2cccc(-n3cccn3)n2)cc1,c1ccc(-c2cccc(-n3cccn3)n2)cc1,Polycyclic_Hetero,1.9127556681399125e-14,0.14205663664456597,9.040387486233418e-15,1,87,0.022988505747126436,3.832309551498157,0.9520434103481434
KEAP1,KEAP1_SCAF_41,1,c1ccc(-c2cccc(-n3nccc3C3CC3)c2)cc1,c1ccc(-c2cccc(-n3nccc3C3CC3)c2)cc1,Polycyclic_Hetero,-7.24358844510991e-14,1.30759600678074e-15,0.18421354312015012,1,87,0.011494252873563218,3.832309551498157,0.9520434103481434
KEAP1,KEAP1_SCAF_42,1,c1ccc(-c2cccc(-n3nccc3[C@@H]3C[C@H]3c3c[nH]nn3)c2)cc1,c1ccc(-c2cccc(-n3nccc3[C@@H]3C[C@H]3c3c[nH]nn3)c2)cc1,Polycyclic_Hetero,-1.3132352348423281e-14,-1.9899426022328997e-14,0.03685838240304152,1,87,0.011494252873563218,3.832309551498157,0.9520434103481434
KEAP1,KEAP1_SCAF_43,1,O=C(c1cccc(-c2cccc(-n3nccc3C3CC3)c2)c1)N1CCCCC1,O=C(c1cccc(-c2cccc(-n3nccc3C3CC3)c2)c1)N1CCCCC1,Polycyclic_Hetero,-1.6522632318930915e-13,2.289992095321172e-14,0.11189142060951104,1,87,0.011494252873563218,3.832309551498157,0.9520434103481434
KEAP1,KEAP1_SCAF_44,1,O=C(c1cccc(-c2cccc(-n3nccc3[C@@H]3C[C@H]3c3c[nH]nn3)c2)c1)N1CCCCC1,O=C(c1cccc(-c2cccc(-n3nccc3[C@@H]3C[C@H]3c3c[nH]nn3)c2)c1)N1CCCCC1,Polycyclic_Hetero,1.3239880002140003e-13,-1.2567724638756772e-13,-0.05939087982814056,1,87,0.011494252873563218,3.832309551498157,0.9520434103481434
KEAP1,KEAP1_SCAF_45,1,O=C1OC[C@@H](NC(=O)[C@@H]2CCCN2)C(=O)NCC[S@@](=O)Cc2ccccc21,O=C1OC[C@@H](NC(=O)[C@@H]2CCCN2)C(=O)NCC[S@@](=O)Cc2ccccc21,Polycyclic_Hetero,6.954437026251981e-15,-1.4095391520640987e-14,0.16650001746276427,1,87,0.011494252873563218,3.832309551498157,0.9520434103481434
KEAP1,KEAP1_SCAF_46,1,O=C1OC[C@@H](NC(=O)[C@@H]2CCCN2)C(=O)NCCSCc2c1cccc2-c1cccc2nonc12,O=C1OC[C@@H](NC(=O)[C@@H]2CCCN2)C(=O)NCCSCc2c1cccc2-c1cccc2nonc12,Polycyclic_Hetero,3.292181342355131e-14,-1.6275869541004794e-14,-0.01757640781288703,1,87,0.011494252873563218,3.832309551498157,0.9520434103481434
KEAP1,KEAP1_SCAF_47,2,O=C1OC[C@@H](NC(=O)[C@@H]2CCCN2)C(=O)NCCSCc2c1cccc2-c1ccccc1,O=C1OC[C@@H](NC(=O)[C@@H]2CCCN2)C(=O)NCCSCc2c1cccc2-c1ccccc1,Polycyclic_Hetero,-2.4688349293359415e-15,-8.196833042825733e-15,-0.018868848872662655,1,87,0.022988505747126436,3.832309551498157,0.9520434103481434
KEAP1,KEAP1_SCAF_48,1,O=S1(=O)Oc2ccc3cc2C[N@]1Cc1cccc(c1)Cc1ccc2c(c1)nnn2CCOCCO3,O=S1(=O)Oc2ccc3cc2C[N@]1Cc1cccc(c1)Cc1ccc2c(c1)nnn2CCOCCO3,Polycyclic_Hetero,-9.270249351583654e-13,-3.0079291223508765e-12,-0.04802478379442499,1,87,0.011494252873563218,3.832309551498157,0.9520434103481434
KEAP1,KEAP1_SCAF_49,3,O=C(Cc1ccc2c(c1)CCCC2)NCc1ccccc1,O=C(Cc1ccc2c(c1)CCCC2)NCc1ccccc1,Polycyclic_Hetero,2.023777970602428e-14,3.670080112832303e-14,0.03685838240303899,1,87,0.034482758620689655,3.832309551498157,0.9520434103481434
KEAP1,KEAP1_SCAF_5,5,O=S(=O)(Nc1ccc(NS(=O)(=O)c2ccccc2)c2ccccc12)c1ccccc1,O=S(=O)(Nc1ccc(NS(=O)(=O)c2ccccc2)c2ccccc12)c1ccccc1,Polycyclic_Hetero,1.522855915444173e-14,-0.07282417623588475,2.475334751987172e-14,1,87,0.05747126436781609,3.832309551498157,0.9520434103481434
KEAP1,KEAP1_SCAF_50,1,c1cncnc1,c1cncnc1,Monocyclic_Hetero,-4.218847493575595e-15,6.217248937900876e-16,2.529226827974185e-16,1,87,0.011494252873563218,3.832309551498157,0.9520434103481434
KEAP1,KEAP1_SCAF_51,1,c1ccc(CNCc2ccccc2)cc1,c1ccc(CNCc2ccccc2)cc1,Bicyclic_Hetero,1.1191048088221578e-14,2.294460917558657e-16,-0.09047805479772307,1,87,0.011494252873563218,3.832309551498157,0.9520434103481434
KEAP1,KEAP1_SCAF_52,1,[BH2-]1OC2OCC[C@H]2O1,[BH2-]1OC2OCC[C@H]2O1,Bicyclic_Hetero,4.250072516143177e-15,4.718447854656915e-16,-0.0784600561167666,1,87,0.011494252873563218,3.832309551498157,0.9520434103481434
KEAP1,KEAP1_SCAF_53,1,O=c1c(-n2ccnn2)c[nH]n1-c1cc(N2CCOCC2)ncn1,O=c1c(-n2ccnn2)c[nH]n1-c1cc(N2CCOCC2)ncn1,Polycyclic_Hetero,4.200843876960052e-16,9.3618806400824e-16,-0.10227764659093978,1,87,0.011494252873563218,3.832309551498157,0.9520434103481434
KEAP1,KEAP1_SCAF_54,1,O=C(COc1ccccc1)NC1CCCCC1,O=C(COc1ccccc1)NC1CCCCC1,Bicyclic_Hetero,5.242719838507684e-14,-4.675272514810382e-15,0.021858975622051816,1,87,0.011494252873563218,3.832309551498157,0.9520434103481434
KEAP1,KEAP1_SCAF_55,1,O=C(NCCc1c[nH]cn1)C1CC=CC1,O=C(NCCc1c[nH]cn1)C1CC=CC1,Bicyclic_Hetero,-8.541315802782871e-15,1.4358884451818692e-15,-0.015115760994870771,1,87,0.011494252873563218,3.832309551498157,0.9520434103481434
KEAP1,KEAP1_SCAF_56,1,O=c1ccc2c([nH]1)CCC[C@H]2NCCCCCCCCCCNc1c2c(nc3ccccc13)CCCC2,O=c1ccc2c([nH]1)CCC[C@H]2NCCCCCCCCCCNc1c2c(nc3ccccc13)CCCC2,Polycyclic_Hetero,2.8794525063364554e-14,-6.030841121420604e-16,-0.01814445504239795,1,87,0.011494252873563218,3.832309551498157,0.9520434103481434
KEAP1,KEAP1_SCAF_6,1,O=C1c2ccccc2C(=O)N1C[C@@H]1c2ccccc2CCN1C(=O)[C@@H]1CCCC[C@@H]1c1nnn[nH]1,O=C1c2ccccc2C(=O)N1C[C@@H]1c2ccccc2CCN1C(=O)[C@@H]1CCCC[C@@H]1c1nnn[nH]1,Polycyclic_Hetero,2.3736932274034905e-13,-2.0366586377312175e-13,-1.30933515395957e-13,1,87,0.011494252873563218,3.832309551498157,0.9520434103481434
KEAP1,KEAP1_SCAF_7,2,O=C1c2ccccc2CN1C[C@@H]1c2ccccc2CCN1C(=O)C1CCCCC1,O=C1c2ccccc2CN1C[C@@H]1c2ccccc2CCN1C(=O)C1CCCCC1,Polycyclic_Hetero,-1.8340105262930657e-14,6.244517573593424e-15,0.042928086029177456,1,87,0.022988505747126436,3.832309551498157,0.9520434103481434
KEAP1,KEAP1_SCAF_8,1,O=S(=O)(Nc1ccc(N2CCCC2)c2ccccc12)c1ccccc1,O=S(=O)(Nc1ccc(N2CCCC2)c2ccccc12)c1ccccc1,Polycyclic_Hetero,2.987832203871221e-13,1.1305277701644122e-13,0.02090801265359422,1,87,0.011494252873563218,3.832309551498157,0.9520434103481434
KEAP1,KEAP1_SCAF_9,1,C1=CC[C@@H]2CCc3cncnc3C2C1,C1=CC[C@@H]2CCc3cncnc3C2C1,Polycyclic_Hetero,1.4619258184974828e-14,-1.9000674050013393e-14,-1.8318679906315083e-14,1,87,0.011494252873563218,3.832309551498157,0.9520434103481434
MDM2,MDM2_SCAF_1,1,O=C(N1CCNCC1)N1C(c2ccccc2)=N[C@@H](c2ccccc2)[C@H]1c1ccccc1,O=C(N1CCNCC1)N1C(c2ccccc2)=N[C@@H](c2ccccc2)[C@H]1c1ccccc1,Polycyclic_Hetero,6.248413092978074e-15,-2.2779049601738958e-14,-2.052938715710377e-15,1,97,0.010309278350515464,4.229819073997704,0.9766981112991004
MDM2,MDM2_SCAF_10,1,O=C(NCCN1CCOCC1)[C@@H]1NC[C@@]2(C(=O)Nc3ccccc32)[C@@H]1c1ccccc1,O=C(NCCN1CCOCC1)[C@@H]1NC[C@@]2(C(=O)Nc3ccccc32)[C@@H]1c1ccccc1,Polycyclic_Hetero,8.015396256326821e-13,5.362014975156048e-13,-0.16841759680960278,1,97,0.010309278350515464,4.229819073997704,0.9766981112991004
MDM2,MDM2_SCAF_11,3,c1ccc(CNCc2c[nH]c3ccccc23)cc1,c1ccc(CNCc2c[nH]c3ccccc23)cc1,Polycyclic_Hetero,-8.01972867199819e-15,1.6424770040778052e-15,-0.012421341158843694,1,97,0.030927835051546393,4.229819073997704,0.9766981112991004
MDM2,MDM2_SCAF_12,1,O=C1N/C(=C\c2c[nH]c3ccccc23)C(=O)N1Cc1ccccc1,O=C1N/C(=C\c2c[nH]c3ccccc23)C(=O)N1Cc1ccccc1,Polycyclic_Hetero,1.916188005988937e-13,0.03498104931944776,-1.8668684831642425e-13,1,97,0.010309278350515464,4.229819073997704,0.9766981112991004
MDM2,MDM2_SCAF_13,1,CCCCCCC[C@](C)(C(=O)O)N,,Acyclic,1.0971615772766253e-14,-8.722597807441027e-14,-0.012421341158775481,1,97,0.010309278350515464,4.229819073997704,0.9766981112991004
MDM2,MDM2_SCAF_14,1,O=C(C1=CN2C(=NC(c3ccccc3)[C@H]2c2ccccc2)S1)N1CCCC1,O=C(C1=CN2C(=NC(c3ccccc3)[C@H]2c2ccccc2)S1)N1CCCC1,Polycyclic_Hetero,1.3507713466272738e-14,-8.995119464098403e-15,-0.0728241762358936,1,97,0.010309278350515464,4.229819073997704,0.9766981112991004
MDM2,MDM2_SCAF_15,1,O=C([C@@H]1CCCN1C(=O)C1=CN2C(=NC(c3ccccc3)[C@H]2c2ccccc2)S1)N1CCNCC1,O=C([C@@H]1CCCN1C(=O)C1=CN2C(=NC(c3ccccc3)[C@H]2c2ccccc2)S1)N1CCNCC1,Polycyclic_Hetero,-5.3235194030776256e-14,-1.250353987014563e-13,-0.01384255572172853,1,97,0.010309278350515464,4.229819073997704,0.9766981112991004
MDM2,MDM2_SCAF_16,1,O=C(NCCN1CCOCC1)c1[nH]c2ccccc2c1-c1c(-c2ccccc2)ncn1Cc1ccccc1,O=C(NCCN1CCOCC1)c1[nH]c2ccccc2c1-c1c(-c2ccccc2)ncn1Cc1ccccc1,Polycyclic_Hetero,3.449736470719327e-15,5.6573103689594936e-15,7.803741549901463e-16,1,97,0.010309278350515464,4.229819073997704,0.9766981112991004
MDM2,MDM2_SCAF_17,4,O=C1CC[C@H](c2ccccc2)[C@@H](c2ccccc2)N1,O=C1CC[C@H](c2ccccc2)[C@@H](c2ccccc2)N1,Polycyclic_Hetero,-7.697546304067751e-15,-2.282125106173933e-15,-3.669903886955379e-15,1,97,0.041237113402061855,4.229819073997704,0.9766981112991004
MDM2,MDM2_SCAF_18,2,O=C1CN(C(=O)N2C(c3ccccc3)=N[C@@H](c3ccccc3)[C@H]2c2ccccc2)CCN1,O=C1CN(C(=O)N2C(c3ccccc3)=N[C@@H](c3ccccc3)[C@H]2c2ccccc2)CCN1,Polycyclic_Hetero,2.0301221021717147e-15,-8.78364841178885e-15,-1.646302142229875e-14,1,97,0.020618556701030927,4.229819073997704,0.9766981112991004
MDM2,MDM2_SCAF_19,1,C1=N[C@@H](c2ccccc2)[C@@H](c2ccccc2)N1,C1=N[C@@H](c2ccccc2)[C@@H](c2ccccc2)N1,Polycyclic_Hetero,-6.4249680844436475e-15,4.530426213389752e-16,-0.14717742934592112,1,97,0.010309278350515464,4.229819073997704,0.9766981112991004
MDM2,MDM2_SCAF_2,1,O=C1Nc2ccccc2C(=O)N(Cc2ccccc2)[C@H]1c1ccccc1,O=C1Nc2ccccc2C(=O)N(Cc2ccccc2)[C@H]1c1ccccc1,Polycyclic_Hetero,-3.3912266934004783e-15,1.2313382636751737e-15,-3.694014791025521e-15,1,97,0.010309278350515464,4.229819073997704,0.9766981112991004
MDM2,MDM2_SCAF_20,1,c1ccc(C2=NC(c3ccccc3)C(c3ccccc3)N2)cc1,c1ccc(C2=NC(c3ccccc3)C(c3ccccc3)N2)cc1,Polycyclic_Hetero,-1.7720242617431768e-14,6.618012371180201e-15,4.473386430928679e-15,1,97,0.010309278350515464,4.229819073997704,0.9766981112991004
MDM2,MDM2_SCAF_21,1,O=C(N1CCNCC1)N1C=NC(c2ccccc2)C1c1ccccc1,O=C(N1CCNCC1)N1C=NC(c2ccccc2)C1c1ccccc1,Polycyclic_Hetero,4.0853845129557625e-15,1.3700624559204059e-14,0.10261274895655054,1,97,0.010309278350515464,4.229819073997704,0.9766981112991004
MDM2,MDM2_SCAF_22,2,c1ccc(C2CNC[C@@H]2c2ccccc2)cc1,c1ccc(C2CNC[C@@H]2c2ccccc2)cc1,Polycyclic_Hetero,1.333573774285041e-14,1.7704791880934114e-14,-0.012421341158830286,1,97,0.020618556701030927,4.229819073997704,0.9766981112991004
MDM2,MDM2_SCAF_23,3,O=C1N[C@H](c2ccccc2)[C@H](c2ccccc2)O[C@H]1Cc1ccccc1,O=C1N[C@H](c2ccccc2)[C@H](c2ccccc2)O[C@H]1Cc1ccccc1,Polycyclic_Hetero,-1.6289570165563998e-14,-5.86953653529487e-14,7.796803244402064e-14,1,97,0.030927835051546393,4.229819073997704,0.9766981112991004
MDM2,MDM2_SCAF_24,1,O=C1Nc2ccccc2[C@]12CNC[C@@H]2c1ccccc1,O=C1Nc2ccccc2[C@]12CNC[C@@H]2c1ccccc1,Polycyclic_Hetero,1.6332614273374525e-14,6.652086289212396e-15,-2.6460315420232896e-15,1,97,0.010309278350515464,4.229819073997704,0.9766981112991004
MDM2,MDM2_SCAF_25,1,O=C1CO[C@@H](c2ccccc2)[C@@H](c2ccccc2)N1,O=C1CO[C@@H](c2ccccc2)[C@@H](c2ccccc2)N1,Polycyclic_Hetero,3.0694401269048447e-15,4.866695282062745e-14,1.996442227223002e-14,1,97,0.010309278350515464,4.229819073997704,0.9766981112991004
MDM2,MDM2_SCAF_26,1,O=C1Nc2ccccc2[C@]1(Cc1ccccc1)[C@H]1CCCNC1,O=C1Nc2ccccc2[C@]1(Cc1ccccc1)[C@H]1CCCNC1,Polycyclic_Hetero,1.5552990993859972e-14,-1.5498713423767185e-14,-4.791229141826787e-15,1,97,0.010309278350515464,4.229819073997704,0.9766981112991004
MDM2,MDM2_SCAF_27,1,O=C(Nc1ccccc1)[C@@H]1NC[C@@]2(C(=O)Nc3ccccc32)[C@H]1c1ccccc1,O=C(Nc1ccccc1)[C@@H]1NC[C@@]2(C(=O)Nc3ccccc32)[C@H]1c1ccccc1,Polycyclic_Hetero,8.586464872450961e-15,-5.160316618457727e-15,-1.0098588631990423e-14,1,97,0.010309278350515464,4.229819073997704,0.9766981112991004
MDM2,MDM2_SCAF_28,1,O=C(Nc1ccccc1)[C@@H]1NC[C@@]2(C(=O)Nc3ccsc32)[C@H]1c1ccccc1,O=C(Nc1ccccc1)[C@@H]1NC[C@@]2(C(=O)Nc3ccsc32)[C@H]1c1ccccc1,Polycyclic_Hetero,-5.717170047074176e-10,-7.030988604567072e-10,0.10261274726990642,1,97,0.010309278350515464,4.229819073997704,0.9766981112991004
MDM2,MDM2_SCAF_29,1,c1ccc(COc2ccc(CNCc3c[nH]c4ccccc34)cc2)cc1,c1ccc(COc2ccc(CNCc3c[nH]c4ccccc34)cc2)cc1,Polycyclic_Hetero,-4.311366078961025e-15,-0.07282417623589707,7.887209404107883e-15,1,97,0.010309278350515464,4.229819073997704,0.9766981112991004
MDM2,MDM2_SCAF_3,2,c1ccc2[nH]ccc2c1,c1ccc2[nH]ccc2c1,Bicyclic_Hetero,-1.1310397063368782e-15,9.43689570931383e-16,-2.8449465006019636e-16,1,97,0.020618556701030927,4.229819073997704,0.9766981112991004
MDM2,MDM2_SCAF_30,1,O=C(Cc1c[nH]c2ccccc12)NCc1ccccc1,O=C(Cc1c[nH]c2ccccc12)NCc1ccccc1,Polycyclic_Hetero,5.035478207244321e-14,1.8107737531636303e-13,0.02185897562217253,1,97,0.010309278350515464,4.229819073997704,0.9766981112991004
MDM2,MDM2_SCAF_31,1,O=C1CO[C@H](c2ccccc2)[C@@H](c2ccccc2)N1CC1CC1,O=C1CO[C@H](c2ccccc2)[C@@H](c2ccccc2)N1CC1CC1,Polycyclic_Hetero,-2.7856504981503927e-15,1.028470238266395e-14,-0.2134436980523138,1,97,0.010309278350515464,4.229819073997704,0.9766981112991004
MDM2,MDM2_SCAF_32,2,O=C1CO[C@H](c2ccccc2)[C@@H](c2ccccc2)N1,O=C1CO[C@H](c2ccccc2)[C@@H](c2ccccc2)N1,Polycyclic_Hetero,-1.3753704058003409e-14,4.89804275569922e-15,7.131550252298064e-15,1,97,0.020618556701030927,4.229819073997704,0.9766981112991004
MDM2,MDM2_SCAF_33,1,O=C1C(Cc2nccs2)C[C@H](c2ccccc2)[C@@H](c2ccccc2)N1CC1CC1,O=C1C(Cc2nccs2)C[C@H](c2ccccc2)[C@@H](c2ccccc2)N1CC1CC1,Polycyclic_Hetero,-1.1106267420886565e-14,-3.128002907198441e-14,2.5510906518568597e-14,1,97,0.010309278350515464,4.229819073997704,0.9766981112991004
MDM2,MDM2_SCAF_34,2,O=C1C(Cc2ccccn2)O[C@H](c2ccccc2)[C@@H](c2ccccc2)N1CC1CC1,O=C1C(Cc2ccccn2)O[C@H](c2ccccc2)[C@@H](c2ccccc2)N1CC1CC1,Polycyclic_Hetero,1.8080774972466834e-15,-7.303681469141209e-15,2.1879323749577193e-14,1,97,0.020618556701030927,4.229819073997704,0.9766981112991004
MDM2,MDM2_SCAF_35,1,O=C1C(Cc2ccccn2)C[C@H](c2ccccc2)[C@@H](c2ccccc2)N1CC1CC1,O=C1C(Cc2ccccn2)C[C@H](c2ccccc2)[C@@H](c2ccccc2)N1CC1CC1,Polycyclic_Hetero,6.155995253783627e-15,1.4624317082993441e-15,2.85021048908079e-15,1,97,0.010309278350515464,4.229819073997704,0.9766981112991004
MDM2,MDM2_SCAF_36,1,c1ccc(-c2cnc(-c3ccccc3)n2-c2ccccc2)cc1,c1ccc(-c2cnc(-c3ccccc3)n2-c2ccccc2)cc1,Polycyclic_Hetero,8.263475374056165e-13,-2.2276568054589683e-12,-1.2751964726330466e-12,1,97,0.010309278350515464,4.229819073997704,0.9766981112991004
MDM2,MDM2_SCAF_37,1,O=C1CC[C@H](c2ccccc2)[C@@H](c2ccccc2)N1Cc1cccc(C2CC2)n1,O=C1CC[C@H](c2ccccc2)[C@@H](c2ccccc2)N1Cc1cccc(C2CC2)n1,Polycyclic_Hetero,8.599181972551212e-15,-7.105427357601002e-15,-0.09021574116500843,1,97,0.010309278350515464,4.229819073997704,0.9766981112991004
MDM2,MDM2_SCAF_38,1,O=C1CC[C@H](c2ccccc2)[C@@H](c2ccccc2)N1[C@H](CS(=O)(=O)N1CCCC1)C1CC1,O=C1CC[C@H](c2ccccc2)[C@@H](c2ccccc2)N1[C@H](CS(=O)(=O)N1CCCC1)C1CC1,Polycyclic_Hetero,-6.267208974009009e-14,-1.2628786905111156e-14,0.03985894003634852,1,97,0.010309278350515464,4.229819073997704,0.9766981112991004
MDM2,MDM2_SCAF_39,1,O=C1NC(Cc2ccccc2)C(c2c[nH]c3ccccc23)=C1Cc1ccccc1,O=C1NC(Cc2ccccc2)C(c2c[nH]c3ccccc23)=C1Cc1ccccc1,Polycyclic_Hetero,1.785064470965938e-15,-3.028078876967829e-15,-2.1758194374761646e-15,1,97,0.010309278350515464,4.229819073997704,0.9766981112991004
MDM2,MDM2_SCAF_4,1,C1COCCN1,C1COCCN1,Monocyclic_Hetero,-2.220446049250313e-16,2.627527824946204e-16,0.08968732191531041,1,97,0.010309278350515464,4.229819073997704,0.9766981112991004
MDM2,MDM2_SCAF_40,1,O=C1OC(Cc2ccccc2)C(c2c[nH]c3ccccc23)=C1Cc1ccccc1,O=C1OC(Cc2ccccc2)C(c2c[nH]c3ccccc23)=C1Cc1ccccc1,Polycyclic_Hetero,1.06403774680075e-14,3.4372504842394847e-15,1.4654943925052066e-15,1,97,0.010309278350515464,4.229819073997704,0.9766981112991004
MDM2,MDM2_SCAF_41,1,O=C1Cc2ccccc2[C@H](c2ccccc2)N1c1ccccc1OCc1nnn[nH]1,O=C1Cc2ccccc2[C@H](c2ccccc2)N1c1ccccc1OCc1nnn[nH]1,Polycyclic_Hetero,-1.9213655609839445e-15,1.1344666702649304e-14,-2.3690799888735993e-14,1,97,0.010309278350515464,4.229819073997704,0.9766981112991004
MDM2,MDM2_SCAF_42,1,O=C1CN(C2CCC(CNc3ccc(N4C(=O)Cc5ccccc5[C@@H]4c4ccccc4)cc3)CC2)CCN1,O=C1CN(C2CCC(CNc3ccc(N4C(=O)Cc5ccccc5[C@@H]4c4ccccc4)cc3)CC2)CCN1,Polycyclic_Hetero,-1.50030138462859e-14,-0.01584496768407449,-1.260853283641867e-14,1,97,0.010309278350515464,4.229819073997704,0.9766981112991004
MDM2,MDM2_SCAF_43,1,O=C1Cc2ccccc2[C@H](c2ccccc2)N1c1ccc(NCc2ccncc2)cc1,O=C1Cc2ccccc2[C@H](c2ccccc2)N1c1ccc(NCc2ccncc2)cc1,Polycyclic_Hetero,-3.597122599785507e-14,1.7981501061799295e-14,-0.1079046173439832,1,97,0.010309278350515464,4.229819073997704,0.9766981112991004
MDM2,MDM2_SCAF_44,1,CC(C)C[C@@H](C(=O)O)NC(=O)C,,Acyclic,-1.0888409515583017e-14,-8.15808326243078e-15,-0.044837908343668395,1,97,0.010309278350515464,4.229819073997704,0.9766981112991004
MDM2,MDM2_SCAF_45,2,c1ccc2c(c1)-c1nn[nH]c1-c1ccccc1-c1nn[nH]c1-2,c1ccc2c(c1)-c1nn[nH]c1-c1ccccc1-c1nn[nH]c1-2,Polycyclic_Hetero,-3.3306690738754696e-16,-3.382016888764383e-14,5.731526364627371e-15,1,97,0.020618556701030927,4.229819073997704,0.9766981112991004
MDM2,MDM2_SCAF_46,1,O=C1Nc2ccccc2[C@]12NCC[C@@H]2c1ccccc1,O=C1Nc2ccccc2[C@]12NCC[C@@H]2c1ccccc1,Polycyclic_Hetero,1.7925784313711624e-13,-7.39200367583237e-13,3.3096981945214386e-14,1,97,0.010309278350515464,4.229819073997704,0.9766981112991004
MDM2,MDM2_SCAF_47,1,O=C1Nc2ccccc2[C@@]12[C@@H](c1ccccc1)[C@@H]1NCC[C@@H]1N2CC1CC1,O=C1Nc2ccccc2[C@@]12[C@@H](c1ccccc1)[C@@H]1NCC[C@@H]1N2CC1CC1,Polycyclic_Hetero,3.240997214194207e-14,2.7413968531128867e-15,-1.1887926540601677e-14,1,97,0.010309278350515464,4.229819073997704,0.9766981112991004
MDM2,MDM2_SCAF_48,1,O=C1Nc2ccccc2[C@@]12[C@@H](c1ccccc1)CCN2Cc1ccccc1,O=C1Nc2ccccc2[C@@]12[C@@H](c1ccccc1)CCN2Cc1ccccc1,Polycyclic_Hetero,5.863790179040623e-15,-1.7908577115586197e-14,-2.1157678783570842e-14,1,97,0.010309278350515464,4.229819073997704,0.9766981112991004
MDM2,MDM2_SCAF_49,1,O=C1Nc2ccccc2[C@@]12[C@@H](c1ccccc1)[C@@H]1N[C@@H](c3ccccc3)C[C@@H]1N2CC1CC1,O=C1Nc2ccccc2[C@@]12[C@@H](c1ccccc1)[C@@H]1N[C@@H](c3ccccc3)C[C@@H]1N2CC1CC1,Polycyclic_Hetero,-7.628306588553495e-16,6.303201688194437e-15,-1.803933346786101e-14,1,97,0.010309278350515464,4.229819073997704,0.9766981112991004
MDM2,MDM2_SCAF_5,3,c1ccccc1,c1ccccc1,Monocyclic,6.291263806209221e-16,6.291263806209221e-16,-5.169475958410885e-16,1,97,0.030927835051546393,4.229819073997704,0.9766981112991004
MDM2,MDM2_SCAF_50,1,O=C1c2nn(-c3ccccc3)cc2[C@H](c2ccccc2)N1c1ccccc1,O=C1c2nn(-c3ccccc3)cc2[C@H](c2ccccc2)N1c1ccccc1,Polycyclic_Hetero,2.1901672394878087e-15,-5.329070518200751e-15,8.137430123673023e-15,1,97,0.010309278350515464,4.229819073997704,0.9766981112991004
MDM2,MDM2_SCAF_51,1,O=C1c2nc(-c3cncnc3)[nH]c2[C@H](c2ccccc2)N1c1ccc[nH]c1=O,O=C1c2nc(-c3cncnc3)[nH]c2[C@H](c2ccccc2)N1c1ccc[nH]c1=O,Polycyclic_Hetero,-1.6346712343528496e-14,3.4623098039381665e-14,1.6811948658609512e-14,1,97,0.010309278350515464,4.229819073997704,0.9766981112991004
MDM2,MDM2_SCAF_52,1,O=C(NC1CCCCC1)[C@@H]1NC[C@@]2(C(=O)Nc3ccccc32)[C@H]1c1ccccc1,O=C(NC1CCCCC1)[C@@H]1NC[C@@]2(C(=O)Nc3ccccc32)[C@H]1c1ccccc1,Polycyclic_Hetero,2.925239415775747e-14,1.9500274411094713e-14,-0.08943467515733847,1,97,0.010309278350515464,4.229819073997704,0.9766981112991004
MDM2,MDM2_SCAF_53,1,C(CCNCS)C[C@@H](C(=O)O)N,,Acyclic,8.088767750840426e-16,2.2105333436733028e-16,0.017250586283895173,1,97,0.010309278350515464,4.229819073997704,0.9766981112991004
MDM2,MDM2_SCAF_54,1,O=C1NC=N/C1=C\c1ccccc1,O=C1NC=N/C1=C\c1ccccc1,Bicyclic_Hetero,-2.370590496390096e-14,4.187126835729162e-15,-6.3652786745175644e-15,1,97,0.010309278350515464,4.229819073997704,0.9766981112991004
MDM2,MDM2_SCAF_55,1,C[C@H]([C@@H](C(=O)O)NC(=O)C)O,,Acyclic,-1.887379141862766e-15,1.1304088978001594e-15,-0.027459946190269712,1,97,0.010309278350515464,4.229819073997704,0.9766981112991004
MDM2,MDM2_SCAF_56,1,O=C1c2nc(-c3cncnc3)[nH]c2[C@H](c2ccccc2)N1c1ccccc1,O=C1c2nc(-c3cncnc3)[nH]c2[C@H](c2ccccc2)N1c1ccccc1,Polycyclic_Hetero,-1.6071799975526076e-15,1.0679288141632458e-15,-3.0663302584885275e-16,1,97,0.010309278350515464,4.229819073997704,0.9766981112991004
MDM2,MDM2_SCAF_57,1,O=C1N=C[C@H]2[C@@H]1[C@H](c1ccccc1)[C@]1(C(=O)Nc3ccccc31)N2CC1CC1,O=C1N=C[C@H]2[C@@H]1[C@H](c1ccccc1)[C@]1(C(=O)Nc3ccccc31)N2CC1CC1,Polycyclic_Hetero,-1.4609628699557163e-14,3.2377728616109155e-15,1.1192860697241373e-15,1,97,0.010309278350515464,4.229819073997704,0.9766981112991004
MDM2,MDM2_SCAF_58,1,O=C1c2nn(-c3cncnc3)cc2[C@H](c2ccccc2)N1c1ccc[nH]c1=O,O=C1c2nn(-c3cncnc3)cc2[C@H](c2ccccc2)N1c1ccc[nH]c1=O,Polycyclic_Hetero,-3.8931820730188825e-14,5.743025103096703e-14,2.7064593952207445e-13,1,97,0.010309278350515464,4.229819073997704,0.9766981112991004
MDM2,MDM2_SCAF_59,1,O=C1c2[nH]ncc2[C@H](c2ccccc2)N1c1ccccc1,O=C1c2[nH]ncc2[C@H](c2ccccc2)N1c1ccccc1,Polycyclic_Hetero,1.2147146034134065e-14,6.922567094721564e-15,-1.1755302613678128e-16,1,97,0.010309278350515464,4.229819073997704,0.9766981112991004
MDM2,MDM2_SCAF_6,1,c1c[nH]cn1,c1c[nH]cn1,Monocyclic_Hetero,1.4802973661668753e-16,-8.388351741612294e-16,-0.27072953313139586,1,97,0.010309278350515464,4.229819073997704,0.9766981112991004
MDM2,MDM2_SCAF_60,1,c1ccc(-c2c(-c3nnn[nH]3)nc(C3CCCCC3)n2-c2ccccc2)cc1,c1ccc(-c2c(-c3nnn[nH]3)nc(C3CCCCC3)n2-c2ccccc2)cc1,Polycyclic_Hetero,1.7763568394002506e-16,-1.184607967275042e-15,0.1665000174627647,1,97,0.010309278350515464,4.229819073997704,0.9766981112991004
MDM2,MDM2_SCAF_61,1,O=C(NCCN1CCN(C2CCCCC2)CC1)c1[nH]c2ccccc2c1-c1c(-c2ccccc2)ncn1Cc1ccccc1,O=C(NCCN1CCN(C2CCCCC2)CC1)c1[nH]c2ccccc2c1-c1c(-c2ccccc2)ncn1Cc1ccccc1,Polycyclic_Hetero,-5.388622364858843e-13,-2.4015398455397844e-10,-0.06272796302237275,1,97,0.010309278350515464,4.229819073997704,0.9766981112991004
MDM2,MDM2_SCAF_62,1,O=C1c2nc(-c3cncnc3)[nH]c2[C@H](c2ccccc2)N1Cc1ccccc1,O=C1c2nc(-c3cncnc3)[nH]c2[C@H](c2ccccc2)N1Cc1ccccc1,Polycyclic_Hetero,-1.8592534919055955e-14,1.1437764315916058e-14,-1.3026616822268502e-15,1,97,0.010309278350515464,4.229819073997704,0.9766981112991004
MDM2,MDM2_SCAF_63,1,O=C(N[C@H]1CCN(c2ccccc2)C1)c1c[nH]c2ccccc12,O=C(N[C@H]1CCN(c2ccccc2)C1)c1c[nH]c2ccccc12,Polycyclic_Hetero,-6.407572884979475e-15,8.009466106224343e-15,-0.05387637305789072,1,97,0.010309278350515464,4.229819073997704,0.9766981112991004
MDM2,MDM2_SCAF_64,1,O=C(NCc1c[nH]nn1)c1cc(C2=C(c3csc(C(=O)NCc4c[nH]nn4)c3)CCC2)cs1,O=C(NCc1c[nH]nn1)c1cc(C2=C(c3csc(C(=O)NCc4c[nH]nn4)c3)CCC2)cs1,Polycyclic_Hetero,4.6716823281951105e-14,2.8056697426553188e-14,0.10047523945017832,1,97,0.010309278350515464,4.229819073997704,0.9766981112991004
MDM2,MDM2_SCAF_65,4,O=C1c2ccccc2[C@](OCC2CC2)(c2ccccc2)N1Cc1ccccn1,O=C1c2ccccc2[C@](OCC2CC2)(c2ccccc2)N1Cc1ccccn1,Polycyclic_Hetero,-1.4559908834144154e-13,9.50484135842089e-14,2.9951152669127626e-13,1,97,0.041237113402061855,4.229819073997704,0.9766981112991004
MDM2,MDM2_SCAF_66,2,O=C1c2ccccc2[C@](OCC2CC2)(c2ccccc2)N1Cc1ccccc1,O=C1c2ccccc2[C@](OCC2CC2)(c2ccccc2)N1Cc1ccccc1,Polycyclic_Hetero,-4.702121045471251e-16,9.565333274907721e-15,-3.9793876255191886e-15,1,97,0.020618556701030927,4.229819073997704,0.9766981112991004
MDM2,MDM2_SCAF_67,1,c1ccc(Cn2c(-c3ccc4sccc4c3)nc3ncnc(NCC4CC4)c32)cc1,c1ccc(Cn2c(-c3ccc4sccc4c3)nc3ncnc(NCC4CC4)c32)cc1,Polycyclic_Hetero,1.805962786723588e-14,2.7864421010200007e-15,-6.260787095729314e-15,1,97,0.010309278350515464,4.229819073997704,0.9766981112991004
MDM2,MDM2_SCAF_68,1,O=c1[nH]c(-c2cc3nc(N4CCO[C@@H]5CCC[C@H]54)n(CC4CCCCC4)c3c(-c3cccnc3)n2)no1,O=c1[nH]c(-c2cc3nc(N4CCO[C@@H]5CCC[C@H]54)n(CC4CCCCC4)c3c(-c3cccnc3)n2)no1,Polycyclic_Hetero,-2.8036396733622336e-14,-1.626150194892141e-14,-3.936801864893248e-15,1,97,0.010309278350515464,4.229819073997704,0.9766981112991004
MDM2,MDM2_SCAF_69,1,O=c1[nH]c(-c2cc3ncn(CC4CCCCC4)c3c(-c3cccnc3)n2)no1,O=c1[nH]c(-c2cc3ncn(CC4CCCCC4)c3c(-c3cccnc3)n2)no1,Polycyclic_Hetero,1.841119849170051e-15,9.64968845570032e-15,-0.07282417623590012,1,97,0.010309278350515464,4.229819073997704,0.9766981112991004
MDM2,MDM2_SCAF_7,1,C1=NN2C(=NC3=C([C@@H]2c2ccccc2)[C@@H](c2ccccc2)Oc2ccccc23)N1,C1=NN2C(=NC3=C([C@@H]2c2ccccc2)[C@@H](c2ccccc2)Oc2ccccc23)N1,Polycyclic_Hetero,-1.2330562103283654e-15,-3.599957211763274e-15,-1.2207728917580445e-14,1,97,0.010309278350515464,4.229819073997704,0.9766981112991004
MDM2,MDM2_SCAF_70,1,O=c1[nH]c(-c2cc3nc(CC4CC4)n(CC4CCCCC4)c3c(-c3cccnc3)n2)no1,O=c1[nH]c(-c2cc3nc(CC4CC4)n(CC4CCCCC4)c3c(-c3cccnc3)n2)no1,Polycyclic_Hetero,-1.5644573759071388e-14,-9.693395511554815e-15,-4.9247962030269015e-14,1,97,0.010309278350515464,4.229819073997704,0.9766981112991004
MDM2,MDM2_SCAF_71,1,c1ccc(-c2ccccc2)cc1,c1ccc(-c2ccccc2)cc1,Bicyclic,1.312081756375185e-15,3.3306690738754696e-16,-3.2802043909379627e-17,1,97,0.010309278350515464,4.229819073997704,0.9766981112991004
MDM2,MDM2_SCAF_72,1,C([C@@H](C(=O)O)N)SCC(=O)O,,Acyclic,7.105427357601002e-16,-3.730349362740526e-15,3.1086244689504383e-15,1,97,0.010309278350515464,4.229819073997704,0.9766981112991004
MDM2,MDM2_SCAF_73,1,C=C1C(=O)NCCN1C(=O)N1C(c2ccccc2)=N[C@@H](c2ccccc2)[C@H]1c1ccccc1,C=C1C(=O)NCCN1C(=O)N1C(c2ccccc2)=N[C@@H](c2ccccc2)[C@H]1c1ccccc1,Polycyclic_Hetero,1.637676349306722e-14,-1.08422043273262e-14,-3.243409439659317e-14,1,97,0.010309278350515464,4.229819073997704,0.9766981112991004
MDM2,MDM2_SCAF_74,1,CC(C)C[C@@H](CNC(=O)O)N,,Acyclic,-9.089437021977439e-15,-4.934324553889585e-16,-0.029506335614333214,1,97,0.010309278350515464,4.229819073997704,0.9766981112991004
MDM2,MDM2_SCAF_75,1,C(CCNC(=N)N)C[C@@H](C(=O)O)N,,Acyclic,-1.0259992089639377e-15,1.1867901297717191e-15,-0.060058621681381756,1,97,0.010309278350515464,4.229819073997704,0.9766981112991004
MDM2,MDM2_SCAF_76,1,O=C(NCCc1c[nH]cn1)C1CC=CC1,O=C(NCCc1c[nH]cn1)C1CC=CC1,Bicyclic_Hetero,-8.541315802782871e-15,1.4358884451818692e-15,-0.015115760994870771,1,97,0.010309278350515464,4.229819073997704,0.9766981112991004
MDM2,MDM2_SCAF_8,2,O=C(c1[nH]c2ccccc2c1-c1c(-c2ccccc2)ncn1Cc1ccccc1)N1CCCC1,O=C(c1[nH]c2ccccc2c1-c1c(-c2ccccc2)ncn1Cc1ccccc1)N1CCCC1,Polycyclic_Hetero,3.4861002973229915e-14,2.7348493839933024e-14,0.06831082829113409,1,97,0.020618556701030927,4.229819073997704,0.9766981112991004
MDM2,MDM2_SCAF_9,2,c1ccc(Cn2cnc(-c3ccccc3)c2-c2c[nH]c3ccccc23)cc1,c1ccc(Cn2cnc(-c3ccccc3)c2-c2c[nH]c3ccccc23)cc1,Polycyclic_Hetero,-1.0947764434129804e-14,1.2149701534702257e-14,0.13962919099869667,1,97,0.020618556701030927,4.229819073997704,0.9766981112991004
PARKIN,PARKIN_SCAF_1,1,c1cc2c(cn1)ncn2[C@H]1CCCO1,c1cc2c(cn1)ncn2[C@H]1CCCO1,Polycyclic_Hetero,5.027089855502709e-15,-4.796163466380677e-16,5.329070518200751e-17,1,31,0.03225806451612903,2.994588138569431,0.9303211125555135
PARKIN,PARKIN_SCAF_10,1,O=C(Oc1ccccc1)C1CC1,O=C(Oc1ccccc1)C1CC1,Bicyclic_Hetero,2.848226704992902e-14,-2.588838234694115e-14,-0.027459946190226372,1,31,0.03225806451612903,2.994588138569431,0.9303211125555135
PARKIN,PARKIN_SCAF_11,7,c1ccccc1,c1ccccc1,Monocyclic,6.291263806209221e-16,6.291263806209221e-16,-5.169475958410885e-16,1,31,0.22580645161290322,2.994588138569431,0.9303211125555135
PARKIN,PARKIN_SCAF_12,1,O=C(NC[PH](=O)NCCc1ccccc1)OCc1ccccc1,O=C(NC[PH](=O)NCCc1ccccc1)OCc1ccccc1,Bicyclic_Hetero,2.1397025565503018e-15,7.569702440626067e-17,-0.11577572275829615,1,31,0.03225806451612903,2.994588138569431,0.9303211125555135
PARKIN,PARKIN_SCAF_13,1,c1ccc(Cn2ccnn2)cc1,c1ccc(Cn2ccnn2)cc1,Bicyclic_Hetero,-5.540541570510305e-15,-1.2244173928723156e-14,-0.13989574169198155,1,31,0.03225806451612903,2.994588138569431,0.9303211125555135
PARKIN,PARKIN_SCAF_14,1,C([C@H]([C@H]([C@@H]([C@H](C=O)O)O)O)O)O,,Acyclic,-6.47630097698008e-15,-1.7486012637846216e-15,-0.07809611424937023,1,31,0.03225806451612903,2.994588138569431,0.9303211125555135
PARKIN,PARKIN_SCAF_15,1,c1cncc(Oc2ccco2)c1,c1cncc(Oc2ccco2)c1,Bicyclic_Hetero,7.765717893299121e-15,-1.975028328017384e-15,-0.1955578736821477,1,31,0.03225806451612903,2.994588138569431,0.9303211125555135
PARKIN,PARKIN_SCAF_16,1,O=C(CN1CCCCC1)Nc1ccc2c(c1)OCO2,O=C(CN1CCCCC1)Nc1ccc2c(c1)OCO2,Polycyclic_Hetero,6.073220004976532e-15,-1.49189969687467e-14,-0.05514579550844299,1,31,0.03225806451612903,2.994588138569431,0.9303211125555135
PARKIN,PARKIN_SCAF_17,1,c1cc(CNc2ccc3c(c2)OCCO3)ccn1,c1cc(CNc2ccc3c(c2)OCCO3)ccn1,Polycyclic_Hetero,4.013456234019941e-14,-8.666678485980128e-15,4.9682480351975755e-15,1,31,0.03225806451612903,2.994588138569431,0.9303211125555135
PARKIN,PARKIN_SCAF_18,1,O=C(Cc1cn2ccccc2n1)Nc1ccccc1,O=C(Cc1cn2ccccc2n1)Nc1ccccc1,Polycyclic_Hetero,-7.07489622442381e-14,1.1056433546485778e-13,-0.16047363594781783,1,31,0.03225806451612903,2.994588138569431,0.9303211125555135
PARKIN,PARKIN_SCAF_19,1,C(=O)[Fe](C#N)(C#N)[Ni],,Acyclic,3.5033704332616053e-15,7.820904417914991e-15,-2.861908241255959e-15,1,31,0.03225806451612903,2.994588138569431,0.9303211125555135
PARKIN,PARKIN_SCAF_2,1,O=C(Nc1ccccc1)OCc1ccccc1,O=C(Nc1ccccc1)OCc1ccccc1,Bicyclic_Hetero,-6.809367884367627e-16,-7.290464528371862e-15,0.020383537176108007,1,31,0.03225806451612903,2.994588138569431,0.9303211125555135
PARKIN,PARKIN_SCAF_20,1,c1ncc2[nH]cc(CN3CCCC3)c2n1,c1ncc2[nH]cc(CN3CCCC3)c2n1,Polycyclic_Hetero,2.8712664429960946e-15,-0.06005862168137783,-9.616828406408252e-15,1,31,0.03225806451612903,2.994588138569431,0.9303211125555135
PARKIN,PARKIN_SCAF_21,1,c1ncc2[nH]cc([C@H]3CCCN3)c2n1,c1ncc2[nH]cc([C@H]3CCCN3)c2n1,Polycyclic_Hetero,2.4424906541753444e-15,1.0034708107188915e-15,7.686159401251084e-16,1,31,0.03225806451612903,2.994588138569431,0.9303211125555135
PARKIN,PARKIN_SCAF_22,1,c1ncc2scc(CN3CCCC3)c2n1,c1ncc2scc(CN3CCCC3)c2n1,Polycyclic_Hetero,-1.5794056538810862e-11,-8.026975909355575e-12,0.1420566366473462,1,31,0.03225806451612903,2.994588138569431,0.9303211125555135
PARKIN,PARKIN_SCAF_23,1,c1ccc2[nH]ccc2c1,c1ccc2[nH]ccc2c1,Bicyclic_Hetero,-1.1310397063368782e-15,9.43689570931383e-16,-2.8449465006019636e-16,1,31,0.03225806451612903,2.994588138569431,0.9303211125555135
PARKIN,PARKIN_SCAF_24,1,C1CCOCC1,C1CCOCC1,Monocyclic_Hetero,-1.2628786905111156e-15,-8.881784197001252e-16,1.3565537582138631e-15,1,31,0.03225806451612903,2.994588138569431,0.9303211125555135
PARKIN,PARKIN_SCAF_25,1,O=c1[nH]cnc2c1ncn2[C@H]1CCCO1,O=c1[nH]cnc2c1ncn2[C@H]1CCCO1,Polycyclic_Hetero,1.2434497875801754e-16,-1.874056465567264e-15,-0.08647451539195554,1,31,0.03225806451612903,2.994588138569431,0.9303211125555135
PARKIN,PARKIN_SCAF_3,1,N=C1N[C@H]2CSC[C@H]2N1,N=C1N[C@H]2CSC[C@H]2N1,Bicyclic_Hetero,2.6028562021767557e-15,-3.1086244689504383e-15,3.454027187722709e-15,1,31,0.03225806451612903,2.994588138569431,0.9303211125555135
PARKIN,PARKIN_SCAF_4,1,c1ccc2[nH]c(-c3cscn3)nc2c1,c1ccc2[nH]c(-c3cscn3)nc2c1,Polycyclic_Hetero,4.123685520036296e-15,2.1548900230343515e-14,-0.13989574169192318,1,31,0.03225806451612903,2.994588138569431,0.9303211125555135
PARKIN,PARKIN_SCAF_5,1,c1ccn2ccnc2c1,c1ccn2ccnc2c1,Bicyclic_Hetero,3.789561257387201e-15,1.5395092608135505e-15,7.401486830834377e-18,1,31,0.03225806451612903,2.994588138569431,0.9303211125555135
PARKIN,PARKIN_SCAF_6,1,c1ccncc1,c1ccncc1,Monocyclic_Hetero,1.574498107650222e-15,7.468773074751053e-16,2.0236337857940353e-15,1,31,0.03225806451612903,2.994588138569431,0.9303211125555135
PARKIN,PARKIN_SCAF_7,1,O=c1[nH]c2c(c(=O)[nH]1)Nc1ccccc1N2,O=c1[nH]c2c(c(=O)[nH]1)Nc1ccccc1N2,Polycyclic_Hetero,-1.3473018996753203e-16,-1.7023419710919068e-15,-0.07809611424937087,1,31,0.03225806451612903,2.994588138569431,0.9303211125555135
PARKIN,PARKIN_SCAF_8,1,C(COCCOCCO)O,,Acyclic,2.868076146948321e-15,-7.771561172376096e-16,-0.0712952943561865,1,31,0.03225806451612903,2.994588138569431,0.9303211125555135
PARKIN,PARKIN_SCAF_9,1,O=c1[nH]cnc2[nH]ccc12,O=c1[nH]cnc2[nH]ccc12,Bicyclic_Hetero,3.2122452845821196e-15,-2.0724163126336256e-16,-1.2619535046572613e-15,1,31,0.03225806451612903,2.994588138569431,0.9303211125555135
RNF4,RNF4_SCAF_1,1,C1CCOC1,C1CCOC1,Monocyclic_Hetero,2.083803215450294e-15,3.3989904907754794e-15,-1.389913825059571e-15,1,1,1.0,-0.0,0.0
SOCS2,SOCS2_SCAF_1,5,O=C(Cc1ccccc1)N[C@@H](Cc1ccccc1)C(=O)NCc1ccccc1,O=C(Cc1ccccc1)N[C@@H](Cc1ccccc1)C(=O)NCc1ccccc1,Polycyclic_Hetero,-4.492133161175633e-15,-4.594615286525648e-15,2.036832241331537e-14,1,5,1.0,-0.0,0.0
TRIM21,TRIM21_SCAF_1,1,[BH2-]1OC2OCC[C@H]2O1,[BH2-]1OC2OCC[C@H]2O1,Bicyclic_Hetero,4.250072516143177e-15,4.718447854656915e-16,-0.0784600561167666,1,74,0.013513513513513514,3.7223299286793123,0.9247216677356963
TRIM21,TRIM21_SCAF_10,2,c1ccc2[nH]cnc2c1,c1ccc2[nH]cnc2c1,Bicyclic_Hetero,7.197205794303348e-14,-1.4151642820555329e-14,5.924150059399836e-14,1,74,0.02702702702702703,3.7223299286793123,0.9247216677356963
TRIM21,TRIM21_SCAF_11,1,O=C(c1ccco1)N1CCN(C(=O)C2CC2)CC1,O=C(c1ccco1)N1CCN(C(=O)C2CC2)CC1,Polycyclic_Hetero,-3.9837414413020324e-16,-3.649041852995919e-16,0.06351987168849325,1,74,0.013513513513513514,3.7223299286793123,0.9247216677356963
TRIM21,TRIM21_SCAF_12,1,O=C(Nc1ccccc1)c1ccccc1,O=C(Nc1ccccc1)c1ccccc1,Bicyclic_Hetero,2.9890619893754215e-15,-3.26234765697546e-15,0.01564157881009992,1,74,0.013513513513513514,3.7223299286793123,0.9247216677356963
TRIM21,TRIM21_SCAF_13,1,c1ncc2cn[nH]c2n1,c1ncc2cn[nH]c2n1,Bicyclic_Hetero,-5.0182080713057076e-14,2.34000852882533e-15,9.247303777416304e-14,1,74,0.013513513513513514,3.7223299286793123,0.9247216677356963
TRIM21,TRIM21_SCAF_14,1,O=C(c1csnn1)N1CCOCC1,O=C(c1csnn1)N1CCOCC1,Bicyclic_Hetero,1.1870555043975111e-14,-8.286300938338669e-15,-0.027459946190264605,1,74,0.013513513513513514,3.7223299286793123,0.9247216677356963
TRIM21,TRIM21_SCAF_15,1,O=C(NC1CC1)c1ccc2c(c1)OCO2,O=C(NC1CC1)c1ccc2c(c1)OCO2,Polycyclic_Hetero,-8.779302071651238e-15,2.049642507000289e-16,3.4075306678879806e-15,1,74,0.013513513513513514,3.7223299286793123,0.9247216677356963
TRIM21,TRIM21_SCAF_16,1,c1ccc(-n2cnc3ccccc32)cc1,c1ccc(-n2cnc3ccccc32)cc1,Polycyclic_Hetero,1.865174681370263e-15,-1.3500311979441904e-15,-0.08647451539195497,1,74,0.013513513513513514,3.7223299286793123,0.9247216677356963
TRIM21,TRIM21_SCAF_17,2,c1ccc(-c2ccccc2)cc1,c1ccc(-c2ccccc2)cc1,Bicyclic,1.312081756375185e-15,3.3306690738754696e-16,-3.2802043909379627e-17,1,74,0.02702702702702703,3.7223299286793123,0.9247216677356963
TRIM21,TRIM21_SCAF_18,1,O=S1(=O)CCNCC1,O=S1(=O)CCNCC1,Monocyclic_Hetero,-1.240837498110469e-15,2.873518416676876e-16,-2.7755575615628914e-17,1,74,0.013513513513513514,3.7223299286793123,0.9247216677356963
TRIM21,TRIM21_SCAF_19,1,O=C(c1ccccc1)N1CCCCC1,O=C(c1ccccc1)N1CCCCC1,Bicyclic_Hetero,-4.655279992911001e-15,-4.2877578882075013e-16,-0.06005862168138288,1,74,0.013513513513513514,3.7223299286793123,0.9247216677356963
TRIM21,TRIM21_SCAF_2,13,c1ccccc1,c1ccccc1,Monocyclic,6.291263806209221e-16,6.291263806209221e-16,-5.169475958410885e-16,1,74,0.17567567567567569,3.7223299286793123,0.9247216677356963
TRIM21,TRIM21_SCAF_20,1,c1ccc(-c2nnco2)cc1,c1ccc(-c2nnco2)cc1,Bicyclic_Hetero,4.62636465084977e-13,-1.717188482911404e-13,8.518675960712083e-14,1,74,0.013513513513513514,3.7223299286793123,0.9247216677356963
TRIM21,TRIM21_SCAF_21,4,c1ccc(N2CCNCC2)cc1,c1ccc(N2CCNCC2)cc1,Bicyclic_Hetero,-9.223391281501301e-16,-5.6185825223145424e-14,0.01564157881024232,1,74,0.05405405405405406,3.7223299286793123,0.9247216677356963
TRIM21,TRIM21_SCAF_22,1,c1ccc(-n2ccnn2)cc1,c1ccc(-n2ccnn2)cc1,Bicyclic_Hetero,-3.20731096002823e-16,6.291263806209221e-16,-1.3322676295501878e-15,1,74,0.013513513513513514,3.7223299286793123,0.9247216677356963
TRIM21,TRIM21_SCAF_23,1,c1ccc2scnc2c1,c1ccc2scnc2c1,Bicyclic_Hetero,-1.7743742982848485e-15,2.5376526277146436e-15,8.624053851998984e-17,1,74,0.013513513513513514,3.7223299286793123,0.9247216677356963
TRIM21,TRIM21_SCAF_24,1,c1ccc(Cn2ccnc2)cc1,c1ccc(Cn2ccnc2)cc1,Bicyclic_Hetero,1.937843824800273e-15,-1.3524535027251907e-15,-1.5442192978877176e-15,1,74,0.013513513513513514,3.7223299286793123,0.9247216677356963
TRIM21,TRIM21_SCAF_25,2,c1ccc2c(c1)CCCN2,c1ccc2c(c1)CCCN2,Bicyclic_Hetero,-9.278292420081666e-16,-7.190015778524823e-16,-2.3922662792518253e-16,1,74,0.02702702702702703,3.7223299286793123,0.9247216677356963
TRIM21,TRIM21_SCAF_26,1,c1cc(N2CCNCC2)ncn1,c1cc(N2CCNCC2)ncn1,Bicyclic_Hetero,3.793262000802618e-15,-1.5173048003210472e-15,-3.5850951836854015e-17,1,74,0.013513513513513514,3.7223299286793123,0.9247216677356963
TRIM21,TRIM21_SCAF_27,1,c1nsc(N2CCCNCC2)n1,c1nsc(N2CCCNCC2)n1,Bicyclic_Hetero,1.1032841307212493e-15,-3.7007434154171886e-16,-4.903485025427775e-16,1,74,0.013513513513513514,3.7223299286793123,0.9247216677356963
TRIM21,TRIM21_SCAF_28,1,O=S(=O)(Nc1ccccn1)c1ccccc1,O=S(=O)(Nc1ccccn1)c1ccccc1,Bicyclic_Hetero,-2.862667368110404e-14,2.679053560191628e-14,0.01564157881008476,1,74,0.013513513513513514,3.7223299286793123,0.9247216677356963
TRIM21,TRIM21_SCAF_29,1,c1ccc2c(c1)CNC2,c1ccc2c(c1)CNC2,Bicyclic_Hetero,3.651400169878292e-15,-5.304398895431303e-16,5.181040781584064e-16,1,74,0.013513513513513514,3.7223299286793123,0.9247216677356963
TRIM21,TRIM21_SCAF_3,1,O=c1cccnn1Cc1ccno1,O=c1cccnn1Cc1ccno1,Bicyclic_Hetero,-1.1990408665951691e-15,1.740274591099933e-15,-1.454392162258955e-15,1,74,0.013513513513513514,3.7223299286793123,0.9247216677356963
TRIM21,TRIM21_SCAF_30,1,c1csc(-c2cnc[nH]2)n1,c1csc(-c2cnc[nH]2)n1,Bicyclic_Hetero,-1.1250259982868252e-15,4.588921835117314e-16,0.08968732191531101,1,74,0.013513513513513514,3.7223299286793123,0.9247216677356963
TRIM21,TRIM21_SCAF_31,1,C1CCNCC1,C1CCNCC1,Monocyclic_Hetero,-1.436759208338438e-16,2.3510605227356256e-16,9.07770590722922e-16,1,74,0.013513513513513514,3.7223299286793123,0.9247216677356963
TRIM21,TRIM21_SCAF_32,1,c1cnoc1,c1cnoc1,Monocyclic_Hetero,5.551115123125783e-16,1.3183898417423734e-16,-2.5283594662361963e-16,1,74,0.013513513513513514,3.7223299286793123,0.9247216677356963
TRIM21,TRIM21_SCAF_33,1,O=C1NCC[C@@H]1Oc1ccccc1,O=C1NCC[C@@H]1Oc1ccccc1,Bicyclic_Hetero,2.3314683517128287e-15,-2.3083387053664714e-15,-0.07809611424936888,1,74,0.013513513513513514,3.7223299286793123,0.9247216677356963
TRIM21,TRIM21_SCAF_34,1,O=C(c1ccco1)N1CCNCC1,O=C(c1ccco1)N1CCNCC1,Bicyclic_Hetero,1.7763568394002505e-15,-3.8191672047105384e-16,-0.08647451539195591,1,74,0.013513513513513514,3.7223299286793123,0.9247216677356963
TRIM21,TRIM21_SCAF_35,1,c1ccc(N2CCCC2)nc1,c1ccc(N2CCCC2)nc1,Bicyclic_Hetero,5.02013889395723e-15,-1.4288087621262885e-15,4.923597761381129e-16,1,74,0.013513513513513514,3.7223299286793123,0.9247216677356963
TRIM21,TRIM21_SCAF_36,1,O=C(NCc1cccnc1)C1CC1,O=C(NCc1cccnc1)C1CC1,Bicyclic_Hetero,1.63069557856943e-14,8.852918398360998e-15,-0.08647451539195279,1,74,0.013513513513513514,3.7223299286793123,0.9247216677356963
TRIM21,TRIM21_SCAF_37,1,O=S1(=O)CCN(Cc2ccco2)CC1,O=S1(=O)CCN(Cc2ccco2)CC1,Bicyclic_Hetero,9.210739167260558e-15,6.661338147750939e-16,-0.04483790834367327,1,74,0.013513513513513514,3.7223299286793123,0.9247216677356963
TRIM21,TRIM21_SCAF_38,1,O=C(Nc1cn[nH]c1)C1CCC1,O=C(Nc1cn[nH]c1)C1CCC1,Bicyclic_Hetero,-2.9348504303134573e-15,-1.6074098573920744e-15,-0.057264191556767645,1,74,0.013513513513513514,3.7223299286793123,0.9247216677356963
TRIM21,TRIM21_SCAF_39,1,C1CCCC2(CC1)CCCNC2,C1CCCC2(CC1)CCCNC2,Bicyclic_Hetero,-2.7385501274087196e-15,-2.889944176221241e-15,-0.0008872273866095361,1,74,0.013513513513513514,3.7223299286793123,0.9247216677356963
TRIM21,TRIM21_SCAF_4,1,c1cnc(N2CC[C@]3(CCOC3)C2)cn1,c1cnc(N2CC[C@]3(CCOC3)C2)cn1,Polycyclic_Hetero,-7.386683857172708e-15,2.773707189855183e-15,0.020383537176112482,1,74,0.013513513513513514,3.7223299286793123,0.9247216677356963
TRIM21,TRIM21_SCAF_40,1,c1nnc(N2CCCCC2)s1,c1nnc(N2CCCCC2)s1,Bicyclic_Hetero,-4.54182146437564e-16,-1.312081756375185e-15,-0.027459946190267263,1,74,0.013513513513513514,3.7223299286793123,0.9247216677356963
TRIM21,TRIM21_SCAF_41,1,O=C(c1ccc2c(c1)OCO2)N1CCCCCC1,O=C(c1ccc2c(c1)OCO2)N1CCCCCC1,Polycyclic_Hetero,6.426605279687335e-15,8.247371040072592e-17,0.07188841377294379,1,74,0.013513513513513514,3.7223299286793123,0.9247216677356963
TRIM21,TRIM21_SCAF_42,1,c1ccc(CN2CCOCC2)cc1,c1ccc(CN2CCOCC2)cc1,Bicyclic_Hetero,-1.8436046340346886e-13,-1.9857131811867086e-14,0.14205663664401372,1,74,0.013513513513513514,3.7223299286793123,0.9247216677356963
TRIM21,TRIM21_SCAF_43,1,O=C(c1cccs1)N1CCNCC1,O=C(c1cccs1)N1CCNCC1,Bicyclic_Hetero,3.552713678800501e-16,3.0642155479654322e-15,-0.08647451539195668,1,74,0.013513513513513514,3.7223299286793123,0.9247216677356963
TRIM21,TRIM21_SCAF_44,1,O=C(C1CC1)N1CCN(c2ccccc2)CC1,O=C(C1CC1)N1CCN(c2ccccc2)CC1,Polycyclic_Hetero,2.162714451969805e-14,0.0718884137729546,-9.09114053878771e-15,1,74,0.013513513513513514,3.7223299286793123,0.9247216677356963
TRIM21,TRIM21_SCAF_45,1,O=C(Nc1ccccc1)[C@@H]1CCCO1,O=C(Nc1ccccc1)[C@@H]1CCCO1,Bicyclic_Hetero,4.342205607422835e-15,3.2895497025930564e-15,-0.04483790834367302,1,74,0.013513513513513514,3.7223299286793123,0.9247216677356963
TRIM21,TRIM21_SCAF_46,1,C1C[C@@H]2CNC[C@@H]2C1,C1C[C@@H]2CNC[C@@H]2C1,Bicyclic_Hetero,-1.289973419088277e-15,2.019548549556237e-15,9.62193288008469e-16,1,74,0.013513513513513514,3.7223299286793123,0.9247216677356963
TRIM21,TRIM21_SCAF_47,1,c1ccc2[nH]ncc2c1,c1ccc2[nH]ncc2c1,Bicyclic_Hetero,-2.516505522483688e-16,-3.552713678800501e-16,-3.3306690738754695e-17,1,74,0.013513513513513514,3.7223299286793123,0.9247216677356963
TRIM21,TRIM21_SCAF_48,1,O=C(c1ccco1)N1CCCC1,O=C(c1ccco1)N1CCCC1,Bicyclic_Hetero,-3.629946584861382e-15,-4.489162664788677e-16,-0.05726419155676692,1,74,0.013513513513513514,3.7223299286793123,0.9247216677356963
TRIM21,TRIM21_SCAF_49,1,O=C(Nc1cn[nH]c1)c1ccon1,O=C(Nc1cn[nH]c1)c1ccon1,Bicyclic_Hetero,1.8231030720160467e-15,-1.9458119326325113e-15,0.06997952822642653,1,74,0.013513513513513514,3.7223299286793123,0.9247216677356963
TRIM21,TRIM21_SCAF_5,1,c1ccc(C(c2ccccc2)N2CCC2)cc1,c1ccc(C(c2ccccc2)N2CCC2)cc1,Polycyclic_Hetero,-7.080937143822506e-15,-6.321740516689126e-15,-6.471947161197236e-15,1,74,0.013513513513513514,3.7223299286793123,0.9247216677356963
TRIM21,TRIM21_SCAF_50,1,O=C(Nc1ccccc1)Nc1cccnc1,O=C(Nc1ccccc1)Nc1cccnc1,Bicyclic_Hetero,1.6020107051628186e-14,-2.2122221749938306e-15,-0.044837908343672614,1,74,0.013513513513513514,3.7223299286793123,0.9247216677356963
TRIM21,TRIM21_SCAF_51,1,O=C(NCCc1ccccc1)c1ccccn1,O=C(NCCc1ccccc1)c1ccccn1,Bicyclic_Hetero,1.025702820169822e-14,-2.557094321233425e-15,-0.1471774293459007,1,74,0.013513513513513514,3.7223299286793123,0.9247216677356963
TRIM21,TRIM21_SCAF_52,1,O=C(c1cn[nH]c1)N1CCCC1,O=C(c1cn[nH]c1)N1CCCC1,Bicyclic_Hetero,1.872897971976351e-15,1.9308226515220113e-17,-0.24411418748997823,1,74,0.013513513513513514,3.7223299286793123,0.9247216677356963
TRIM21,TRIM21_SCAF_53,1,c1cscn1,c1cscn1,Monocyclic_Hetero,1.2212453270876722e-15,8.777700788442644e-16,0.1166104393700237,1,74,0.013513513513513514,3.7223299286793123,0.9247216677356963
TRIM21,TRIM21_SCAF_54,1,c1ccc2c(c1)Nc1ccccc1S2,c1ccc2c(c1)Nc1ccccc1S2,Polycyclic_Hetero,-2.7842462634947405e-14,4.417722226682362e-14,-7.00840351936202e-14,1,74,0.013513513513513514,3.7223299286793123,0.9247216677356963
TRIM21,TRIM21_SCAF_55,1,O=c1ccc2c([nH]1)CCC[C@H]2NCCCCCCCCCCNc1c2c(nc3ccccc13)CCCC2,O=c1ccc2c([nH]1)CCC[C@H]2NCCCCCCCCCCNc1c2c(nc3ccccc13)CCCC2,Polycyclic_Hetero,2.8794525063364554e-14,-6.030841121420604e-16,-0.01814445504239795,1,74,0.013513513513513514,3.7223299286793123,0.9247216677356963
TRIM21,TRIM21_SCAF_56,1,O=C(NCCc1c[nH]cn1)C1CC=CC1,O=C(NCCc1c[nH]cn1)C1CC=CC1,Bicyclic_Hetero,-8.541315802782871e-15,1.4358884451818692e-15,-0.015115760994870771,1,74,0.013513513513513514,3.7223299286793123,0.9247216677356963
TRIM21,TRIM21_SCAF_6,1,O=C(Nc1ccc2ncccc2c1)c1ccccc1,O=C(Nc1ccc2ncccc2c1)c1ccccc1,Polycyclic_Hetero,3.43811001174242e-16,-1.7118922766800801e-15,-0.008985917092290466,1,74,0.013513513513513514,3.7223299286793123,0.9247216677356963
TRIM21,TRIM21_SCAF_7,1,c1cc(N2CCCCC2)ncn1,c1cc(N2CCCCC2)ncn1,Bicyclic_Hetero,-8.384404281969182e-15,-0.08647451539196892,5.018208071305708e-15,1,74,0.013513513513513514,3.7223299286793123,0.9247216677356963
TRIM21,TRIM21_SCAF_8,1,O=C(NC1CC1)c1cnn2cccnc12,O=C(NC1CC1)c1cnn2cccnc12,Polycyclic_Hetero,6.643574579356937e-15,2.0516921495072893e-15,-0.0864745153919474,1,74,0.013513513513513514,3.7223299286793123,0.9247216677356963
TRIM21,TRIM21_SCAF_9,1,c1cn(Cc2cscn2)cn1,c1cn(Cc2cscn2)cn1,Bicyclic_Hetero,-3.984467077265839e-15,-4.1479165781134324e-15,0.02000062412685735,1,74,0.013513513513513514,3.7223299286793123,0.9247216677356963
VHL,VHL_SCAF_1,1,O=C(NCc1ccc(-c2cnco2)cc1)[C@@H]1CCCN1C(=O)Cc1ccno1,O=C(NCc1ccc(-c2cnco2)cc1)[C@@H]1CCCN1C(=O)Cc1ccno1,Polycyclic_Hetero,-2.479498088329516e-15,9.483155002006546e-15,3.098727516782455e-05,1,55,0.01818181818181818,3.0203116344442233,0.8795349122149846
VHL,VHL_SCAF_10,1,O=C(NCc1ccc(-c2cncs2)cc1)[C@@H]1CCCN1C(=O)[C@@H]1CCCN1,O=C(NCc1ccc(-c2cncs2)cc1)[C@@H]1CCCN1C(=O)[C@@H]1CCCN1,Polycyclic_Hetero,-2.4625182067764257e-14,1.2347421560144879e-14,-0.09526067488002152,1,55,0.01818181818181818,3.0203116344442233,0.8795349122149846
VHL,VHL_SCAF_11,1,O=C(CCc1ccccc1)NCC(=O)N1CCC[C@H]1C(=O)NCc1ccc(-c2cncs2)cc1,O=C(CCc1ccccc1)NCC(=O)N1CCC[C@H]1C(=O)NCc1ccc(-c2cncs2)cc1,Polycyclic_Hetero,6.920485689886024e-13,6.62264150329586e-13,0.16024987178598635,1,55,0.01818181818181818,3.0203116344442233,0.8795349122149846
VHL,VHL_SCAF_12,8,O=C(NCC(=O)N1CCC[C@H]1C(=O)NCc1ccc(-c2cncs2)cc1)C1CC1,O=C(NCC(=O)N1CCC[C@H]1C(=O)NCc1ccc(-c2cncs2)cc1)C1CC1,Polycyclic_Hetero,-2.2707202994220184e-14,-1.5987211554602254e-14,-0.005881795893589809,1,55,0.14545454545454545,3.0203116344442233,0.8795349122149846
VHL,VHL_SCAF_13,1,O=C(NCC(=O)N1CCC[C@H]1C(=O)NCc1ccc(-c2cncs2)cc1)C1CCC1,O=C(NCC(=O)N1CCC[C@H]1C(=O)NCc1ccc(-c2cncs2)cc1)C1CCC1,Polycyclic_Hetero,3.167498009913418e-12,-1.2783296246940016e-12,-0.08943467515920826,1,55,0.01818181818181818,3.0203116344442233,0.8795349122149846
VHL,VHL_SCAF_14,1,O=C(NCC(=O)N1CCC[C@H]1C(=O)NCc1ccc(-c2cncs2)cc1)C1COC1,O=C(NCC(=O)N1CCC[C@H]1C(=O)NCc1ccc(-c2cncs2)cc1)C1COC1,Polycyclic_Hetero,-1.8224105352365533e-14,1.1381841970971975e-14,-0.05353071359313925,1,55,0.01818181818181818,3.0203116344442233,0.8795349122149846
VHL,VHL_SCAF_15,2,S=C(NCc1ccc(-c2cncs2)cc1)[C@@H]1CCCN1,S=C(NCc1ccc(-c2cncs2)cc1)[C@@H]1CCCN1,Polycyclic_Hetero,2.2564532824813994e-14,-3.3486726904910126e-15,-0.12751473807901906,1,55,0.03636363636363636,3.0203116344442233,0.8795349122149846
VHL,VHL_SCAF_16,1,c1cc2occc2[nH]1,c1cc2occc2[nH]1,Bicyclic_Hetero,-2.7328566760003855e-16,-1.1614640873001638e-15,-2.070992949781542e-15,1,55,0.01818181818181818,3.0203116344442233,0.8795349122149846
VHL,VHL_SCAF_17,1,c1ccc(-n2cccc2)cc1,c1ccc(-n2cccc2)cc1,Bicyclic_Hetero,2.6834090505190034e-13,-1.9500789871784717e-13,-1.2432277429752502e-13,1,55,0.01818181818181818,3.0203116344442233,0.8795349122149846
VHL,VHL_SCAF_18,1,O=C1CCSc2ccccc21,O=C1CCSc2ccccc21,Bicyclic_Hetero,2.5850666636535223e-14,6.965188659753614e-15,-1.235269196872411e-14,1,55,0.01818181818181818,3.0203116344442233,0.8795349122149846
VHL,VHL_SCAF_19,1,C([C@@H](C(=O)O)N)SS(=O)(=O)O,,Acyclic,-9.86864910777917e-16,-2.905083581102493e-15,2.4671622769447924e-16,1,55,0.01818181818181818,3.0203116344442233,0.8795349122149846
VHL,VHL_SCAF_2,1,O=C(NCc1ccc(-c2ccccc2)cc1)[C@@H]1CCCN1C(=O)Cc1ccno1,O=C(NCc1ccc(-c2ccccc2)cc1)[C@@H]1CCCN1C(=O)Cc1ccno1,Polycyclic_Hetero,-1.20542891907532e-12,3.0899214810740607e-13,0.11969187587791871,1,55,0.01818181818181818,3.0203116344442233,0.8795349122149846
VHL,VHL_SCAF_20,1,C(COCCOCCOCCOCCOCCO)O,,Acyclic,3.422447510577816e-14,-1.3974007136615304e-13,-0.09550842090816596,1,55,0.01818181818181818,3.0203116344442233,0.8795349122149846
VHL,VHL_SCAF_21,3,O=C(NCc1ccc(-c2cncs2)cc1)[C@@H]1CCCN1C(=O)Cc1ccno1,O=C(NCc1ccc(-c2cncs2)cc1)[C@@H]1CCCN1C(=O)Cc1ccno1,Polycyclic_Hetero,-8.326672684688674e-15,2.8699265186560297e-14,3.098727516288218e-05,1,55,0.05454545454545454,3.0203116344442233,0.8795349122149846
VHL,VHL_SCAF_22,1,O=C(Cc1ccno1)N1CCC[C@H]1C1=NOC(c2ccc(-c3cncs3)cc2)N1,O=C(Cc1ccno1)N1CCC[C@H]1C1=NOC(c2ccc(-c3cncs3)cc2)N1,Polycyclic_Hetero,1.8457457784393227e-15,7.791799612929159e-15,-0.09774949028489889,1,55,0.01818181818181818,3.0203116344442233,0.8795349122149846
VHL,VHL_SCAF_23,1,O=C(NOc1ccc(-c2cncs2)cc1)[C@@H]1CCCN1C(=O)Cc1ccno1,O=C(NOc1ccc(-c2cncs2)cc1)[C@@H]1CCCN1C(=O)Cc1ccno1,Polycyclic_Hetero,-2.8650318832344213e-12,-5.8159564121218e-12,0.0057427910958908444,1,55,0.01818181818181818,3.0203116344442233,0.8795349122149846
VHL,VHL_SCAF_24,1,O=C(NCC(=O)N1CCC[C@H]1C(=O)N[C@H]1CCCc2cc(-c3cncs3)ccc21)C1CC1,O=C(NCC(=O)N1CCC[C@H]1C(=O)N[C@H]1CCCc2cc(-c3cncs3)ccc21)C1CC1,Polycyclic_Hetero,-6.667259337215606e-14,-0.040618728247772316,-2.1390296941111348e-14,1,55,0.01818181818181818,3.0203116344442233,0.8795349122149846
VHL,VHL_SCAF_25,1,O=C(NCc1ccc(-c2cncs2)cc1)[C@H]1CCCN(c2ccccn2)C1=O,O=C(NCc1ccc(-c2cncs2)cc1)[C@H]1CCCN(c2ccccn2)C1=O,Polycyclic_Hetero,2.425837308805967e-14,6.956935028057387e-14,0.07775202936287332,1,55,0.01818181818181818,3.0203116344442233,0.8795349122149846
VHL,VHL_SCAF_26,1,c1ccc(CNCc2ccccc2)cc1,c1ccc(CNCc2ccccc2)cc1,Bicyclic_Hetero,1.1191048088221578e-14,2.294460917558657e-16,-0.09047805479772307,1,55,0.01818181818181818,3.0203116344442233,0.8795349122149846
VHL,VHL_SCAF_27,1,[BH2-]1OC2OCC[C@H]2O1,[BH2-]1OC2OCC[C@H]2O1,Bicyclic_Hetero,4.250072516143177e-15,4.718447854656915e-16,-0.0784600561167666,1,55,0.01818181818181818,3.0203116344442233,0.8795349122149846
VHL,VHL_SCAF_28,1,O=c1c(-n2ccnn2)c[nH]n1-c1cc(N2CCOCC2)ncn1,O=c1c(-n2ccnn2)c[nH]n1-c1cc(N2CCOCC2)ncn1,Polycyclic_Hetero,4.200843876960052e-16,9.3618806400824e-16,-0.10227764659093978,1,55,0.01818181818181818,3.0203116344442233,0.8795349122149846
VHL,VHL_SCAF_29,1,O=C(NCCc1c[nH]cn1)C1CC=CC1,O=C(NCCc1c[nH]cn1)C1CC=CC1,Bicyclic_Hetero,-8.541315802782871e-15,1.4358884451818692e-15,-0.015115760994870771,1,55,0.01818181818181818,3.0203116344442233,0.8795349122149846
VHL,VHL_SCAF_3,3,O=C(NCc1ccccc1)[C@@H]1CCCN1C(=O)Cc1ccno1,O=C(NCc1ccccc1)[C@@H]1CCCN1C(=O)Cc1ccno1,Polycyclic_Hetero,-1.4898135635208055e-14,1.495100339828544e-14,-0.07132360436721835,1,55,0.05454545454545454,3.0203116344442233,0.8795349122149846
VHL,VHL_SCAF_30,1,O=C1CCc2cc(NS(=O)(=O)Cc3ccccc3)ccc2N1,O=C1CCc2cc(NS(=O)(=O)Cc3ccccc3)ccc2N1,Polycyclic_Hetero,-6.41592042651801e-15,-1.7155867369997154e-14,0.05704040061111792,1,55,0.01818181818181818,3.0203116344442233,0.8795349122149846
VHL,VHL_SCAF_31,1,C(COCCOCCO)O,,Acyclic,2.868076146948321e-15,-7.771561172376096e-16,-0.0712952943561865,1,55,0.01818181818181818,3.0203116344442233,0.8795349122149846
VHL,VHL_SCAF_4,1,C1CCNC1,C1CCNC1,Monocyclic_Hetero,3.172065784643304e-17,-7.93016446160826e-18,-2.1411444046342305e-16,1,55,0.01818181818181818,3.0203116344442233,0.8795349122149846
VHL,VHL_SCAF_5,1,O=C(NCc1ccccc1)[C@@H]1CCCN1C(=O)c1ccccc1,O=C(NCc1ccccc1)[C@@H]1CCCN1C(=O)c1ccccc1,Polycyclic_Hetero,2.4166715140677826e-15,4.879817480329176e-16,0.1312679916889815,1,55,0.01818181818181818,3.0203116344442233,0.8795349122149846
VHL,VHL_SCAF_6,1,O=C(NCc1ccc(-c2cncs2)cc1)[C@@H]1CCCN1C(=O)c1ccccc1,O=C(NCc1ccc(-c2cncs2)cc1)[C@@H]1CCCN1C(=O)c1ccccc1,Polycyclic_Hetero,-2.9989616232527695e-14,4.598362507095419e-14,0.054985403438545286,1,55,0.01818181818181818,3.0203116344442233,0.8795349122149846
VHL,VHL_SCAF_7,3,O=C(NCc1ccc(-c2cnco2)cc1)[C@@H]1CCCN1,O=C(NCc1ccc(-c2cnco2)cc1)[C@@H]1CCCN1,Polycyclic_Hetero,3.972798066496506e-15,1.116224230163671e-14,-0.05514579550842412,1,55,0.05454545454545454,3.0203116344442233,0.8795349122149846
VHL,VHL_SCAF_8,1,O=C(Cc1ccno1)N1CCCC1,O=C(Cc1ccno1)N1CCCC1,Bicyclic_Hetero,5.920597345721034e-14,-6.8034466949029594e-15,-0.08647451539195973,1,55,0.01818181818181818,3.0203116344442233,0.8795349122149846
VHL,VHL_SCAF_9,11,O=C(NCc1ccc(-c2cncs2)cc1)[C@@H]1CCCN1,O=C(NCc1ccc(-c2cncs2)cc1)[C@@H]1CCCN1,Polycyclic_Hetero,7.345475579141576e-15,7.783563583453125e-15,-0.055145795508425244,1,55,0.2,3.0203116344442233,0.8795349122149846
XIAP,XIAP_SCAF_1,1,O=C(N[C@@H]1CCCc2ccccc21)[C@@H]1CCCN1,O=C(N[C@@H]1CCCc2ccccc21)[C@@H]1CCCN1,Polycyclic_Hetero,-2.068520793248976e-14,1.1113916804405515e-14,0.05704040061112735,1,38,0.02631578947368421,3.4414093189536494,0.9842419209613487
XIAP,XIAP_SCAF_10,1,C(COCCOCCOCCOCCOCCOCCOCCOCCO)O,,Acyclic,2.909457186957077e-14,-0.0024777633923348226,-1.1876022051293341e-15,1,38,0.02631578947368421,3.4414093189536494,0.9842419209613487
XIAP,XIAP_SCAF_11,1,O=C(N[C@@H]1CCOc2ccccc21)[C@@H]1CN2CCC[C@@H]2CN1C(=O)CC1CCCCC1,O=C(N[C@@H]1CCOc2ccccc21)[C@@H]1CN2CCC[C@@H]2CN1C(=O)CC1CCCCC1,Polycyclic_Hetero,-4.272676488708936e-14,1.7921691067206695e-14,1.715799219875242e-15,1,38,0.02631578947368421,3.4414093189536494,0.9842419209613487
XIAP,XIAP_SCAF_12,1,O=C1CCN(C(=O)c2ccccc2)c2ccccc2N1Cc1cccc2ccccc12,O=C1CCN(C(=O)c2ccccc2)c2ccccc2N1Cc1cccc2ccccc12,Polycyclic_Hetero,3.780623612912231e-14,1.3951104422648193e-14,0.1118914206095687,1,38,0.02631578947368421,3.4414093189536494,0.9842419209613487
XIAP,XIAP_SCAF_13,1,O=C1CC2(CCOCC2)Oc2ccccc2N1Cc1cccc2ccccc12,O=C1CC2(CCOCC2)Oc2ccccc2N1Cc1cccc2ccccc12,Polycyclic_Hetero,8.85566130230419e-15,1.470718971444619e-14,-0.09526067488002003,1,38,0.02631578947368421,3.4414093189536494,0.9842419209613487
XIAP,XIAP_SCAF_14,1,c1ccccc1,c1ccccc1,Monocyclic,6.291263806209221e-16,6.291263806209221e-16,-5.169475958410885e-16,1,38,0.02631578947368421,3.4414093189536494,0.9842419209613487
XIAP,XIAP_SCAF_15,1,c1c[nH]nn1,c1c[nH]nn1,Monocyclic_Hetero,-1.3322676295501878e-15,2.7755575615628914e-16,0.11661043937002438,1,38,0.02631578947368421,3.4414093189536494,0.9842419209613487
XIAP,XIAP_SCAF_16,1,C[C@@H](C(=O)N[C@@H](C(C)C)C(=O)N)[NH3+],,Acyclic,7.005149148925181e-15,-2.184632403294663e-16,4.226010222766725e-16,1,38,0.02631578947368421,3.4414093189536494,0.9842419209613487
XIAP,XIAP_SCAF_17,1,c1cnn(C2CC[NH2+]CC2)c1,c1cnn(C2CC[NH2+]CC2)c1,Bicyclic_Hetero,3.2862601528904635e-15,-7.860379014346108e-16,4.1744385725905884e-16,1,38,0.02631578947368421,3.4414093189536494,0.9842419209613487
XIAP,XIAP_SCAF_18,1,O=C(CN1CC[NH2+]CC1)N1CCCCC1,O=C(CN1CC[NH2+]CC1)N1CCCCC1,Bicyclic_Hetero,2.3068634090049198e-14,-1.6443303175529345e-15,-0.05514579550842828,1,38,0.02631578947368421,3.4414093189536494,0.9842419209613487
XIAP,XIAP_SCAF_19,1,c1ccncc1,c1ccncc1,Monocyclic_Hetero,1.574498107650222e-15,7.468773074751053e-16,2.0236337857940353e-15,1,38,0.02631578947368421,3.4414093189536494,0.9842419209613487
XIAP,XIAP_SCAF_2,1,O=C(N[C@@H]1CCCc2ccccc21)[C@@H]1C[C@H](Oc2ccccc2)CN1,O=C(N[C@@H]1CCCc2ccccc21)[C@@H]1C[C@H](Oc2ccccc2)CN1,Polycyclic_Hetero,4.3257914257435694e-14,-5.428764014289541e-15,0.009789011659359772,1,38,0.02631578947368421,3.4414093189536494,0.9842419209613487
XIAP,XIAP_SCAF_20,2,O=C(CN1CC[NH2+]CC1)N1CCc2ccccc21,O=C(CN1CC[NH2+]CC1)N1CCc2ccccc21,Polycyclic_Hetero,-4.5168547265012946e-15,-7.420964427757625e-15,0.05704040061113163,1,38,0.05263157894736842,3.4414093189536494,0.9842419209613487
XIAP,XIAP_SCAF_21,1,O=C(CN1CC[NH2+]CC1)N1CCCC1,O=C(CN1CC[NH2+]CC1)N1CCCC1,Bicyclic_Hetero,-1.959217102279688e-15,-3.379649501432462e-15,0.06351987168849559,1,38,0.02631578947368421,3.4414093189536494,0.9842419209613487
XIAP,XIAP_SCAF_22,2,O=C(CN1CC[NH2+]CC1)N1CCc2cnccc21,O=C(CN1CC[NH2+]CC1)N1CCc2cnccc21,Polycyclic_Hetero,2.3104641323280284e-14,3.4806992123383286e-15,4.848974075119603e-15,1,38,0.05263157894736842,3.4414093189536494,0.9842419209613487
XIAP,XIAP_SCAF_23,1,O=C(CN1CC[NH2+]CC1)N1CCc2cnc(Cc3ccccc3)cc21,O=C(CN1CC[NH2+]CC1)N1CCc2cnc(Cc3ccccc3)cc21,Polycyclic_Hetero,-2.275957200481571e-14,6.7768013423119554e-15,0.1665000174627598,1,38,0.02631578947368421,3.4414093189536494,0.9842419209613487
XIAP,XIAP_SCAF_24,1,O=C(CN1CC[NH2+]C[C@@H]1Cn1cccn1)N1CCc2cnc(Cc3ccccc3)cc21,O=C(CN1CC[NH2+]C[C@@H]1Cn1cccn1)N1CCc2cnc(Cc3ccccc3)cc21,Polycyclic_Hetero,1.7948605564773363e-14,9.399888275159659e-16,-0.11166193546882758,1,38,0.02631578947368421,3.4414093189536494,0.9842419209613487
XIAP,XIAP_SCAF_25,1,O=C(CN1CC[NH2+]CC1)N1CCc2ncc(Cc3ccccc3)cc21,O=C(CN1CC[NH2+]CC1)N1CCc2ncc(Cc3ccccc3)cc21,Polycyclic_Hetero,-1.8345325258906088e-14,-9.28590537796481e-15,0.16650001746276885,1,38,0.02631578947368421,3.4414093189536494,0.9842419209613487
XIAP,XIAP_SCAF_26,1,O=C([C@H]1C[NH2+]CCN1CC(=O)N1CCc2ncc(Cc3ccccc3)cc21)N1CCOCC1,O=C([C@H]1C[NH2+]CCN1CC(=O)N1CCc2ncc(Cc3ccccc3)cc21)N1CCOCC1,Polycyclic_Hetero,6.258241788040882e-15,1.955700558762776e-15,-0.02703736422665553,1,38,0.02631578947368421,3.4414093189536494,0.9842419209613487
XIAP,XIAP_SCAF_27,2,O=C(CN1CC[NH2+]C[C@@H]1CN1CCOCC1)N1CCc2ncc(Cc3ccccc3)cc21,O=C(CN1CC[NH2+]C[C@@H]1CN1CCOCC1)N1CCc2ncc(Cc3ccccc3)cc21,Polycyclic_Hetero,2.8731226152420718e-15,-2.4673155984641336e-15,-0.04804044811183246,1,38,0.05263157894736842,3.4414093189536494,0.9842419209613487
XIAP,XIAP_SCAF_28,1,O=C1CCCN1C[C@H]1C[NH2+]CCN1CC(=O)N1CCc2ncc(Cc3ccccc3)cc21,O=C1CCCN1C[C@H]1C[NH2+]CCN1CC(=O)N1CCc2ncc(Cc3ccccc3)cc21,Polycyclic_Hetero,-3.316791286067655e-14,-1.6578752259910345e-14,0.03985894003637776,1,38,0.02631578947368421,3.4414093189536494,0.9842419209613487
XIAP,XIAP_SCAF_29,1,O=C(NCc1ccccc1)[C@@H]1C=C[C@@H]2CCCCC(=O)N21,O=C(NCc1ccccc1)[C@@H]1C=C[C@@H]2CCCCC(=O)N21,Polycyclic_Hetero,-1.2976070082935976e-14,-1.19145885569529e-16,0.1618819185790887,1,38,0.02631578947368421,3.4414093189536494,0.9842419209613487
XIAP,XIAP_SCAF_3,1,O=C(NC(c1ccccc1)c1ccccc1)[C@@H]1CC[C@@H]2CCC=CCC(=O)N21,O=C(NC(c1ccccc1)c1ccccc1)[C@@H]1CC[C@@H]2CCC=CCC(=O)N21,Polycyclic_Hetero,-1.1620334324409972e-14,9.925380990345373e-15,-0.056007062551051603,1,38,0.02631578947368421,3.4414093189536494,0.9842419209613487
XIAP,XIAP_SCAF_30,1,O=C(NCc1ccccc1)[C@@H]1CC[C@@H]2CCCCC(=O)N21,O=C(NCc1ccccc1)[C@@H]1CC[C@@H]2CCCCC(=O)N21,Polycyclic_Hetero,-1.5501811720580093e-14,-1.7133581375378e-14,0.1312679916889982,1,38,0.02631578947368421,3.4414093189536494,0.9842419209613487
XIAP,XIAP_SCAF_31,1,O=C(CN1CCNC[C@@H]1CN1CCOCC1)N1CCc2ncc(Cc3ccccc3)cc21,O=C(CN1CCNC[C@@H]1CN1CCOCC1)N1CCc2ncc(Cc3ccccc3)cc21,Polycyclic_Hetero,-3.928481471750554e-15,-0.024930108548075834,-4.102701084845578e-15,1,38,0.02631578947368421,3.4414093189536494,0.9842419209613487
XIAP,XIAP_SCAF_32,1,O=C1c2ccccc2CN1C[C@H]1CNCCN1CC(=O)N1CCc2ncc(Cc3ccccc3)cc21,O=C1c2ccccc2CN1C[C@H]1CNCCN1CC(=O)N1CCc2ncc(Cc3ccccc3)cc21,Polycyclic_Hetero,8.165938903511599e-15,0.07686128328525986,-5.352269208267546e-16,1,38,0.02631578947368421,3.4414093189536494,0.9842419209613487
XIAP,XIAP_SCAF_33,1,O=C(c1ccccc1)c1csc([C@@H]2CCCN2C(=O)CC2CCCCC2)n1,O=C(c1ccccc1)c1csc([C@@H]2CCCN2C(=O)CC2CCCCC2)n1,Polycyclic_Hetero,-2.25396221603145e-14,0.10047523945016719,-9.65684555381504e-16,1,38,0.02631578947368421,3.4414093189536494,0.9842419209613487
XIAP,XIAP_SCAF_4,1,O=C(NCCc1c[nH]c2ccccc12)[C@@H]1CCCN1C(=O)c1cocn1,O=C(NCCc1c[nH]c2ccccc12)[C@@H]1CCCN1C(=O)c1cocn1,Polycyclic_Hetero,3.060353902662388e-14,1.4770793284143388e-15,0.13962919099868812,1,38,0.02631578947368421,3.4414093189536494,0.9842419209613487
XIAP,XIAP_SCAF_5,3,O=C(NC(c1ccccc1)c1ccccc1)[C@@H]1CC[C@@H]2CCCCC(=O)N21,O=C(NC(c1ccccc1)c1ccccc1)[C@@H]1CC[C@@H]2CCCCC(=O)N21,Polycyclic_Hetero,1.5333646302370088e-14,-6.719991439617929e-15,0.11118185100010203,1,38,0.07894736842105263,3.4414093189536494,0.9842419209613487
XIAP,XIAP_SCAF_6,1,O=C(NCC(c1ccccc1)c1ccccc1)[C@@H]1CCCN1,O=C(NCC(c1ccccc1)c1ccccc1)[C@@H]1CCCN1,Polycyclic_Hetero,-3.33571554216922e-14,-5.006601194230081e-14,-0.21344369805233407,1,38,0.02631578947368421,3.4414093189536494,0.9842419209613487
XIAP,XIAP_SCAF_7,1,O=C(CC1CCCCC1)N1CCC[C@H]1c1nc(-c2cccc3ccccc23)cs1,O=C(CC1CCCCC1)N1CCC[C@H]1c1nc(-c2cccc3ccccc23)cs1,Polycyclic_Hetero,-1.686759893553308e-14,-1.3984914590892322e-15,0.0249243143753231,1,38,0.02631578947368421,3.4414093189536494,0.9842419209613487
XIAP,XIAP_SCAF_8,1,O=C(Nc1ccccc1-c1ncccn1)[C@@H]1CCCN1C(=O)CC1CCCCC1,O=C(Nc1ccccc1-c1ncccn1)[C@@H]1CCCN1C(=O)CC1CCCCC1,Polycyclic_Hetero,-2.826588865501802e-14,-6.6340695120583916e-15,0.042928086029195955,1,38,0.02631578947368421,3.4414093189536494,0.9842419209613487
XIAP,XIAP_SCAF_9,1,O=C(NC(c1ccccc1)c1ccccc1)[C@@H]1CC[C@@H]2CC[C@H](CCNCc3ccccc3)CC(=O)N21,O=C(NC(c1ccccc1)c1ccccc1)[C@@H]1CC[C@@H]2CC[C@H](CCNCc3ccccc3)CC(=O)N21,Polycyclic_Hetero,3.2017931849358735e-14,-1.16813465807182e-14,0.011638284004675488,1,38,0.02631578947368421,3.4414093189536494,0.9842419209613487
cIAP1,cIAP1_SCAF_1,1,O=C(N[C@@H]1CCCc2ccccc21)[C@@H]1CCCN1,O=C(N[C@@H]1CCCc2ccccc21)[C@@H]1CCCN1,Polycyclic_Hetero,-2.068520793248976e-14,1.1113916804405515e-14,0.05704040061112735,1,43,0.023255813953488372,3.511187166498952,0.9798154347167143
cIAP1,cIAP1_SCAF_10,1,C(COCCOCCOCCOCCOCCOCCOCCOCCO)O,,Acyclic,2.909457186957077e-14,-0.0024777633923348226,-1.1876022051293341e-15,1,43,0.023255813953488372,3.511187166498952,0.9798154347167143
cIAP1,cIAP1_SCAF_11,3,O=C(N[C@@H]1CCOc2ccccc21)[C@@H]1CN2CCC[C@@H]2CN1C(=O)CC1CCCCC1,O=C(N[C@@H]1CCOc2ccccc21)[C@@H]1CN2CCC[C@@H]2CN1C(=O)CC1CCCCC1,Polycyclic_Hetero,-4.272676488708936e-14,1.7921691067206695e-14,1.715799219875242e-15,1,43,0.06976744186046512,3.511187166498952,0.9798154347167143
cIAP1,cIAP1_SCAF_12,1,O=C(N[C@@H]1CCCc2ccccc21)[C@@H]1CN2CCC[C@@H]2CN1C(=O)CC1CCCCC1,O=C(N[C@@H]1CCCc2ccccc21)[C@@H]1CN2CCC[C@@H]2CN1C(=O)CC1CCCCC1,Polycyclic_Hetero,1.2747319539799078e-13,-2.907478179783057e-14,-3.1928708043484646e-14,1,43,0.023255813953488372,3.511187166498952,0.9798154347167143
cIAP1,cIAP1_SCAF_13,1,O=C1CCN(C(=O)c2ccccc2)c2ccccc2N1Cc1cccc2ccccc12,O=C1CCN(C(=O)c2ccccc2)c2ccccc2N1Cc1cccc2ccccc12,Polycyclic_Hetero,3.780623612912231e-14,1.3951104422648193e-14,0.1118914206095687,1,43,0.023255813953488372,3.511187166498952,0.9798154347167143
cIAP1,cIAP1_SCAF_14,1,O=C1CC2(CCOCC2)Oc2ccccc2N1Cc1cccc2ccccc12,O=C1CC2(CCOCC2)Oc2ccccc2N1Cc1cccc2ccccc12,Polycyclic_Hetero,8.85566130230419e-15,1.470718971444619e-14,-0.09526067488002003,1,43,0.023255813953488372,3.511187166498952,0.9798154347167143
cIAP1,cIAP1_SCAF_15,1,O=C(N[C@@H]1CCOc2ccccc21)[C@@H]1CN2[C@H](C[C@@H]3C[C@@H]32)CN1C(=O)CC1CCCCC1,O=C(N[C@@H]1CCOc2ccccc21)[C@@H]1CN2[C@H](C[C@@H]3C[C@@H]32)CN1C(=O)CC1CCCCC1,Polycyclic_Hetero,2.1356051255774654e-14,-2.1687461113871715e-14,8.570258930390015e-15,1,43,0.023255813953488372,3.511187166498952,0.9798154347167143
cIAP1,cIAP1_SCAF_16,1,O=C(N[C@@H]1CCOc2ccccc21)[C@@H]1CN2c3ccccc3C[C@H]2CN1C(=O)CC1CCCCC1,O=C(N[C@@H]1CCOc2ccccc21)[C@@H]1CN2c3ccccc3C[C@H]2CN1C(=O)CC1CCCCC1,Polycyclic_Hetero,-4.089427209562148e-14,-6.269270816769027e-14,3.873092323049475e-15,1,43,0.023255813953488372,3.511187166498952,0.9798154347167143
cIAP1,cIAP1_SCAF_17,1,c1ccccc1,c1ccccc1,Monocyclic,6.291263806209221e-16,6.291263806209221e-16,-5.169475958410885e-16,1,43,0.023255813953488372,3.511187166498952,0.9798154347167143
cIAP1,cIAP1_SCAF_18,1,c1c[nH]nn1,c1c[nH]nn1,Monocyclic_Hetero,-1.3322676295501878e-15,2.7755575615628914e-16,0.11661043937002438,1,43,0.023255813953488372,3.511187166498952,0.9798154347167143
cIAP1,cIAP1_SCAF_19,1,C[C@@H](C(=O)N[C@@H](C(C)C)C(=O)N)[NH3+],,Acyclic,7.005149148925181e-15,-2.184632403294663e-16,4.226010222766725e-16,1,43,0.023255813953488372,3.511187166498952,0.9798154347167143
cIAP1,cIAP1_SCAF_2,1,O=C(N[C@@H]1CCCc2ccccc21)[C@@H]1C[C@H](Oc2ccccc2)CN1,O=C(N[C@@H]1CCCc2ccccc21)[C@@H]1C[C@H](Oc2ccccc2)CN1,Polycyclic_Hetero,4.3257914257435694e-14,-5.428764014289541e-15,0.009789011659359772,1,43,0.023255813953488372,3.511187166498952,0.9798154347167143
cIAP1,cIAP1_SCAF_20,1,c1cnn(C2CC[NH2+]CC2)c1,c1cnn(C2CC[NH2+]CC2)c1,Bicyclic_Hetero,3.2862601528904635e-15,-7.860379014346108e-16,4.1744385725905884e-16,1,43,0.023255813953488372,3.511187166498952,0.9798154347167143
cIAP1,cIAP1_SCAF_21,1,O=C(CN1CC[NH2+]CC1)N1CCCCC1,O=C(CN1CC[NH2+]CC1)N1CCCCC1,Bicyclic_Hetero,2.3068634090049198e-14,-1.6443303175529345e-15,-0.05514579550842828,1,43,0.023255813953488372,3.511187166498952,0.9798154347167143
cIAP1,cIAP1_SCAF_22,1,c1ccncc1,c1ccncc1,Monocyclic_Hetero,1.574498107650222e-15,7.468773074751053e-16,2.0236337857940353e-15,1,43,0.023255813953488372,3.511187166498952,0.9798154347167143
cIAP1,cIAP1_SCAF_23,2,O=C(CN1CC[NH2+]CC1)N1CCc2ccccc21,O=C(CN1CC[NH2+]CC1)N1CCc2ccccc21,Polycyclic_Hetero,-4.5168547265012946e-15,-7.420964427757625e-15,0.05704040061113163,1,43,0.046511627906976744,3.511187166498952,0.9798154347167143
cIAP1,cIAP1_SCAF_24,1,O=C(CN1CC[NH2+]CC1)N1CCCC1,O=C(CN1CC[NH2+]CC1)N1CCCC1,Bicyclic_Hetero,-1.959217102279688e-15,-3.379649501432462e-15,0.06351987168849559,1,43,0.023255813953488372,3.511187166498952,0.9798154347167143
cIAP1,cIAP1_SCAF_25,2,O=C(CN1CC[NH2+]CC1)N1CCc2cnccc21,O=C(CN1CC[NH2+]CC1)N1CCc2cnccc21,Polycyclic_Hetero,2.3104641323280284e-14,3.4806992123383286e-15,4.848974075119603e-15,1,43,0.046511627906976744,3.511187166498952,0.9798154347167143
cIAP1,cIAP1_SCAF_26,1,O=C(CN1CC[NH2+]CC1)N1CCc2cnc(Cc3ccccc3)cc21,O=C(CN1CC[NH2+]CC1)N1CCc2cnc(Cc3ccccc3)cc21,Polycyclic_Hetero,-2.275957200481571e-14,6.7768013423119554e-15,0.1665000174627598,1,43,0.023255813953488372,3.511187166498952,0.9798154347167143
cIAP1,cIAP1_SCAF_27,1,O=C(CN1CC[NH2+]C[C@@H]1Cn1cccn1)N1CCc2cnc(Cc3ccccc3)cc21,O=C(CN1CC[NH2+]C[C@@H]1Cn1cccn1)N1CCc2cnc(Cc3ccccc3)cc21,Polycyclic_Hetero,1.7948605564773363e-14,9.399888275159659e-16,-0.11166193546882758,1,43,0.023255813953488372,3.511187166498952,0.9798154347167143
cIAP1,cIAP1_SCAF_28,1,O=C(CN1CC[NH2+]CC1)N1CCc2ncc(Cc3ccccc3)cc21,O=C(CN1CC[NH2+]CC1)N1CCc2ncc(Cc3ccccc3)cc21,Polycyclic_Hetero,-1.8345325258906088e-14,-9.28590537796481e-15,0.16650001746276885,1,43,0.023255813953488372,3.511187166498952,0.9798154347167143
cIAP1,cIAP1_SCAF_29,1,O=C([C@H]1C[NH2+]CCN1CC(=O)N1CCc2ncc(Cc3ccccc3)cc21)N1CCOCC1,O=C([C@H]1C[NH2+]CCN1CC(=O)N1CCc2ncc(Cc3ccccc3)cc21)N1CCOCC1,Polycyclic_Hetero,6.258241788040882e-15,1.955700558762776e-15,-0.02703736422665553,1,43,0.023255813953488372,3.511187166498952,0.9798154347167143
cIAP1,cIAP1_SCAF_3,1,O=C(NC(c1ccccc1)c1ccccc1)[C@@H]1CC[C@@H]2CCC=CCC(=O)N21,O=C(NC(c1ccccc1)c1ccccc1)[C@@H]1CC[C@@H]2CCC=CCC(=O)N21,Polycyclic_Hetero,-1.1620334324409972e-14,9.925380990345373e-15,-0.056007062551051603,1,43,0.023255813953488372,3.511187166498952,0.9798154347167143
cIAP1,cIAP1_SCAF_30,2,O=C(CN1CC[NH2+]C[C@@H]1CN1CCOCC1)N1CCc2ncc(Cc3ccccc3)cc21,O=C(CN1CC[NH2+]C[C@@H]1CN1CCOCC1)N1CCc2ncc(Cc3ccccc3)cc21,Polycyclic_Hetero,2.8731226152420718e-15,-2.4673155984641336e-15,-0.04804044811183246,1,43,0.046511627906976744,3.511187166498952,0.9798154347167143
cIAP1,cIAP1_SCAF_31,1,O=C1CCCN1C[C@H]1C[NH2+]CCN1CC(=O)N1CCc2ncc(Cc3ccccc3)cc21,O=C1CCCN1C[C@H]1C[NH2+]CCN1CC(=O)N1CCc2ncc(Cc3ccccc3)cc21,Polycyclic_Hetero,-3.316791286067655e-14,-1.6578752259910345e-14,0.03985894003637776,1,43,0.023255813953488372,3.511187166498952,0.9798154347167143
cIAP1,cIAP1_SCAF_32,1,O=C(NCc1ccccc1)[C@@H]1C=C[C@@H]2CCCCC(=O)N21,O=C(NCc1ccccc1)[C@@H]1C=C[C@@H]2CCCCC(=O)N21,Polycyclic_Hetero,-1.2976070082935976e-14,-1.19145885569529e-16,0.1618819185790887,1,43,0.023255813953488372,3.511187166498952,0.9798154347167143
cIAP1,cIAP1_SCAF_33,1,O=C(NCc1ccccc1)[C@@H]1CC[C@@H]2CCCCC(=O)N21,O=C(NCc1ccccc1)[C@@H]1CC[C@@H]2CCCCC(=O)N21,Polycyclic_Hetero,-1.5501811720580093e-14,-1.7133581375378e-14,0.1312679916889982,1,43,0.023255813953488372,3.511187166498952,0.9798154347167143
cIAP1,cIAP1_SCAF_34,1,O=C(CN1CCNC[C@@H]1CN1CCOCC1)N1CCc2ncc(Cc3ccccc3)cc21,O=C(CN1CCNC[C@@H]1CN1CCOCC1)N1CCc2ncc(Cc3ccccc3)cc21,Polycyclic_Hetero,-3.928481471750554e-15,-0.024930108548075834,-4.102701084845578e-15,1,43,0.023255813953488372,3.511187166498952,0.9798154347167143
cIAP1,cIAP1_SCAF_35,1,O=C1c2ccccc2CN1C[C@H]1CNCCN1CC(=O)N1CCc2ncc(Cc3ccccc3)cc21,O=C1c2ccccc2CN1C[C@H]1CNCCN1CC(=O)N1CCc2ncc(Cc3ccccc3)cc21,Polycyclic_Hetero,8.165938903511599e-15,0.07686128328525986,-5.352269208267546e-16,1,43,0.023255813953488372,3.511187166498952,0.9798154347167143
cIAP1,cIAP1_SCAF_36,1,O=C(c1ccccc1)c1csc([C@@H]2CCCN2C(=O)CC2CCCCC2)n1,O=C(c1ccccc1)c1csc([C@@H]2CCCN2C(=O)CC2CCCCC2)n1,Polycyclic_Hetero,-2.25396221603145e-14,0.10047523945016719,-9.65684555381504e-16,1,43,0.023255813953488372,3.511187166498952,0.9798154347167143
cIAP1,cIAP1_SCAF_4,1,O=C(NCCc1c[nH]c2ccccc12)[C@@H]1CCCN1C(=O)c1cocn1,O=C(NCCc1c[nH]c2ccccc12)[C@@H]1CCCN1C(=O)c1cocn1,Polycyclic_Hetero,3.060353902662388e-14,1.4770793284143388e-15,0.13962919099868812,1,43,0.023255813953488372,3.511187166498952,0.9798154347167143
cIAP1,cIAP1_SCAF_5,3,O=C(NC(c1ccccc1)c1ccccc1)[C@@H]1CC[C@@H]2CCCCC(=O)N21,O=C(NC(c1ccccc1)c1ccccc1)[C@@H]1CC[C@@H]2CCCCC(=O)N21,Polycyclic_Hetero,1.5333646302370088e-14,-6.719991439617929e-15,0.11118185100010203,1,43,0.06976744186046512,3.511187166498952,0.9798154347167143
cIAP1,cIAP1_SCAF_6,1,O=C(NCC(c1ccccc1)c1ccccc1)[C@@H]1CCCN1,O=C(NCC(c1ccccc1)c1ccccc1)[C@@H]1CCCN1,Polycyclic_Hetero,-3.33571554216922e-14,-5.006601194230081e-14,-0.21344369805233407,1,43,0.023255813953488372,3.511187166498952,0.9798154347167143
cIAP1,cIAP1_SCAF_7,1,O=C(CC1CCCCC1)N1CCC[C@H]1c1nc(-c2cccc3ccccc23)cs1,O=C(CC1CCCCC1)N1CCC[C@H]1c1nc(-c2cccc3ccccc23)cs1,Polycyclic_Hetero,-1.686759893553308e-14,-1.3984914590892322e-15,0.0249243143753231,1,43,0.023255813953488372,3.511187166498952,0.9798154347167143
cIAP1,cIAP1_SCAF_8,1,O=C(Nc1ccccc1-c1ncccn1)[C@@H]1CCCN1C(=O)CC1CCCCC1,O=C(Nc1ccccc1-c1ncccn1)[C@@H]1CCCN1C(=O)CC1CCCCC1,Polycyclic_Hetero,-2.826588865501802e-14,-6.6340695120583916e-15,0.042928086029195955,1,43,0.023255813953488372,3.511187166498952,0.9798154347167143
cIAP1,cIAP1_SCAF_9,1,O=C(NC(c1ccccc1)c1ccccc1)[C@@H]1CC[C@@H]2CC[C@H](CCNCc3ccccc3)CC(=O)N21,O=C(NC(c1ccccc1)c1ccccc1)[C@@H]1CC[C@@H]2CC[C@H](CCNCc3ccccc3)CC(=O)N21,Polycyclic_Hetero,3.2017931849358735e-14,-1.16813465807182e-14,0.011638284004675488,1,43,0.023255813953488372,3.511187166498952,0.9798154347167143
cIAP2,cIAP2_SCAF_1,1,O=C(NC(c1ccccc1)c1ccccc1)[C@@H]1CC[C@@H]2CCC=CCC(=O)N21,O=C(NC(c1ccccc1)c1ccccc1)[C@@H]1CC[C@@H]2CCC=CCC(=O)N21,Polycyclic_Hetero,-1.1620334324409972e-14,9.925380990345373e-15,-0.056007062551051603,1,18,0.05555555555555555,2.5241676616734616,0.9564656414801924
cIAP2,cIAP2_SCAF_10,1,O=C(N[C@@H]1CCOc2ccccc21)[C@@H]1CN2c3ccccc3C[C@H]2CN1C(=O)CC1CCCCC1,O=C(N[C@@H]1CCOc2ccccc21)[C@@H]1CN2c3ccccc3C[C@H]2CN1C(=O)CC1CCCCC1,Polycyclic_Hetero,-4.089427209562148e-14,-6.269270816769027e-14,3.873092323049475e-15,1,18,0.05555555555555555,2.5241676616734616,0.9564656414801924
cIAP2,cIAP2_SCAF_11,1,O=C(CN1CC[NH2+]C[C@@H]1CN1CCOCC1)N1CCc2ncc(Cc3ccccc3)cc21,O=C(CN1CC[NH2+]C[C@@H]1CN1CCOCC1)N1CCc2ncc(Cc3ccccc3)cc21,Polycyclic_Hetero,2.8731226152420718e-15,-2.4673155984641336e-15,-0.04804044811183246,1,18,0.05555555555555555,2.5241676616734616,0.9564656414801924
cIAP2,cIAP2_SCAF_12,1,O=C(NCc1ccccc1)[C@@H]1C=C[C@@H]2CCCCC(=O)N21,O=C(NCc1ccccc1)[C@@H]1C=C[C@@H]2CCCCC(=O)N21,Polycyclic_Hetero,-1.2976070082935976e-14,-1.19145885569529e-16,0.1618819185790887,1,18,0.05555555555555555,2.5241676616734616,0.9564656414801924
cIAP2,cIAP2_SCAF_13,1,O=C(NCc1ccccc1)[C@@H]1CC[C@@H]2CCCCC(=O)N21,O=C(NCc1ccccc1)[C@@H]1CC[C@@H]2CCCCC(=O)N21,Polycyclic_Hetero,-1.5501811720580093e-14,-1.7133581375378e-14,0.1312679916889982,1,18,0.05555555555555555,2.5241676616734616,0.9564656414801924
cIAP2,cIAP2_SCAF_14,1,O=C(c1ccccc1)c1csc([C@@H]2CCCN2C(=O)CC2CCCCC2)n1,O=C(c1ccccc1)c1csc([C@@H]2CCCN2C(=O)CC2CCCCC2)n1,Polycyclic_Hetero,-2.25396221603145e-14,0.10047523945016719,-9.65684555381504e-16,1,18,0.05555555555555555,2.5241676616734616,0.9564656414801924
cIAP2,cIAP2_SCAF_2,3,O=C(NC(c1ccccc1)c1ccccc1)[C@@H]1CC[C@@H]2CCCCC(=O)N21,O=C(NC(c1ccccc1)c1ccccc1)[C@@H]1CC[C@@H]2CCCCC(=O)N21,Polycyclic_Hetero,1.5333646302370088e-14,-6.719991439617929e-15,0.11118185100010203,1,18,0.16666666666666666,2.5241676616734616,0.9564656414801924
cIAP2,cIAP2_SCAF_3,1,O=C(NCC(c1ccccc1)c1ccccc1)[C@@H]1CCCN1,O=C(NCC(c1ccccc1)c1ccccc1)[C@@H]1CCCN1,Polycyclic_Hetero,-3.33571554216922e-14,-5.006601194230081e-14,-0.21344369805233407,1,18,0.05555555555555555,2.5241676616734616,0.9564656414801924
cIAP2,cIAP2_SCAF_4,1,O=C(CC1CCCCC1)N1CCC[C@H]1c1nc(-c2cccc3ccccc23)cs1,O=C(CC1CCCCC1)N1CCC[C@H]1c1nc(-c2cccc3ccccc23)cs1,Polycyclic_Hetero,-1.686759893553308e-14,-1.3984914590892322e-15,0.0249243143753231,1,18,0.05555555555555555,2.5241676616734616,0.9564656414801924
cIAP2,cIAP2_SCAF_5,1,O=C(NC(c1ccccc1)c1ccccc1)[C@@H]1CC[C@@H]2CC[C@H](CCNCc3ccccc3)CC(=O)N21,O=C(NC(c1ccccc1)c1ccccc1)[C@@H]1CC[C@@H]2CC[C@H](CCNCc3ccccc3)CC(=O)N21,Polycyclic_Hetero,3.2017931849358735e-14,-1.16813465807182e-14,0.011638284004675488,1,18,0.05555555555555555,2.5241676616734616,0.9564656414801924
cIAP2,cIAP2_SCAF_6,1,C(COCCOCCOCCOCCOCCOCCOCCOCCO)O,,Acyclic,2.909457186957077e-14,-0.0024777633923348226,-1.1876022051293341e-15,1,18,0.05555555555555555,2.5241676616734616,0.9564656414801924
cIAP2,cIAP2_SCAF_7,3,O=C(N[C@@H]1CCOc2ccccc21)[C@@H]1CN2CCC[C@@H]2CN1C(=O)CC1CCCCC1,O=C(N[C@@H]1CCOc2ccccc21)[C@@H]1CN2CCC[C@@H]2CN1C(=O)CC1CCCCC1,Polycyclic_Hetero,-4.272676488708936e-14,1.7921691067206695e-14,1.715799219875242e-15,1,18,0.16666666666666666,2.5241676616734616,0.9564656414801924
cIAP2,cIAP2_SCAF_8,1,O=C(N[C@@H]1CCCc2ccccc21)[C@@H]1CN2CCC[C@@H]2CN1C(=O)CC1CCCCC1,O=C(N[C@@H]1CCCc2ccccc21)[C@@H]1CN2CCC[C@@H]2CN1C(=O)CC1CCCCC1,Polycyclic_Hetero,1.2747319539799078e-13,-2.907478179783057e-14,-3.1928708043484646e-14,1,18,0.05555555555555555,2.5241676616734616,0.9564656414801924
cIAP2,cIAP2_SCAF_9,1,O=C(N[C@@H]1CCOc2ccccc21)[C@@H]1CN2[C@H](C[C@@H]3C[C@@H]32)CN1C(=O)CC1CCCCC1,O=C(N[C@@H]1CCOc2ccccc21)[C@@H]1CN2[C@H](C[C@@H]3C[C@@H]32)CN1C(=O)CC1CCCCC1,Polycyclic_Hetero,2.1356051255774654e-14,-2.1687461113871715e-14,8.570258930390015e-15,1,18,0.05555555555555555,2.5241676616734616,0.9564656414801924
