Ligase,pdb_id,Ligand,Residue_ID,Variant,MW,Recruiter_Class,Total_atoms,Exposed_atoms,SASA_in_complex_A2,%Exposed,%Buried
CHIP,9R1P,A1J,201,1,562.795,Peptide-like Recruiter,38,26,274.643,0.684,0.316
CHIP,9QEU,A1I,201,1,483.698,Drug-like Recruiter,34,20,242.104,0.588,0.412
CHIP,7ODD,VLS,604,1,181.188,Fragment Recruiter,12,7,21.856,0.583,0.417
CHIP,9QFS,A1I,201,1,426.455,Drug-like Recruiter,29,15,156.855,0.517,0.483
CHIP,4FWN,AQP,503,1,603.289,Peptide-like Recruiter,35,18,247.986,0.514,0.486
CHIP,4FWR,C5P,503,1,331.262,Drug-like Recruiter,21,10,166.281,0.476,0.524
CHIP,9QF1,A1I,201,1,492.606,Drug-like Recruiter,34,16,239.115,0.471,0.529
CHIP,4FWO,5GP,504,1,373.303,Drug-like Recruiter,24,11,174.25,0.458,0.542
CHIP,9QFY,A1I,201,1,433.512,Drug-like Recruiter,28,12,126.405,0.429,0.571
CHIP,6H54,3FD,602,1,580.602,Peptide-like Recruiter,38,14,169.701,0.368,0.632
CRBN,5OH8,ROL,202,1,283.412,Drug-like Recruiter,20,20,479.74,1.0,0.0
CRBN,5AMK,EF2,151,1,272.345,Drug-like Recruiter,19,19,418.944,1.0,0.0
CRBN,6R0U,JO5,202,1,273.333,Drug-like Recruiter,19,19,410.281,1.0,0.0
CRBN,6R0S,JOE,202,1,322.338,Drug-like Recruiter,22,22,469.082,1.0,0.0
CRBN,6R12,JOT,202,1,244.335,Drug-like Recruiter,17,17,395.997,1.0,0.0
CRBN,6R0S,JOH,202,1,305.331,Drug-like Recruiter,21,21,431.399,1.0,0.0
CRBN,6R13,JOK,202,1,258.362,Drug-like Recruiter,18,18,410.467,1.0,0.0
CRBN,6R18,JOQ,202,1,289.376,Drug-like Recruiter,20,20,457.978,1.0,0.0
CRBN,6R19,JON,202,1,247.295,Drug-like Recruiter,17,17,417.631,1.0,0.0
CRBN,6R1A,JP8,202,1,262.33,Drug-like Recruiter,18,18,450.421,1.0,0.0
CRBN,6R1C,JOW,202,1,392.473,Drug-like Recruiter,27,27,588.063,1.0,0.0
CRBN,6R1W,JPW,204,1,290.384,Drug-like Recruiter,20,20,472.403,1.0,0.0
CRBN,8OU3,W1T,202,1,277.34,Drug-like Recruiter,19,19,407.941,1.0,0.0
CRBN,7PSO,835,202,1,300.403,Drug-like Recruiter,21,20,433.676,0.952,0.048
CRBN,6H0G,Y70,502,1,287.36,Drug-like Recruiter,20,19,320.359,0.95,0.05
CRBN,6R0U,JO8,202,1,291.348,Drug-like Recruiter,20,19,422.969,0.95,0.05
CRBN,8BC7,EF2,202,1,272.345,Drug-like Recruiter,19,18,412.11,0.947,0.053
CRBN,8OU4,W2F,202,1,293.795,Drug-like Recruiter,19,18,429.494,0.947,0.053
CRBN,8AOQ,N8F,202,1,279.402,Drug-like Recruiter,18,17,430.655,0.944,0.056
CRBN,5OH1,9UQ,202,1,242.363,Drug-like Recruiter,17,14,387.571,0.824,0.176
CRBN,9NFR,A1B,502,1,315.885,Drug-like Recruiter,21,17,313.405,0.81,0.19
CRBN,9NFQ,A1B,501,1,600.871,Peptide-like Recruiter,41,33,516.873,0.805,0.195
CRBN,8RQ9,A1H,501,1,858.702,Peptide-like Recruiter,60,47,721.508,0.783,0.217
CRBN,9H59,A1I,501,1,424.586,Drug-like Recruiter,30,23,404.852,0.767,0.233
CRBN,9Q2D,85C,502,1,461.047,Drug-like Recruiter,31,22,261.531,0.71,0.29
CRBN,9GY3,A1I,501,1,700.992,Peptide-like Recruiter,48,34,552.373,0.708,0.292
CRBN,7LPS,RN9,502,1,519.127,Peptide-like Recruiter,35,24,259.26,0.686,0.314
CRBN,9E2U,RN9,501,1,519.127,Peptide-like Recruiter,35,24,288.901,0.686,0.314
CRBN,9Q03,A1C,502,1,741.467,Peptide-like Recruiter,51,35,663.274,0.686,0.314
CRBN,5AMH,EF2,151,1,272.345,Drug-like Recruiter,19,13,116.209,0.684,0.316
CRBN,8D80,8W7,502,1,467.651,Drug-like Recruiter,33,22,232.119,0.667,0.333
CRBN,8RQC,QFC,602,1,595.845,Peptide-like Recruiter,42,28,283.386,0.667,0.333
CRBN,8RQ8,QFC,601,1,595.845,Peptide-like Recruiter,42,27,275.627,0.643,0.357
CRBN,8OUA,W0Z,202,1,325.356,Drug-like Recruiter,22,14,151.251,0.636,0.364
CRBN,5YJ0,EF2,501,1,272.345,Drug-like Recruiter,19,12,170.907,0.632,0.368
CRBN,8OU6,W26,202,1,273.377,Drug-like Recruiter,19,12,126.64,0.632,0.368
CRBN,8RDP,A1H,202,1,290.791,Drug-like Recruiter,19,12,104.984,0.632,0.368
CRBN,8RDT,A1H,202,1,346.424,Drug-like Recruiter,24,15,166.806,0.625,0.375
CRBN,9OHR,A1C,501,1,519.731,Peptide-like Recruiter,37,23,367.07,0.622,0.378
CRBN,8D7Z,QFC,502,1,595.845,Peptide-like Recruiter,42,26,303.63,0.619,0.381
CRBN,8D7V,QFC,502,1,595.845,Peptide-like Recruiter,42,26,274.724,0.619,0.381
CRBN,8D7W,QFC,502,1,595.845,Peptide-like Recruiter,42,26,286.477,0.619,0.381
CRBN,9OHQ,A1C,501,1,477.694,Drug-like Recruiter,34,21,299.312,0.618,0.382
CRBN,8DEY,LWK,502,1,435.653,Drug-like Recruiter,31,19,269.946,0.613,0.387
CRBN,9SAF,A1J,502,1,763.535,Peptide-like Recruiter,51,31,509.544,0.608,0.392
CRBN,9O91,A1C,501,1,463.667,Drug-like Recruiter,33,20,285.503,0.606,0.394
CRBN,8OU7,W1F,202,1,289.376,Drug-like Recruiter,20,12,130.219,0.6,0.4
CRBN,9DQD,A1B,502,1,353.511,Drug-like Recruiter,25,15,234.139,0.6,0.4
CRBN,8D7U,QFC,502,1,595.845,Peptide-like Recruiter,42,25,269.373,0.595,0.405
CRBN,8OU5,W1X,202,1,327.347,Drug-like Recruiter,22,13,124.348,0.591,0.409
CRBN,8AOP,MW6,202,1,260.403,Drug-like Recruiter,17,10,114.378,0.588,0.412
CRBN,4V2Y,EF2,151,1,272.345,Drug-like Recruiter,19,11,106.526,0.579,0.421
CRBN,4TZC,EF2,505,1,272.345,Drug-like Recruiter,19,11,185.376,0.579,0.421
CRBN,5YIZ,EF2,501,1,272.345,Drug-like Recruiter,19,11,178.403,0.579,0.421
CRBN,5YJ1,6EL,501,1,272.345,Drug-like Recruiter,19,11,169.677,0.579,0.421
CRBN,8OU9,W1B,202,1,275.349,Drug-like Recruiter,19,11,116.254,0.579,0.421
CRBN,8RDR,A1H,202,1,303.359,Drug-like Recruiter,21,12,127.507,0.571,0.429
CRBN,6XK9,V4M,501,1,482.012,Drug-like Recruiter,32,18,236.193,0.562,0.438
CRBN,4V2Z,Y70,151,1,287.36,Drug-like Recruiter,20,11,107.89,0.55,0.45
CRBN,6R0Q,JNW,202,1,290.36,Drug-like Recruiter,20,11,100.882,0.55,0.45
CRBN,8RDQ,YQO,202,1,325.236,Drug-like Recruiter,20,11,151.987,0.55,0.45
CRBN,8RDS,A1H,202,1,286.372,Drug-like Recruiter,20,11,111.172,0.55,0.45
CRBN,5HXB,85C,502,1,461.047,Drug-like Recruiter,31,17,214.541,0.548,0.452
CRBN,5V3O,8W7,501,1,467.651,Drug-like Recruiter,33,18,188.899,0.545,0.455
CRBN,7PS9,8W7,202,1,467.651,Drug-like Recruiter,33,18,294.625,0.545,0.455
CRBN,9ODR,A1C,501,1,367.49,Drug-like Recruiter,26,14,177.91,0.538,0.462
CRBN,8G66,YOT,502,1,396.532,Drug-like Recruiter,28,15,191.069,0.536,0.464
CRBN,4V30,LVY,151,1,271.361,Drug-like Recruiter,19,10,106.568,0.526,0.474
CRBN,5AMI,EF2,151,1,272.345,Drug-like Recruiter,19,10,87.204,0.526,0.474
CRBN,5OH1,EF2,202,1,272.345,Drug-like Recruiter,19,10,107.733,0.526,0.474
CRBN,6R12,EF2,202,1,272.345,Drug-like Recruiter,19,10,99.416,0.526,0.474
CRBN,6R13,EF2,202,1,272.345,Drug-like Recruiter,19,10,94.722,0.526,0.474
CRBN,8OU3,EF2,202,1,272.345,Drug-like Recruiter,19,10,103.838,0.526,0.474
CRBN,7U8F,LWK,502,1,435.653,Drug-like Recruiter,31,16,273.978,0.516,0.484
CRBN,8U15,8W7,502,1,467.651,Drug-like Recruiter,33,17,258.243,0.515,0.485
CRBN,4TZU,Y70,504,1,287.36,Drug-like Recruiter,20,10,179.647,0.5,0.5
CRBN,6R1D,JP5,202,1,260.334,Drug-like Recruiter,18,9,82.646,0.5,0.5
CRBN,9DWV,A1B,502,1,304.416,Drug-like Recruiter,20,10,143.188,0.5,0.5
CRBN,9Q22,A1C,4000,1,451.652,Drug-like Recruiter,32,16,268.721,0.5,0.5
CRBN,8TZX,U3I,502,1,411.587,Drug-like Recruiter,29,14,253.448,0.483,0.517
CRBN,8TNQ,MIQ,502,1,357.451,Drug-like Recruiter,25,12,173.05,0.48,0.52
CRBN,8TNR,MIQ,502,1,357.451,Drug-like Recruiter,25,12,197.044,0.48,0.52
CRBN,4V32,EF2,151,1,272.345,Drug-like Recruiter,19,9,97.137,0.474,0.526
CRBN,5AMJ,EF2,151,1,272.345,Drug-like Recruiter,19,9,83.853,0.474,0.526
CRBN,6R0S,EF2,202,1,272.345,Drug-like Recruiter,19,9,99.416,0.474,0.526
CRBN,6R19,EF2,202,1,272.345,Drug-like Recruiter,19,9,95.793,0.474,0.526
CRBN,6R1A,EF2,202,1,272.345,Drug-like Recruiter,19,9,98.208,0.474,0.526
CRBN,6R1C,EF2,203,1,272.345,Drug-like Recruiter,19,9,97.137,0.474,0.526
CRBN,7PSO,EF2,202,1,272.345,Drug-like Recruiter,19,9,99.552,0.474,0.526
CRBN,9FJX,LVY,502,1,271.361,Drug-like Recruiter,19,9,78.564,0.474,0.526
CRBN,7PJK,7SE,202,1,242.323,Drug-like Recruiter,17,8,97.112,0.471,0.529
CRBN,9GJQ,A1I,201,1,241.335,Drug-like Recruiter,17,8,75.124,0.471,0.529
CRBN,7BQV,F4U,501,1,288.344,Drug-like Recruiter,20,9,82.982,0.45,0.55
CRBN,9DWW,A1B,502,1,304.416,Drug-like Recruiter,20,9,132.103,0.45,0.55
CRBN,9GAO,A1I,501,1,288.388,Drug-like Recruiter,20,9,181.373,0.45,0.55
CRBN,9ODS,A1C,501,1,353.467,Drug-like Recruiter,25,11,150.07,0.44,0.56
CRBN,6R0U,EF2,202,1,272.345,Drug-like Recruiter,19,8,96.202,0.421,0.579
CRBN,6R11,JOB,202,1,273.333,Drug-like Recruiter,19,8,118.003,0.421,0.579
CRBN,6R18,EF2,202,1,272.345,Drug-like Recruiter,19,8,98.345,0.421,0.579
CRBN,4CI2,LVY,1429,1,271.361,Drug-like Recruiter,19,8,87.519,0.421,0.579
CRBN,4TZ4,LVY,502,1,271.361,Drug-like Recruiter,19,8,77.036,0.421,0.579
CRBN,6R1K,JPB,202,1,333.643,Drug-like Recruiter,19,8,117.277,0.421,0.579
CRBN,5FQD,LVY,1438,1,271.361,Drug-like Recruiter,19,8,75.515,0.421,0.579
CRBN,6R1W,EF2,202,1,272.345,Drug-like Recruiter,19,8,98.208,0.421,0.579
CRBN,7BQU,EF2,501,1,272.345,Drug-like Recruiter,19,8,77.406,0.421,0.579
CRBN,8RQA,LVY,501,1,271.361,Drug-like Recruiter,19,8,96.996,0.421,0.579
CRBN,6R0V,JO2,202,1,323.346,Drug-like Recruiter,22,9,115.715,0.409,0.591
CRBN,8OJH,VP9,502,1,317.386,Drug-like Recruiter,22,9,99.781,0.409,0.591
CRBN,8TNP,Y70,502,1,287.36,Drug-like Recruiter,20,8,88.571,0.4,0.6
CRBN,4V31,DUR,151,1,234.252,Drug-like Recruiter,16,6,65.277,0.375,0.625
CRBN,7SHH,9FT,202,1,229.32,Drug-like Recruiter,16,6,109.995,0.375,0.625
CRBN,4CI1,EF2,1429,1,272.345,Drug-like Recruiter,19,7,76.744,0.368,0.632
CRBN,6R1X,JPQ,202,1,204.27,Drug-like Recruiter,14,5,75.808,0.357,0.643
CRBN,4CI3,Y70,1429,1,287.36,Drug-like Recruiter,20,7,80.935,0.35,0.65
CRBN,6H0F,Y70,502,1,287.36,Drug-like Recruiter,20,7,75.492,0.35,0.65
CRBN,8D81,Y70,502,1,287.36,Drug-like Recruiter,20,7,67.102,0.35,0.65
CRBN,8OIZ,Y70,502,1,287.36,Drug-like Recruiter,20,7,72.186,0.35,0.65
CRBN,8U17,Y70,502,1,287.36,Drug-like Recruiter,20,7,93.332,0.35,0.65
CRBN,9NGT,A1B,502,1,304.416,Drug-like Recruiter,20,7,87.551,0.35,0.65
CRBN,6UML,Y70,502,1,287.36,Drug-like Recruiter,20,6,77.109,0.3,0.7
CRBN,8U16,Y70,502,1,287.36,Drug-like Recruiter,20,6,68.475,0.3,0.7
DCAF1,8OG6,LQH,1502,2,280.431,Drug-like Recruiter,20,19,201.106,0.95,0.05
DCAF1,8OG5,LQH,1505,3,280.431,Drug-like Recruiter,20,19,201.223,0.95,0.05
DCAF1,8OGC,VMZ,1507,2,511.199,Peptide-like Recruiter,35,29,296.448,0.829,0.171
DCAF1,9DLW,A1B,1401,1,1521.744,Peptide-like Recruiter,102,78,929.766,0.765,0.235
DCAF1,8OG5,LQH,1504,2,280.431,Drug-like Recruiter,20,14,152.854,0.7,0.3
DCAF1,8OG7,VMR,1503,1,300.874,Drug-like Recruiter,20,14,186.474,0.7,0.3
DCAF1,8OG9,VM3,1502,2,336.951,Drug-like Recruiter,23,16,144.983,0.696,0.304
DCAF1,7SSE,B1I,1401,1,369.529,Drug-like Recruiter,26,15,90.783,0.577,0.423
DCAF1,8OG8,VM8,1502,2,318.549,Drug-like Recruiter,23,13,141.293,0.565,0.435
DCAF1,8OG6,LQH,1501,1,280.431,Drug-like Recruiter,20,11,57.966,0.55,0.45
DCAF1,7UFV,N6O,1401,1,406.974,Drug-like Recruiter,27,13,64.453,0.481,0.519
DCAF1,8F8E,XJI,1401,1,459.409,Drug-like Recruiter,29,13,54.562,0.448,0.552
DCAF1,9PLY,A1C,1401,1,559.57,Peptide-like Recruiter,36,15,137.753,0.417,0.583
DCAF1,9Y76,A1C,1401,1,642.684,Peptide-like Recruiter,42,17,137.239,0.405,0.595
DCAF1,8OG8,VM8,1501,1,318.549,Drug-like Recruiter,23,9,72.458,0.391,0.609
DCAF1,8OGA,VLW,1406,1,430.681,Drug-like Recruiter,31,12,120.421,0.387,0.613
DCAF1,8OGC,VMZ,1506,1,511.199,Peptide-like Recruiter,35,13,106.082,0.371,0.629
DCAF1,8OGB,VN5,1502,1,448.7,Drug-like Recruiter,32,11,95.061,0.344,0.656
DCAF1,8OG9,VM3,1501,1,336.951,Drug-like Recruiter,23,7,53.293,0.304,0.696
DCAF1,8OG5,LQH,1503,1,280.431,Drug-like Recruiter,20,6,49.513,0.3,0.7
DCAF15,6Q0R,O6M,302,1,360.568,Drug-like Recruiter,24,20,327.602,0.833,0.167
DCAF15,6Q0W,EF6,501,1,403.998,Drug-like Recruiter,24,20,336.789,0.833,0.167
DCAF15,6UE5,Q5J,701,1,360.568,Drug-like Recruiter,24,20,163.734,0.833,0.167
DCAF15,6SJ7,EF6,701,1,403.998,Drug-like Recruiter,24,19,190.011,0.792,0.208
DCAF15,6UD7,EF6,702,1,403.998,Drug-like Recruiter,24,18,171.776,0.75,0.25
DCAF15,8ROX,A1H,701,1,432.414,Drug-like Recruiter,26,19,246.788,0.731,0.269
DCAF15,6Q0V,P7M,301,1,429.229,Drug-like Recruiter,20,14,277.659,0.7,0.3
DCAF15,8ROY,A1H,701,1,531.547,Peptide-like Recruiter,33,22,275.035,0.667,0.333
DCAF15,6PAI,O6M,901,1,360.568,Drug-like Recruiter,24,16,152.662,0.667,0.333
DCAF16,8G46,YK3,1002,1,549.848,Peptide-like Recruiter,36,32,493.296,0.889,0.111
HUWE1,5Y5C,HXA,202,2,342.608,Drug-like Recruiter,24,24,597.959,1.0,0.0
HUWE1,8Y26,A1L,201,1,345.436,Drug-like Recruiter,24,24,530.51,1.0,0.0
HUWE1,7BKU,PHN,401,1,194.322,Fragment Recruiter,14,14,102.897,1.0,0.0
HUWE1,7H5V,PHN,402,1,194.322,Fragment Recruiter,14,14,102.897,1.0,0.0
HUWE1,7H5Y,PHN,402,1,194.322,Fragment Recruiter,14,14,101.803,1.0,0.0
HUWE1,7H5X,PHN,402,1,194.322,Fragment Recruiter,14,14,100.596,1.0,0.0
HUWE1,7H5Z,PHN,402,1,194.322,Fragment Recruiter,14,14,111.122,1.0,0.0
HUWE1,5EYO,1CC,11,1,343.273,Drug-like Recruiter,22,21,403.415,0.955,0.045
HUWE1,4EYI,DG8,840,1,570.672,Peptide-like Recruiter,39,37,572.773,0.949,0.051
HUWE1,7RCU,D5M,201,1,259.31,Drug-like Recruiter,18,17,400.446,0.944,0.056
HUWE1,4EYH,DG8,840,1,570.672,Peptide-like Recruiter,39,36,502.14,0.923,0.077
HUWE1,3G6V,3DR,840,1,182.112,Fragment Recruiter,11,10,129.934,0.909,0.091
HUWE1,7RCU,V7J,201,1,162.189,Fragment Recruiter,11,10,218.847,0.909,0.091
HUWE1,3H4B,DTP,875,1,505.295,Peptide-like Recruiter,30,25,365.401,0.833,0.167
HUWE1,6C8C,EQ7,201,1,488.884,Drug-like Recruiter,30,25,266.253,0.833,0.167
HUWE1,2DPI,EDA,840,1,349.328,Drug-like Recruiter,23,19,233.635,0.826,0.174
HUWE1,2DPJ,EDA,840,1,349.328,Drug-like Recruiter,23,19,238.386,0.826,0.174
HUWE1,3OSN,6OG,840,1,353.316,Drug-like Recruiter,23,19,260.513,0.826,0.174
HUWE1,3G6X,3DR,840,1,182.112,Fragment Recruiter,11,9,86.866,0.818,0.182
HUWE1,3G6Y,3DR,840,1,182.112,Fragment Recruiter,11,9,86.242,0.818,0.182
HUWE1,5QBK,D97,404,2,383.533,Drug-like Recruiter,27,22,318.757,0.815,0.185
HUWE1,7BKY,U1E,401,1,224.392,Drug-like Recruiter,16,13,138.877,0.812,0.188
HUWE1,4EBE,DTP,501,1,505.295,Peptide-like Recruiter,30,24,248.204,0.8,0.2
HUWE1,3Q8P,8OG,840,1,355.288,Drug-like Recruiter,23,18,213.225,0.783,0.217
HUWE1,3Q8Q,8OG,840,1,355.288,Drug-like Recruiter,23,18,229.963,0.783,0.217
HUWE1,3Q8R,8OG,840,1,355.288,Drug-like Recruiter,23,18,282.923,0.783,0.217
HUWE1,9I1S,MPO,706,1,211.283,Drug-like Recruiter,13,10,146.777,0.769,0.231
HUWE1,3GV5,ADI,425,1,407.301,Drug-like Recruiter,25,19,239.206,0.76,0.24
HUWE1,4FS2,EFG,840,1,383.317,Drug-like Recruiter,25,19,248.234,0.76,0.24
HUWE1,7BKW,U1E,1101,1,224.392,Drug-like Recruiter,16,12,138.877,0.75,0.25
HUWE1,5QBK,D97,403,1,383.533,Drug-like Recruiter,27,20,182.567,0.741,0.259
HUWE1,3Q8S,8OG,840,1,355.288,Drug-like Recruiter,23,17,221.044,0.739,0.261
HUWE1,3G6X,DGT,875,1,521.294,Peptide-like Recruiter,31,21,183.855,0.677,0.323
HUWE1,3H4D,DGT,875,1,521.294,Peptide-like Recruiter,31,20,162.402,0.645,0.355
HUWE1,3Q8R,DGT,421,1,521.294,Peptide-like Recruiter,31,20,247.975,0.645,0.355
HUWE1,2ALZ,DCP,875,1,479.253,Drug-like Recruiter,28,18,159.398,0.643,0.357
HUWE1,3Q8Q,DTP,1,1,505.295,Peptide-like Recruiter,30,19,206.926,0.633,0.367
HUWE1,4EYI,DTP,501,1,505.295,Peptide-like Recruiter,30,19,174.436,0.633,0.367
HUWE1,8Q14,IJS,404,1,528.642,Peptide-like Recruiter,35,22,177.253,0.629,0.371
HUWE1,3GV8,DGT,421,1,521.294,Peptide-like Recruiter,31,19,183.025,0.613,0.387
HUWE1,3WZ8,IXV,401,1,481.791,Drug-like Recruiter,33,20,138.646,0.606,0.394
HUWE1,5Y5C,HXA,201,1,342.608,Drug-like Recruiter,24,14,204.473,0.583,0.417
HUWE1,8Q13,IK5,409,1,496.644,Drug-like Recruiter,33,19,147.658,0.576,0.424
HUWE1,2DPI,DCP,875,1,479.253,Drug-like Recruiter,28,16,154.862,0.571,0.429
HUWE1,4FS2,DCP,503,1,479.253,Drug-like Recruiter,28,16,151.898,0.571,0.429
HUWE1,5X5M,7YU,302,1,709.951,Peptide-like Recruiter,49,27,257.352,0.551,0.449
HUWE1,4EBD,0OJ,501,1,515.334,Peptide-like Recruiter,31,17,221.511,0.548,0.452
HUWE1,3WZ7,IXY,401,1,508.817,Peptide-like Recruiter,35,19,148.174,0.543,0.457
HUWE1,3Q8P,DCP,421,1,479.253,Drug-like Recruiter,28,15,187.85,0.536,0.464
HUWE1,4EYH,DCP,501,1,479.253,Drug-like Recruiter,28,15,175.34,0.536,0.464
HUWE1,5KT2,0KX,501,1,478.269,Drug-like Recruiter,28,15,149.614,0.536,0.464
HUWE1,4EBC,0OH,501,1,515.334,Peptide-like Recruiter,31,16,173.001,0.516,0.484
HUWE1,5KT6,0KX,501,1,478.269,Drug-like Recruiter,28,14,153.484,0.5,0.5
HUWE1,5OG7,FLK,402,1,195.674,Fragment Recruiter,12,6,37.346,0.5,0.5
HUWE1,7H5L,U1H,2502,1,181.201,Fragment Recruiter,12,6,53.781,0.5,0.5
HUWE1,3GQC,DCP,101,1,479.253,Drug-like Recruiter,28,13,126.117,0.464,0.536
HUWE1,2KT4,EB4,158,1,,Peptide-like Recruiter,48,22,158.974,0.458,0.542
HUWE1,2KLH,5GP,187,1,,Peptide-like Recruiter,24,9,81.582,0.375,0.625
HUWE1,3HBF,UDP,900,1,414.241,Drug-like Recruiter,25,9,65.768,0.36,0.64
HUWE1,7HJY,FA0,302,1,,Peptide-like Recruiter,11,3,25.869,0.273,0.727
KEAP1,5WHL,HPP,701,1,174.24,Fragment Recruiter,12,12,327.271,1.0,0.0
KEAP1,5WHO,AO7,702,1,202.25,Drug-like Recruiter,14,14,341.999,1.0,0.0
KEAP1,5WIY,1XM,704,1,175.261,Fragment Recruiter,11,11,302.198,1.0,0.0
KEAP1,6V6Z,DTD,707,1,154.256,Fragment Recruiter,8,8,278.421,1.0,0.0
KEAP1,7C5E,PGE,804,1,150.174,Fragment Recruiter,10,10,235.972,1.0,0.0
KEAP1,7OFD,VBW,714,1,187.258,Fragment Recruiter,13,13,132.918,1.0,0.0
KEAP1,7YEN,DHC,711,1,190.239,Fragment Recruiter,13,13,236.835,1.0,0.0
KEAP1,8Q1R,IZS,101,1,259.394,Drug-like Recruiter,18,18,410.685,1.0,0.0
KEAP1,8Q1Q,IZS,101,1,259.394,Drug-like Recruiter,18,17,437.64,0.944,0.056
KEAP1,6FFM,D8N,500,1,214.309,Drug-like Recruiter,15,14,254.007,0.933,0.067
KEAP1,5FZJ,75K,1614,1,173.212,Fragment Recruiter,12,11,118.924,0.917,0.083
KEAP1,5FZN,FB2,1615,1,165.258,Fragment Recruiter,10,9,102.947,0.9,0.1
KEAP1,6UF0,Q5Y,701,1,584.842,Peptide-like Recruiter,38,34,672.738,0.895,0.105
KEAP1,3VNG,FUU,301,1,376.454,Drug-like Recruiter,26,23,271.646,0.885,0.115
KEAP1,4L7B,1VV,701,1,466.663,Drug-like Recruiter,33,29,494.332,0.879,0.121
KEAP1,6FMQ,DYW,2,1,219.261,Drug-like Recruiter,15,13,281.976,0.867,0.133
KEAP1,9J71,A1E,701,1,1474.079,Peptide-like Recruiter,97,84,1595.219,0.866,0.134
KEAP1,6QMD,J6N,703,2,330.88,Drug-like Recruiter,22,19,285.324,0.864,0.136
KEAP1,9J7G,A1E,701,1,1518.132,Peptide-like Recruiter,100,84,1514.771,0.84,0.16
KEAP1,7OF8,VCQ,701,1,228.332,Drug-like Recruiter,16,13,116.95,0.812,0.188
KEAP1,7OFC,VCT,705,1,267.413,Drug-like Recruiter,19,15,159.199,0.789,0.211
KEAP1,7OFE,VBQ,710,1,299.411,Drug-like Recruiter,21,16,151.892,0.762,0.238
KEAP1,6TYM,08A,703,1,506.776,Peptide-like Recruiter,36,27,370.961,0.75,0.25
KEAP1,7OFF,VCB,712,1,381.557,Drug-like Recruiter,27,20,158.449,0.741,0.259
KEAP1,7OF9,VBK,701,1,173.281,Fragment Recruiter,11,8,84.015,0.727,0.273
KEAP1,4IN4,4ID,706,2,519.696,Peptide-like Recruiter,33,23,269.303,0.697,0.303
KEAP1,9ETY,A1H,301,1,394.607,Drug-like Recruiter,25,17,191.784,0.68,0.32
KEAP1,6ZEY,QGZ,706,1,403.589,Drug-like Recruiter,27,18,116.895,0.667,0.333
KEAP1,7OFA,VBT,701,1,218.055,Drug-like Recruiter,12,8,56.074,0.667,0.333
KEAP1,9HWS,A1I,701,1,383.573,Drug-like Recruiter,27,18,143.532,0.667,0.333
KEAP1,5GIT,XXT,201,1,374.474,Drug-like Recruiter,26,17,280.263,0.654,0.346
KEAP1,9HWQ,B0A,701,1,241.375,Drug-like Recruiter,17,11,108.116,0.647,0.353
KEAP1,6ZF0,QHT,712,1,459.697,Drug-like Recruiter,31,20,154.309,0.645,0.355
KEAP1,7P58,5UI,703,1,408.485,Drug-like Recruiter,28,18,121.961,0.643,0.357
KEAP1,6ZF2,QJ5,706,1,445.67,Drug-like Recruiter,30,19,159.504,0.633,0.367
KEAP1,9J7F,A1E,701,1,1355.947,Peptide-like Recruiter,89,56,861.51,0.629,0.371
KEAP1,9ETX,A1H,301,1,400.01,Drug-like Recruiter,24,15,192.868,0.625,0.375
KEAP1,9F2P,A1H,701,1,588.852,Peptide-like Recruiter,40,25,210.903,0.625,0.375
KEAP1,7OFB,VCN,708,1,295.467,Drug-like Recruiter,21,13,170.749,0.619,0.381
KEAP1,7Q6Q,8ZL,701,1,579.805,Peptide-like Recruiter,39,24,231.594,0.615,0.385
KEAP1,9HWR,A1I,701,1,370.534,Drug-like Recruiter,26,16,142.101,0.615,0.385
KEAP1,4CXT,SXJ,9999,1,505.784,Peptide-like Recruiter,36,22,282.26,0.611,0.389
KEAP1,6ZF5,QH8,718,1,519.749,Peptide-like Recruiter,35,21,200.026,0.6,0.4
KEAP1,6ZF6,QH2,719,1,545.787,Peptide-like Recruiter,37,22,190.229,0.595,0.405
KEAP1,5CGJ,51M,705,1,472.736,Drug-like Recruiter,32,19,176.326,0.594,0.406
KEAP1,7P5E,5VX,703,1,423.5,Drug-like Recruiter,29,17,134.373,0.586,0.414
KEAP1,9DU7,A1B,201,1,361.918,Drug-like Recruiter,24,14,181.586,0.583,0.417
KEAP1,3VNH,FUU,301,1,376.454,Drug-like Recruiter,26,15,129.454,0.577,0.423
KEAP1,4IN4,4ID,705,1,519.696,Peptide-like Recruiter,33,19,203.793,0.576,0.424
KEAP1,9VD2,A1L,701,1,703.744,Peptide-like Recruiter,47,27,292.868,0.574,0.426
KEAP1,9F2Q,A1H,701,1,614.89,Peptide-like Recruiter,42,24,199.582,0.571,0.429
KEAP1,4IQK,IQK,701,1,524.79,Peptide-like Recruiter,34,19,183.621,0.559,0.441
KEAP1,6ZF7,QHQ,718,1,493.667,Drug-like Recruiter,33,18,146.17,0.545,0.455
KEAP1,9UO8,A1L,701,1,666.004,Peptide-like Recruiter,44,24,277.237,0.545,0.455
KEAP1,7Q5H,92I,701,1,524.725,Peptide-like Recruiter,35,19,225.799,0.543,0.457
KEAP1,6ZF8,QHZ,717,1,575.813,Peptide-like Recruiter,39,21,239.043,0.538,0.462
KEAP1,8IVG,SGO,701,1,367.574,Drug-like Recruiter,26,14,127.332,0.538,0.462
KEAP1,6ZEX,QHN,707,1,240.347,Drug-like Recruiter,17,9,80.621,0.529,0.471
KEAP1,6Z6A,Q9E,701,1,506.71,Peptide-like Recruiter,34,18,215.067,0.529,0.471
KEAP1,6ZEZ,QHH,701,1,477.734,Drug-like Recruiter,34,18,166.907,0.529,0.471
KEAP1,7P5N,5RQ,702,1,476.726,Drug-like Recruiter,34,18,151.094,0.529,0.471
KEAP1,6QMJ,J6K,703,1,531.784,Peptide-like Recruiter,36,19,190.537,0.528,0.472
KEAP1,5DAF,58E,201,1,350.551,Drug-like Recruiter,25,13,166.836,0.52,0.48
KEAP1,4L7C,1VW,701,1,492.709,Drug-like Recruiter,35,18,198.298,0.514,0.486
KEAP1,5FNQ,S0W,1614,1,191.678,Fragment Recruiter,12,6,57.836,0.5,0.5
KEAP1,5FNR,XMS,1614,1,330.88,Drug-like Recruiter,22,11,106.98,0.5,0.5
KEAP1,6V6Z,Q5Y,703,1,584.842,Peptide-like Recruiter,38,19,205.234,0.5,0.5
KEAP1,7P5F,5QZ,702,1,394.58,Drug-like Recruiter,28,14,103.974,0.5,0.5
KEAP1,7Q96,9P0,701,1,634.881,Peptide-like Recruiter,43,21,233.532,0.488,0.512
KEAP1,9J7G,GFD,701,1,627.915,Peptide-like Recruiter,41,20,194.244,0.488,0.512
KEAP1,6ZF4,QHW,719,1,519.749,Peptide-like Recruiter,35,17,136.817,0.486,0.514
KEAP1,6ZF1,QHK,711,1,463.641,Drug-like Recruiter,31,15,111.847,0.484,0.516
KEAP1,6ZF3,QH5,1101,1,429.635,Drug-like Recruiter,29,14,121.513,0.483,0.517
KEAP1,6HWS,GX8,1002,1,700.958,Peptide-like Recruiter,46,22,272.852,0.478,0.522
KEAP1,6QMC,J6H,701,1,290.811,Drug-like Recruiter,19,9,83.961,0.474,0.526
KEAP1,5FNT,0PL,1615,1,522.176,Peptide-like Recruiter,34,16,161.556,0.471,0.529
KEAP1,7Q6S,91M,701,1,632.869,Peptide-like Recruiter,43,20,215.707,0.465,0.535
KEAP1,9J71,GFD,701,1,627.915,Peptide-like Recruiter,41,19,204.779,0.463,0.537
KEAP1,5FNU,L6I,1615,1,573.821,Peptide-like Recruiter,39,18,177.367,0.462,0.538
KEAP1,7P5K,5UZ,702,1,494.716,Drug-like Recruiter,35,16,157.074,0.457,0.543
KEAP1,6QMD,J6N,702,1,330.88,Drug-like Recruiter,22,10,102.711,0.455,0.545
KEAP1,4ZY3,K67,702,1,610.924,Peptide-like Recruiter,40,18,200.427,0.45,0.55
KEAP1,5FNS,XYY,1614,1,454.057,Drug-like Recruiter,29,13,134.931,0.448,0.552
KEAP1,8IVR,SIU,701,1,381.601,Drug-like Recruiter,27,12,132.277,0.444,0.556
KEAP1,7Q8R,9IB,701,1,634.881,Peptide-like Recruiter,43,19,216.134,0.442,0.558
KEAP1,8XGV,A1L,701,1,486.713,Drug-like Recruiter,34,15,158.138,0.441,0.559
KEAP1,7XM2,GFD,702,2,,Peptide-like Recruiter,41,18,168.177,0.439,0.561
KEAP1,6QME,J6Q,702,1,344.907,Drug-like Recruiter,23,10,133.798,0.435,0.565
KEAP1,6TYP,PKG,802,1,492.749,Drug-like Recruiter,35,15,139.931,0.429,0.571
KEAP1,8A46,L5F,701,1,616.866,Peptide-like Recruiter,42,18,165.664,0.429,0.571
KEAP1,9HWU,A1I,701,1,495.701,Drug-like Recruiter,35,15,144.682,0.429,0.571
KEAP1,6QMK,J8H,702,1,559.794,Peptide-like Recruiter,38,16,173.336,0.421,0.579
KEAP1,6UF0,Q5V,701,1,667.854,Peptide-like Recruiter,43,18,176.622,0.419,0.581
KEAP1,7XM2,GFD,701,1,627.915,Peptide-like Recruiter,41,17,168.909,0.415,0.585
KEAP1,5DAD,TX6,201,1,311.47,Drug-like Recruiter,22,9,137.238,0.409,0.591
KEAP1,4N1B,2FS,701,1,450.664,Drug-like Recruiter,32,13,145.424,0.406,0.594
KEAP1,4XMB,41P,701,1,642.926,Peptide-like Recruiter,42,17,162.331,0.405,0.595
KEAP1,9HWT,A1I,701,1,523.755,Peptide-like Recruiter,37,15,147.594,0.405,0.595
KEAP1,6SP4,LQK,701,1,497.677,Drug-like Recruiter,35,14,143.246,0.4,0.6
KEAP1,9HWV,A1I,701,1,495.701,Drug-like Recruiter,35,14,120.78,0.4,0.6
KEAP1,8IXS,T6I,701,1,399.591,Drug-like Recruiter,28,11,124.53,0.393,0.607
KEAP1,6TYM,08A,704,2,506.776,Peptide-like Recruiter,36,14,145.306,0.389,0.611
KEAP1,9HWW,A1I,701,1,509.728,Peptide-like Recruiter,36,14,139.847,0.389,0.611
KEAP1,7P5I,5X9,703,1,479.69,Drug-like Recruiter,34,13,133.502,0.382,0.618
KEAP1,4IFN,12O,701,1,466.663,Drug-like Recruiter,33,12,154.232,0.364,0.636
KEAP1,4L7D,1VX,701,1,464.691,Drug-like Recruiter,33,12,150.119,0.364,0.636
KEAP1,7P5P,5RB,703,1,561.836,Peptide-like Recruiter,40,14,135.781,0.35,0.65
KEAP1,8XGK,A1L,701,1,481.093,Drug-like Recruiter,32,11,111.426,0.344,0.656
KEAP1,6SP1,LQ8,701,1,526.715,Peptide-like Recruiter,37,12,162.414,0.324,0.676
KEAP1,9HWX,A1I,701,1,523.755,Peptide-like Recruiter,37,12,134.218,0.324,0.676
MDM2,2AXI,MPO,201,1,211.283,Drug-like Recruiter,13,13,354.265,1.0,0.0
MDM2,2GV2,PM3,5,1,253.279,Drug-like Recruiter,16,16,308.395,1.0,0.0
MDM2,3FE7,PM3,5,1,253.279,Drug-like Recruiter,16,16,306.433,1.0,0.0
MDM2,5XXK,THC,17,1,149.19,Fragment Recruiter,10,10,274.204,1.0,0.0
MDM2,6T2F,M9H,201,1,288.436,Drug-like Recruiter,20,20,373.895,1.0,0.0
MDM2,6T2D,M9E,101,1,288.436,Drug-like Recruiter,20,20,403.032,1.0,0.0
MDM2,7NUS,CCS,14,1,151.231,Fragment Recruiter,9,9,264.235,1.0,0.0
MDM2,9FQL,URL,25,1,104.153,Fragment Recruiter,7,7,198.878,1.0,0.0
MDM2,9GFK,URL,9,1,146.234,Fragment Recruiter,10,10,260.66,1.0,0.0
MDM2,9GFK,URL,10,2,146.234,Fragment Recruiter,10,10,325.213,1.0,0.0
MDM2,9GFK,A1I,11,1,217.378,Drug-like Recruiter,14,14,418.468,1.0,0.0
MDM2,9GFC,HRG,9,1,176.264,Fragment Recruiter,12,12,288.796,1.0,0.0
MDM2,6H22,FL5,1001,1,463.739,Drug-like Recruiter,33,32,492.183,0.97,0.03
MDM2,3U15,03M,1,1,421.96,Drug-like Recruiter,28,27,328.164,0.964,0.036
MDM2,3VBG,03M,1,1,421.96,Drug-like Recruiter,28,27,298.636,0.964,0.036
MDM2,5WTS,CRO,66,1,317.43,Drug-like Recruiter,22,21,497.559,0.955,0.045
MDM2,3FEA,PM3,5,1,253.279,Drug-like Recruiter,16,15,318.271,0.938,0.062
MDM2,3V3B,0EH,20,1,173.3,Fragment Recruiter,12,11,362.53,0.917,0.083
MDM2,4UMN,0EH,20,1,173.3,Fragment Recruiter,12,11,266.696,0.917,0.083
MDM2,5XXK,0EH,20,1,173.3,Fragment Recruiter,12,11,271.14,0.917,0.083
MDM2,6V4G,0EH,20,1,173.3,Fragment Recruiter,12,11,262.481,0.917,0.083
MDM2,6V4E,0EH,20,1,173.3,Fragment Recruiter,12,11,241.2,0.917,0.083
MDM2,8GJS,0EH,5,1,173.3,Fragment Recruiter,12,11,254.436,0.917,0.083
MDM2,3IUX,HIA,18,1,160.221,Fragment Recruiter,11,10,166.23,0.909,0.091
MDM2,4J74,I18,202,2,319.32,Drug-like Recruiter,20,18,286.671,0.9,0.1
MDM2,3LBJ,WW8,112,2,655.844,Peptide-like Recruiter,44,39,486.328,0.886,0.114
MDM2,4N5T,0EH,20,1,173.3,Fragment Recruiter,12,10,185.338,0.833,0.167
MDM2,7NUS,BIF,11,2,239.403,Drug-like Recruiter,17,14,192.078,0.824,0.176
MDM2,5AFG,LAY,1,1,161.245,Fragment Recruiter,11,9,192.568,0.818,0.182
MDM2,6Y4Q,O9E,1001,1,628.998,Peptide-like Recruiter,42,34,585.026,0.81,0.19
MDM2,5AFG,P07,1030,1,362.566,Drug-like Recruiter,26,21,340.706,0.808,0.192
MDM2,6Q9Y,HRQ,201,1,365.562,Drug-like Recruiter,26,21,136.235,0.808,0.192
MDM2,2GV2,6CW,6,1,232.755,Drug-like Recruiter,15,12,207.476,0.8,0.2
MDM2,3FEA,6CW,6,1,232.755,Drug-like Recruiter,15,12,206.703,0.8,0.2
MDM2,4MDQ,28W,202,2,522.131,Peptide-like Recruiter,35,28,371.826,0.8,0.2
MDM2,1RV1,IMZ,111,2,708.621,Peptide-like Recruiter,41,32,485.053,0.78,0.22
MDM2,7NUS,BIF,10,1,239.403,Drug-like Recruiter,17,13,220.078,0.765,0.235
MDM2,6AAW,0EH,4,1,173.3,Fragment Recruiter,12,9,180.688,0.75,0.25
MDM2,6KZU,E03,3,1,216.3,Drug-like Recruiter,15,11,124.35,0.733,0.267
MDM2,8AEU,M0L,302,1,619.719,Peptide-like Recruiter,41,30,392.014,0.732,0.268
MDM2,5VK0,9E7,8,1,178.301,Fragment Recruiter,11,8,147.332,0.727,0.273
MDM2,5VK1,9E7,4,1,178.301,Fragment Recruiter,11,8,163.167,0.727,0.273
MDM2,8IA5,NUT,201,1,605.692,Peptide-like Recruiter,40,29,553.538,0.725,0.275
MDM2,7NA1,1GI,201,1,528.207,Peptide-like Recruiter,35,25,232.06,0.714,0.286
MDM2,2N0W,48L,200,1,,Peptide-like Recruiter,41,29,342.65,0.707,0.293
MDM2,7NA2,1I0,201,1,568.207,Peptide-like Recruiter,39,27,246.01,0.692,0.308
MDM2,4ZYC,4SS,201,1,558.208,Peptide-like Recruiter,38,26,220.829,0.684,0.316
MDM2,2N14,49H,200,1,,Peptide-like Recruiter,40,27,317.589,0.675,0.325
MDM2,2AXI,6CW,23,1,232.755,Drug-like Recruiter,15,10,167.106,0.667,0.333
MDM2,7BJ0,TVH,201,1,535.553,Peptide-like Recruiter,35,23,348.902,0.657,0.343
MDM2,7C3Y,NUT,202,1,605.692,Peptide-like Recruiter,40,26,285.703,0.65,0.35
MDM2,7C44,NUT,201,1,605.692,Peptide-like Recruiter,40,26,281.724,0.65,0.35
MDM2,1TTV,IMY,120,1,,Peptide-like Recruiter,31,20,187.573,0.645,0.355
MDM2,6Q9U,HRE,201,1,573.227,Peptide-like Recruiter,39,25,256.543,0.641,0.359
MDM2,7C3Q,NUT,202,1,605.692,Peptide-like Recruiter,40,25,287.375,0.625,0.375
MDM2,8HDG,NUT,201,1,605.692,Peptide-like Recruiter,40,25,295.996,0.625,0.375
MDM2,4JV9,1MO,201,1,446.503,Drug-like Recruiter,29,18,197.453,0.621,0.379
MDM2,4ZFI,4NJ,201,1,536.028,Peptide-like Recruiter,34,21,238.279,0.618,0.382
MDM2,4ZYF,4T4,201,1,681.447,Peptide-like Recruiter,47,29,341.133,0.617,0.383
MDM2,5J7G,6GG,201,1,709.816,Peptide-like Recruiter,47,28,445.949,0.596,0.404
MDM2,6Q9Q,HUE,201,1,695.909,Peptide-like Recruiter,47,28,309.433,0.596,0.404
MDM2,4JV7,1MN,201,1,535.405,Peptide-like Recruiter,29,17,195.313,0.586,0.414
MDM2,3JZK,YIN,1,1,560.419,Peptide-like Recruiter,31,18,170.641,0.581,0.419
MDM2,4ZGK,4NX,201,1,522.985,Peptide-like Recruiter,33,19,239.442,0.576,0.424
MDM2,4J7E,I29,201,1,583.711,Peptide-like Recruiter,37,21,371.571,0.568,0.432
MDM2,2N06,44Z,200,1,,Peptide-like Recruiter,41,23,301.159,0.561,0.439
MDM2,4LWV,20W,201,1,641.722,Peptide-like Recruiter,41,23,226.771,0.561,0.439
MDM2,8PWC,G7I,201,1,615.662,Peptide-like Recruiter,41,23,219.097,0.561,0.439
MDM2,4J7D,I31,201,1,515.654,Peptide-like Recruiter,34,19,212.68,0.559,0.441
MDM2,5J7F,6GG,201,1,709.816,Peptide-like Recruiter,47,26,389.767,0.553,0.447
MDM2,7NA4,1I9,201,1,555.208,Peptide-like Recruiter,38,21,212.836,0.553,0.447
MDM2,4J74,I18,201,1,319.32,Drug-like Recruiter,20,11,131.235,0.55,0.45
MDM2,2N0U,48M,200,1,,Peptide-like Recruiter,40,22,289.525,0.55,0.45
MDM2,4ZYI,4TH,201,1,582.314,Peptide-like Recruiter,40,22,200.793,0.55,0.45
MDM2,4MDQ,28W,201,1,522.131,Peptide-like Recruiter,35,19,252.231,0.543,0.457
MDM2,4OQ3,2V8,201,1,461.518,Drug-like Recruiter,30,16,153.751,0.533,0.467
MDM2,5XXK,6CW,23,1,232.755,Drug-like Recruiter,15,8,169.77,0.533,0.467
MDM2,7NA3,1I3,201,1,529.17,Peptide-like Recruiter,36,19,203.948,0.528,0.472
MDM2,4LWU,20U,201,1,607.683,Peptide-like Recruiter,40,21,234.898,0.525,0.475
MDM2,5ZXF,NUT,101,1,605.692,Peptide-like Recruiter,40,21,223.058,0.525,0.475
MDM2,4JRG,I09,201,1,536.629,Peptide-like Recruiter,35,18,276.632,0.514,0.486
MDM2,4QOC,35T,201,1,611.717,Peptide-like Recruiter,39,20,233.501,0.513,0.487
MDM2,6Q96,HRE,201,1,573.227,Peptide-like Recruiter,39,20,230.45,0.513,0.487
MDM2,6Q9O,HU8,201,1,592.676,Peptide-like Recruiter,39,20,210.882,0.513,0.487
MDM2,3LBJ,WW8,1,1,655.844,Peptide-like Recruiter,44,22,276.775,0.5,0.5
MDM2,3LBK,K23,1,1,488.544,Drug-like Recruiter,32,16,161.752,0.5,0.5
MDM2,3TJ2,TJ2,1,1,496.52,Drug-like Recruiter,32,16,181.075,0.5,0.5
MDM2,4HG7,NUT,201,1,605.692,Peptide-like Recruiter,40,20,254.84,0.5,0.5
MDM2,5C5A,NUT,201,1,605.692,Peptide-like Recruiter,40,20,244.637,0.5,0.5
MDM2,5OC8,9QW,201,1,579.614,Peptide-like Recruiter,38,19,184.084,0.5,0.5
MDM2,5Z02,NUT,101,1,605.692,Peptide-like Recruiter,40,20,216.747,0.5,0.5
MDM2,6Q9H,HRH,201,1,436.443,Drug-like Recruiter,28,14,138.678,0.5,0.5
MDM2,1RV1,IMZ,110,1,708.621,Peptide-like Recruiter,41,20,281.74,0.488,0.512
MDM2,5LAZ,6ST,201,1,588.636,Peptide-like Recruiter,39,19,207.047,0.487,0.513
MDM2,2LZG,13Q,201,1,,Peptide-like Recruiter,29,14,132.757,0.483,0.517
MDM2,7QDQ,AU0,207,1,674.582,Peptide-like Recruiter,42,20,248.536,0.476,0.524
MDM2,7BIR,TUZ,203,1,580.613,Peptide-like Recruiter,38,18,175.319,0.474,0.526
MDM2,4JVE,1MQ,201,1,552.599,Peptide-like Recruiter,36,17,202.062,0.472,0.528
MDM2,7BIT,TV5,202,1,551.571,Peptide-like Recruiter,36,17,182.979,0.472,0.528
MDM2,1T4E,DIZ,112,1,605.385,Peptide-like Recruiter,32,15,139.813,0.469,0.531
MDM2,3W69,LTZ,201,1,718.921,Peptide-like Recruiter,47,22,352.342,0.468,0.532
MDM2,4LWT,20Q,201,1,433.464,Drug-like Recruiter,28,13,192.881,0.464,0.536
MDM2,4JSC,1OY,201,1,572.609,Peptide-like Recruiter,37,17,245.87,0.459,0.541
MDM2,7BMG,U3Z,204,1,540.229,Peptide-like Recruiter,37,17,199.27,0.459,0.541
MDM2,4J3E,NUT,201,1,605.692,Peptide-like Recruiter,40,18,244.089,0.45,0.55
MDM2,4QO4,35S,201,1,573.69,Peptide-like Recruiter,38,17,176.514,0.447,0.553
MDM2,6Q9W,HRT,201,1,576.654,Peptide-like Recruiter,38,17,200.999,0.447,0.553
MDM2,4ERF,0R3,201,1,494.544,Drug-like Recruiter,32,14,171.921,0.438,0.562
MDM2,7BJ6,TVK,207,1,565.598,Peptide-like Recruiter,37,16,199.262,0.432,0.568
MDM2,4DIJ,BLF,201,1,600.72,Peptide-like Recruiter,40,17,260.637,0.425,0.575
MDM2,4MDN,Y30,201,1,604.66,Peptide-like Recruiter,40,17,195.304,0.425,0.575
MDM2,3VZV,VZV,200,1,591.734,Peptide-like Recruiter,38,16,232.604,0.421,0.579
MDM2,6GGN,EYH,201,1,576.654,Peptide-like Recruiter,38,16,198.607,0.421,0.579
MDM2,7BIV,TUW,206,1,560.195,Peptide-like Recruiter,38,16,191.564,0.421,0.579
MDM2,3LBL,MI6,1,1,480.496,Drug-like Recruiter,31,13,153.13,0.419,0.581
MDM2,4OGV,2U7,501,1,574.652,Peptide-like Recruiter,36,15,270.466,0.417,0.583
MDM2,4OCC,2TZ,201,1,574.652,Peptide-like Recruiter,36,15,197.89,0.417,0.583
MDM2,5LN2,6ZT,201,1,617.747,Peptide-like Recruiter,41,17,273.429,0.415,0.585
MDM2,4JVR,1MT,201,1,523.565,Peptide-like Recruiter,34,14,208.812,0.412,0.588
MDM2,5OAI,B5K,201,1,516.045,Peptide-like Recruiter,34,14,182.814,0.412,0.588
MDM2,4OAS,2SW,201,1,586.707,Peptide-like Recruiter,37,15,194.865,0.405,0.595
MDM2,4OBA,2TW,501,1,586.663,Peptide-like Recruiter,37,15,206.716,0.405,0.595
MDM2,4ERE,0R2,201,1,538.597,Peptide-like Recruiter,35,14,193.231,0.4,0.6
MDM2,4JWR,1MY,201,1,468.462,Drug-like Recruiter,30,12,179.894,0.4,0.6
MDM2,5LAY,6SS,205,1,534.588,Peptide-like Recruiter,35,14,187.15,0.4,0.6
MDM2,5TRF,7HC,201,1,578.641,Peptide-like Recruiter,38,15,166.24,0.395,0.605
MDM2,3TU1,07G,1,1,498.055,Drug-like Recruiter,33,13,173.287,0.394,0.606
MDM2,5LAW,6SJ,201,1,502.527,Peptide-like Recruiter,33,13,143.575,0.394,0.606
MDM2,6I3S,H28,201,1,476.464,Drug-like Recruiter,31,12,123.45,0.387,0.613
MDM2,4OGT,2U6,201,1,683.824,Peptide-like Recruiter,44,17,257.064,0.386,0.614
MDM2,4ODF,2U1,201,1,683.824,Peptide-like Recruiter,44,17,211.335,0.386,0.614
MDM2,6Q9L,HTZ,201,1,685.87,Peptide-like Recruiter,46,17,261.208,0.37,0.63
MDM2,4HBM,0Y7,201,1,466.49,Drug-like Recruiter,30,11,100.262,0.367,0.633
MDM2,4OGN,2U5,201,1,681.852,Peptide-like Recruiter,44,16,267.796,0.364,0.636
MDM2,5LAV,6SK,201,1,432.48,Drug-like Recruiter,28,10,136.927,0.357,0.643
MDM2,4ODE,2U0,201,1,717.882,Peptide-like Recruiter,45,15,216.779,0.333,0.667
PARKIN,2YMV,PGE,1338,2,150.174,Fragment Recruiter,10,10,180.102,1.0,0.0
PARKIN,3FXP,GLO,318,1,92.094,Fragment Recruiter,6,6,106.845,1.0,0.0
PARKIN,5AOG,XYP,4,1,134.131,Fragment Recruiter,9,9,247.568,1.0,0.0
PARKIN,2YMV,PGE,1337,1,150.174,Fragment Recruiter,10,9,166.699,0.9,0.1
PARKIN,1R1C,REP,801,1,471.615,Drug-like Recruiter,21,18,409.218,0.857,0.143
PARKIN,2FNW,REP,801,1,471.615,Drug-like Recruiter,21,18,275.243,0.857,0.143
PARKIN,1MEX,RAC,601,1,360.495,Drug-like Recruiter,25,19,286.597,0.76,0.24
PARKIN,3PLL,F06,2001,1,208.758,Drug-like Recruiter,12,9,79.413,0.75,0.25
PARKIN,3PGI,F41,2001,1,270.373,Drug-like Recruiter,19,14,92.079,0.737,0.263
PARKIN,3BLD,PRF,700,1,187.247,Fragment Recruiter,13,9,36.139,0.692,0.308
PARKIN,3PI0,F91,2001,1,254.374,Drug-like Recruiter,18,12,98.033,0.667,0.333
PARKIN,2I19,1BY,3001,1,292.209,Drug-like Recruiter,17,11,56.183,0.647,0.353
PARKIN,3FVP,UB2,323,1,443.522,Drug-like Recruiter,29,18,217.31,0.621,0.379
PARKIN,5AOG,IAC,1345,1,185.267,Fragment Recruiter,13,8,132.151,0.615,0.385
PARKIN,3PB5,F63,1001,1,214.309,Drug-like Recruiter,15,9,71.773,0.6,0.4
PARKIN,1YVM,TMG,501,1,213.35,Drug-like Recruiter,14,8,79.309,0.571,0.429
PARKIN,3FXP,D38,317,1,461.648,Drug-like Recruiter,32,18,216.413,0.562,0.438
PARKIN,5KSZ,GCP,703,1,535.321,Peptide-like Recruiter,32,18,140.642,0.562,0.438
PARKIN,3FLF,UB3,3000,1,471.576,Drug-like Recruiter,31,17,226.835,0.548,0.452
PARKIN,3PM4,F5N,2001,1,267.417,Drug-like Recruiter,19,10,72.984,0.526,0.474
PARKIN,1NC9,IMI,5100,1,247.364,Drug-like Recruiter,16,8,45.195,0.5,0.5
PARKIN,3FGD,BYA,322,1,203.282,Drug-like Recruiter,14,7,34.771,0.5,0.5
PARKIN,3FV4,1U4,322,1,525.668,Peptide-like Recruiter,35,17,226.15,0.486,0.514
PARKIN,3F2P,S3B,3000,1,218.293,Drug-like Recruiter,15,7,54.071,0.467,0.533
PARKIN,3F28,S7B,5000,1,230.304,Drug-like Recruiter,16,7,45.481,0.438,0.562
PARKIN,3FCQ,M3S,600,1,204.266,Drug-like Recruiter,14,6,46.825,0.429,0.571
PARKIN,2EWG,M0N,3001,1,334.246,Drug-like Recruiter,20,8,30.897,0.4,0.6
PARKIN,4I72,UA2,402,1,273.337,Drug-like Recruiter,19,4,6.676,0.211,0.789
PARKIN,4I71,AGV,401,1,287.364,Drug-like Recruiter,20,4,6.676,0.2,0.8
PARKIN,6NEP,PHI,189,1,283.153,Drug-like Recruiter,12,2,75.768,0.167,0.833
PARKIN,1HP0,AD3,1315,1,274.321,Drug-like Recruiter,19,3,17.84,0.158,0.842
PARKIN,4I73,MBY,402,1,305.4,Drug-like Recruiter,20,3,9.249,0.15,0.85
PARKIN,4I74,MBY,408,1,305.4,Drug-like Recruiter,20,3,4.875,0.15,0.85
PARKIN,2YMV,FNR,1330,1,472.476,Drug-like Recruiter,31,4,20.512,0.129,0.871
PARKIN,4C3O,NFU,1004,1,205.672,Drug-like Recruiter,8,0,0.0,0.0,1.0
RNF4,2XEU,FRU,2,1,180.156,Fragment Recruiter,12,8,132.932,0.667,0.333
SOCS2,7ZLN,JI9,201,1,540.629,Peptide-like Recruiter,36,29,259.227,0.806,0.194
SOCS2,7ZLR,JH9,201,1,568.683,Peptide-like Recruiter,38,28,275.458,0.737,0.263
SOCS2,7ZLP,JHR,201,1,526.602,Peptide-like Recruiter,35,25,251.737,0.714,0.286
SOCS2,7ZLO,JI0,201,1,554.656,Peptide-like Recruiter,37,26,269.448,0.703,0.297
SOCS2,7ZLS,JH9,202,1,568.683,Peptide-like Recruiter,38,24,248.436,0.632,0.368
SOCS2,7ZLM,JIH,201,1,569.696,Peptide-like Recruiter,38,23,218.697,0.605,0.395
TRIM21,7HLA,A1B,202,1,200.286,Drug-like Recruiter,14,14,232.681,1.0,0.0
TRIM21,7HLH,LWD,205,1,266.429,Drug-like Recruiter,19,19,203.127,1.0,0.0
TRIM21,7HLM,GTJ,201,1,241.379,Drug-like Recruiter,17,17,212.671,1.0,0.0
TRIM21,7HLS,A1B,202,1,216.325,Drug-like Recruiter,15,15,281.816,1.0,0.0
TRIM21,7HLR,LKU,202,1,259.365,Drug-like Recruiter,18,18,264.212,1.0,0.0
TRIM21,7HLV,A1B,202,1,233.337,Drug-like Recruiter,15,15,284.868,1.0,0.0
TRIM21,7HLY,JFS,202,1,238.375,Drug-like Recruiter,17,17,198.782,1.0,0.0
TRIM21,7HLZ,BP4,202,1,226.36,Drug-like Recruiter,16,16,264.055,1.0,0.0
TRIM21,7HMC,NZ1,202,1,188.296,Fragment Recruiter,12,12,189.14,1.0,0.0
TRIM21,7HMH,A1B,202,1,146.19,Fragment Recruiter,10,10,81.484,1.0,0.0
TRIM21,7HML,X1J,201,1,184.283,Fragment Recruiter,13,13,163.322,1.0,0.0
TRIM21,7HMP,ZQA,202,1,187.312,Fragment Recruiter,12,12,317.865,1.0,0.0
TRIM21,7HMP,ZQA,203,2,187.312,Fragment Recruiter,12,12,140.167,1.0,0.0
TRIM21,7HND,U78,201,1,185.311,Fragment Recruiter,13,13,331.619,1.0,0.0
TRIM21,7HNT,LHR,202,1,185.271,Fragment Recruiter,13,13,196.333,1.0,0.0
TRIM21,7HNY,K0G,202,1,227.352,Drug-like Recruiter,16,16,207.374,1.0,0.0
TRIM21,7HNV,UUM,202,1,216.285,Drug-like Recruiter,15,15,248.33,1.0,0.0
TRIM21,7HO2,NUM,202,1,256.39,Drug-like Recruiter,18,18,283.868,1.0,0.0
TRIM21,7HLP,A1B,204,1,258.358,Drug-like Recruiter,18,17,181.019,0.944,0.056
TRIM21,7HOA,WNY,202,1,246.782,Drug-like Recruiter,16,15,195.999,0.938,0.062
TRIM21,7HLL,J4Q,202,1,253.393,Drug-like Recruiter,15,14,279.48,0.933,0.067
TRIM21,7HN1,A1B,202,1,211.353,Drug-like Recruiter,15,14,211.174,0.933,0.067
TRIM21,7HNH,A1B,202,1,215.297,Drug-like Recruiter,15,14,245.505,0.933,0.067
TRIM21,7HLA,A1B,206,2,200.286,Drug-like Recruiter,14,13,139.196,0.929,0.071
TRIM21,7HLG,A1B,204,1,202.273,Drug-like Recruiter,14,13,187.523,0.929,0.071
TRIM21,7HM6,A1B,202,1,202.273,Drug-like Recruiter,14,13,194.444,0.929,0.071
TRIM21,7HM7,A1B,202,1,201.266,Drug-like Recruiter,14,13,138.77,0.929,0.071
TRIM21,7HMG,WKS,202,1,198.314,Fragment Recruiter,14,13,137.643,0.929,0.071
TRIM21,7HNL,RWS,202,1,187.312,Fragment Recruiter,12,11,235.006,0.917,0.083
TRIM21,7HLE,UXG,201,1,251.414,Drug-like Recruiter,18,16,326.128,0.889,0.111
TRIM21,7HMY,ZTQ,202,1,255.378,Drug-like Recruiter,18,16,252.896,0.889,0.111
TRIM21,7HNQ,GX4,202,1,256.365,Drug-like Recruiter,18,16,262.964,0.889,0.111
TRIM21,7HM5,Q4L,202,1,246.326,Drug-like Recruiter,17,15,225.727,0.882,0.118
TRIM21,7HMO,O1M,202,1,231.315,Drug-like Recruiter,16,14,214.428,0.875,0.125
TRIM21,7HNR,NTV,401,1,247.766,Drug-like Recruiter,16,14,102.344,0.875,0.125
TRIM21,7HLI,A1B,201,1,209.333,Drug-like Recruiter,15,13,174.354,0.867,0.133
TRIM21,7HLT,K1G,203,2,213.329,Drug-like Recruiter,15,13,145.62,0.867,0.133
TRIM21,7HMD,H04,202,1,212.337,Drug-like Recruiter,15,13,152.708,0.867,0.133
TRIM21,7HMF,RZJ,203,2,234.365,Drug-like Recruiter,15,13,120.026,0.867,0.133
TRIM21,7HNA,WGM,202,1,216.3,Drug-like Recruiter,15,13,225.546,0.867,0.133
TRIM21,7HMI,A1B,201,1,200.286,Drug-like Recruiter,14,12,139.43,0.857,0.143
TRIM21,7HN4,VZY,202,1,203.282,Drug-like Recruiter,14,12,224.884,0.857,0.143
TRIM21,7HLO,A1B,204,1,175.232,Fragment Recruiter,12,10,188.961,0.833,0.167
TRIM21,7HM8,UVA,202,1,193.312,Fragment Recruiter,12,10,211.206,0.833,0.167
TRIM21,7HNO,RV4,202,1,242.363,Drug-like Recruiter,17,14,178.145,0.824,0.176
TRIM21,7HNU,GQJ,202,1,247.291,Drug-like Recruiter,17,14,170.251,0.824,0.176
TRIM21,7HNP,NUY,202,1,244.404,Drug-like Recruiter,16,13,106.842,0.812,0.188
TRIM21,7HLF,A1B,204,1,216.3,Drug-like Recruiter,15,12,198.463,0.8,0.2
TRIM21,7HLJ,TU6,202,1,213.325,Drug-like Recruiter,15,12,201.946,0.8,0.2
TRIM21,7HLT,K1G,202,1,213.329,Drug-like Recruiter,15,12,175.898,0.8,0.2
TRIM21,7HLV,A1B,203,2,233.337,Drug-like Recruiter,15,12,121.863,0.8,0.2
TRIM21,7HMZ,A1B,202,1,275.364,Drug-like Recruiter,19,15,190.767,0.789,0.211
TRIM21,7HMM,W0Y,201,1,224.326,Drug-like Recruiter,14,11,150.965,0.786,0.214
TRIM21,7HNG,O3D,201,1,221.322,Drug-like Recruiter,14,11,85.504,0.786,0.214
TRIM21,7HO4,LL0,202,1,231.264,Drug-like Recruiter,14,11,135.028,0.786,0.214
TRIM21,7HLU,S0V,202,2,205.283,Drug-like Recruiter,13,10,125.253,0.769,0.231
TRIM21,7HM3,K6U,202,1,186.255,Fragment Recruiter,13,10,137.243,0.769,0.231
TRIM21,7HMR,A1B,201,1,184.283,Fragment Recruiter,13,10,102.283,0.769,0.231
TRIM21,7HN5,JFM,201,1,207.339,Drug-like Recruiter,13,10,89.593,0.769,0.231
TRIM21,7HMU,W1A,201,1,194.3,Fragment Recruiter,12,9,125.575,0.75,0.25
TRIM21,7HMV,U2R,201,1,178.203,Fragment Recruiter,12,9,98.528,0.75,0.25
TRIM21,7HO8,O1J,201,1,174.24,Fragment Recruiter,12,9,111.811,0.75,0.25
TRIM21,7HLC,UWS,202,1,215.297,Drug-like Recruiter,15,11,170.908,0.733,0.267
TRIM21,7HMF,RZJ,202,1,234.365,Drug-like Recruiter,15,11,102.42,0.733,0.267
TRIM21,7HN6,A1B,301,1,216.281,Drug-like Recruiter,15,11,137.58,0.733,0.267
TRIM21,7HN9,A1B,201,1,230.377,Drug-like Recruiter,15,11,139.743,0.733,0.267
TRIM21,7HO6,A1B,201,1,214.309,Drug-like Recruiter,15,11,109.455,0.733,0.267
TRIM21,7HO7,JFP,202,1,176.285,Fragment Recruiter,11,8,126.479,0.727,0.273
TRIM21,7HLP,A1B,205,2,258.358,Drug-like Recruiter,18,13,130.814,0.722,0.278
TRIM21,7HM2,NZJ,201,1,256.39,Drug-like Recruiter,18,13,164.574,0.722,0.278
TRIM21,7HM1,VWV,201,1,225.31,Drug-like Recruiter,14,10,94.989,0.714,0.286
TRIM21,7HN2,A1B,202,1,217.338,Drug-like Recruiter,14,10,183.58,0.714,0.286
TRIM21,7HN8,A1B,402,2,221.366,Drug-like Recruiter,14,10,113.091,0.714,0.286
TRIM21,7HNC,TV9,201,1,198.31,Fragment Recruiter,14,10,107.075,0.714,0.286
TRIM21,7HNI,NUA,202,1,199.298,Fragment Recruiter,14,10,125.5,0.714,0.286
TRIM21,7HNX,WHP,201,1,241.784,Drug-like Recruiter,14,10,84.238,0.714,0.286
TRIM21,7HMT,A1B,201,1,184.283,Fragment Recruiter,13,9,141.979,0.692,0.308
TRIM21,7HNB,T9Q,201,1,187.283,Fragment Recruiter,13,9,66.601,0.692,0.308
TRIM21,7HLQ,JMM,202,1,256.346,Drug-like Recruiter,18,12,203.355,0.667,0.333
TRIM21,7HLX,UXA,202,1,213.277,Drug-like Recruiter,15,10,159.042,0.667,0.333
TRIM21,7HMA,LV4,202,1,244.282,Drug-like Recruiter,15,10,159.8,0.667,0.333
TRIM21,7HN3,A1B,202,1,172.232,Fragment Recruiter,12,8,117.757,0.667,0.333
TRIM21,7HNW,A1B,201,1,235.349,Drug-like Recruiter,15,10,102.494,0.667,0.333
TRIM21,7HMK,SFY,202,1,263.407,Drug-like Recruiter,17,11,106.138,0.647,0.353
TRIM21,7HLB,S9S,401,1,225.329,Drug-like Recruiter,14,9,88.416,0.643,0.357
TRIM21,7HM0,A1B,201,1,201.314,Drug-like Recruiter,14,9,123.062,0.643,0.357
TRIM21,7HMB,B1J,201,1,219.716,Drug-like Recruiter,14,9,73.262,0.643,0.357
TRIM21,7HN8,A1B,401,1,221.366,Drug-like Recruiter,14,9,90.418,0.643,0.357
TRIM21,7HN7,K2M,202,1,231.296,Drug-like Recruiter,16,10,167.038,0.625,0.375
TRIM21,7HM4,VW4,201,1,207.339,Drug-like Recruiter,13,8,75.607,0.615,0.385
TRIM21,7HMJ,K1P,201,1,202.327,Drug-like Recruiter,13,8,105.017,0.615,0.385
TRIM21,7HLD,U0S,202,1,211.309,Drug-like Recruiter,15,9,109.826,0.6,0.4
TRIM21,7HM9,A1B,401,1,212.337,Drug-like Recruiter,15,9,84.192,0.6,0.4
TRIM21,7HN0,Q49,201,1,217.284,Drug-like Recruiter,15,9,123.695,0.6,0.4
TRIM21,9Q9R,A1I,201,1,627.912,Peptide-like Recruiter,44,26,372.205,0.591,0.409
TRIM21,7HMX,WJA,202,1,196.272,Fragment Recruiter,12,7,109.628,0.583,0.417
TRIM21,7HNE,A1B,301,1,222.31,Drug-like Recruiter,14,8,110.93,0.571,0.429
TRIM21,7HNN,JGP,201,1,255.358,Drug-like Recruiter,18,10,137.498,0.556,0.444
TRIM21,7HLU,S0V,201,1,205.283,Drug-like Recruiter,13,7,111.683,0.538,0.462
TRIM21,9Q9P,A1I,201,1,553.833,Peptide-like Recruiter,39,21,282.811,0.538,0.462
TRIM21,9Q9O,A1I,201,1,548.861,Peptide-like Recruiter,39,21,206.829,0.538,0.462
TRIM21,7HLK,UUP,205,1,212.297,Drug-like Recruiter,15,8,151.953,0.533,0.467
TRIM21,7HNF,A1B,201,1,218.272,Drug-like Recruiter,15,8,121.336,0.533,0.467
TRIM21,7HNM,A1B,401,1,233.337,Drug-like Recruiter,15,8,138.696,0.533,0.467
TRIM21,7HO3,A1B,201,1,238.353,Drug-like Recruiter,15,8,108.001,0.533,0.467
TRIM21,8Y58,PMZ,201,1,340.577,Drug-like Recruiter,23,12,115.876,0.522,0.478
TRIM21,7HO1,A1B,202,1,223.342,Drug-like Recruiter,14,7,135.076,0.5,0.5
TRIM21,7HO5,UXD,202,1,171.244,Fragment Recruiter,12,6,108.318,0.5,0.5
TRIM21,9Q9Q,A1I,201,1,511.752,Peptide-like Recruiter,36,18,216.642,0.5,0.5
TRIM21,7HLW,A1B,201,1,238.353,Drug-like Recruiter,15,7,115.334,0.467,0.533
TRIM21,7HME,RXS,202,1,211.353,Drug-like Recruiter,15,7,144.594,0.467,0.533
TRIM21,7HNK,WKG,201,1,211.349,Drug-like Recruiter,15,7,100.233,0.467,0.533
TRIM21,7HNS,LQP,202,1,221.247,Drug-like Recruiter,15,7,143.707,0.467,0.533
TRIM21,9QBA,A1I,501,1,451.714,Drug-like Recruiter,29,13,92.662,0.448,0.552
TRIM21,7HMS,T6J,201,1,220.338,Drug-like Recruiter,14,6,75.497,0.429,0.571
TRIM21,7HMW,S7G,201,1,198.31,Fragment Recruiter,14,6,87.654,0.429,0.571
TRIM21,9EK5,A1B,501,1,433.012,Drug-like Recruiter,29,12,139.862,0.414,0.586
TRIM21,9M3N,A1E,501,1,445.614,Drug-like Recruiter,31,9,99.671,0.29,0.71
VHL,6GMN,F4E,201,1,173.212,Fragment Recruiter,12,12,323.684,1.0,0.0
VHL,6GMN,F4E,201,1,346.424,Drug-like Recruiter,12,12,323.684,1.0,0.0
VHL,6GMX,F7B,201,1,413.476,Drug-like Recruiter,12,12,327.238,1.0,0.0
VHL,6GMX,F7B,201,1,206.738,Drug-like Recruiter,12,12,327.238,1.0,0.0
VHL,6I7R,CSU,60,1,189.258,Fragment Recruiter,10,10,304.62,1.0,0.0
VHL,8BB3,P6G,201,1,282.333,Drug-like Recruiter,19,19,470.044,1.0,0.0
VHL,8ZV8,A1L,201,1,202.25,Drug-like Recruiter,14,14,343.734,1.0,0.0
VHL,8ZV8,A1L,201,1,809.0,Peptide-like Recruiter,14,14,343.734,1.0,0.0
VHL,8ZVJ,A1L,201,1,738.909,Peptide-like Recruiter,17,17,378.228,1.0,0.0
VHL,8ZVJ,A1L,201,1,246.303,Drug-like Recruiter,17,17,378.228,1.0,0.0
VHL,9IPW,A1L,201,1,216.277,Drug-like Recruiter,15,15,355.491,1.0,0.0
VHL,9OIM,A1C,201,1,865.124,Peptide-like Recruiter,15,15,358.271,1.0,0.0
VHL,9OIN,A1C,301,1,225.38,Drug-like Recruiter,16,16,410.386,1.0,0.0
VHL,9OIM,A1C,201,1,216.281,Drug-like Recruiter,15,15,358.271,1.0,0.0
VHL,9OIQ,A1C,301,1,370.542,Drug-like Recruiter,13,13,335.487,1.0,0.0
VHL,9OIQ,A1C,301,1,185.271,Fragment Recruiter,13,13,335.487,1.0,0.0
VHL,9RP9,PGE,201,1,150.174,Fragment Recruiter,10,10,202.093,1.0,0.0
VHL,9GIO,A1I,302,1,380.555,Drug-like Recruiter,25,24,364.2,0.96,0.04
VHL,6GMQ,F4K,302,1,183.295,Fragment Recruiter,13,12,332.144,0.923,0.077
VHL,9GHX,REI,206,1,367.419,Drug-like Recruiter,13,11,160.362,0.846,0.154
VHL,9GHX,VHL,204,1,421.515,Drug-like Recruiter,17,13,295.507,0.765,0.235
VHL,8QCU,VHL,206,1,421.515,Drug-like Recruiter,17,12,214.105,0.706,0.294
VHL,9F1N,A1H,206,1,664.037,Peptide-like Recruiter,47,33,420.3,0.702,0.298
VHL,9F1M,A1H,503,1,650.01,Peptide-like Recruiter,46,32,378.995,0.696,0.304
VHL,9HYO,A1I,301,1,1207.493,Peptide-like Recruiter,79,55,862.412,0.696,0.304
VHL,8QCU,REI,207,1,367.419,Drug-like Recruiter,13,9,155.919,0.692,0.308
VHL,9L6F,A1L,301,1,1159.658,Peptide-like Recruiter,81,56,806.369,0.691,0.309
VHL,8YMB,A1L,304,1,1024.582,Peptide-like Recruiter,70,48,681.833,0.686,0.314
VHL,9HYP,A1I,301,1,1085.389,Peptide-like Recruiter,71,48,773.325,0.676,0.324
VHL,9HYN,A1I,301,1,2014.422,Peptide-like Recruiter,65,43,649.157,0.662,0.338
VHL,9HYN,A1I,301,1,1007.211,Peptide-like Recruiter,65,43,649.157,0.662,0.338
VHL,9DTX,A1B,301,1,921.352,Peptide-like Recruiter,64,42,677.666,0.656,0.344
VHL,9DTY,A1B,201,1,9213.52,Peptide-like Recruiter,64,42,659.385,0.656,0.344
VHL,9DTY,A1B,201,1,921.352,Peptide-like Recruiter,64,42,659.385,0.656,0.344
VHL,9OIO,A1C,301,1,242.382,Drug-like Recruiter,17,11,156.878,0.647,0.353
VHL,3ZUN,ZUN,1205,1,404.508,Drug-like Recruiter,28,18,199.916,0.643,0.357
VHL,8BDJ,QE0,301,1,522.127,Peptide-like Recruiter,35,21,335.129,0.6,0.4
VHL,8BDJ,QE0,301,1,2088.508,Peptide-like Recruiter,35,21,335.129,0.6,0.4
VHL,3ZTD,ZTD,1205,1,417.547,Drug-like Recruiter,29,17,232.496,0.586,0.414
VHL,3ZTD,ZTD,1205,1,1670.188,Peptide-like Recruiter,29,17,232.496,0.586,0.414
VHL,9EQJ,A1H,301,1,1492.226,Peptide-like Recruiter,50,29,363.588,0.58,0.42
VHL,9EQJ,A1H,301,1,746.113,Peptide-like Recruiter,50,29,363.588,0.58,0.42
VHL,4BKT,QD0,301,1,275.349,Drug-like Recruiter,19,11,163.82,0.579,0.421
VHL,9MR9,A1B,301,1,784.17,Peptide-like Recruiter,54,31,513.24,0.574,0.426
VHL,8QJS,VL6,301,1,618.882,Peptide-like Recruiter,42,24,323.349,0.571,0.429
VHL,8QJS,VL6,301,1,2475.528,Peptide-like Recruiter,42,24,323.349,0.571,0.429
VHL,9EQM,A1H,301,1,746.113,Peptide-like Recruiter,50,28,432.968,0.56,0.44
VHL,4W9G,3JV,301,1,429.671,Drug-like Recruiter,29,16,228.755,0.552,0.448
VHL,4W9G,3JV,301,1,1718.684,Peptide-like Recruiter,29,16,228.755,0.552,0.448
VHL,4B95,UCK,1206,1,409.398,Drug-like Recruiter,26,14,184.002,0.538,0.462
VHL,4B95,UCK,1206,1,1637.592,Peptide-like Recruiter,26,14,184.002,0.538,0.462
VHL,4B9K,TG0,1203,1,470.724,Drug-like Recruiter,32,17,228.456,0.531,0.469
VHL,9QE4,A1I,301,1,546.794,Peptide-like Recruiter,37,19,294.753,0.514,0.486
VHL,9QE4,A1I,301,1,2187.176,Peptide-like Recruiter,37,19,294.753,0.514,0.486
VHL,8BDM,QE9,301,1,2299.316,Peptide-like Recruiter,39,20,317.701,0.513,0.487
VHL,8BDM,QE9,301,1,574.829,Peptide-like Recruiter,39,20,317.701,0.513,0.487
VHL,4BKS,X6C,1203,1,343.468,Drug-like Recruiter,24,12,152.042,0.5,0.5
VHL,8CQK,VYQ,301,1,2243.284,Peptide-like Recruiter,38,19,302.491,0.5,0.5
VHL,8CQK,VYQ,301,1,560.821,Peptide-like Recruiter,38,19,302.491,0.5,0.5
VHL,5NVW,9BW,301,1,514.777,Peptide-like Recruiter,35,17,245.57,0.486,0.514
VHL,5NVW,9BW,301,1,2059.108,Peptide-like Recruiter,35,17,245.57,0.486,0.514
VHL,9QE5,A1I,301,1,544.778,Peptide-like Recruiter,37,18,279.61,0.486,0.514
VHL,9QE5,A1I,301,1,2179.112,Peptide-like Recruiter,37,18,279.61,0.486,0.514
VHL,3ZTC,TR0,1205,1,439.641,Drug-like Recruiter,31,15,206.245,0.484,0.516
VHL,8BDL,QF3,301,1,588.856,Peptide-like Recruiter,40,19,346.127,0.475,0.525
VHL,8BDL,QF3,301,1,2355.424,Peptide-like Recruiter,40,19,346.127,0.475,0.525
VHL,5NVZ,9BN,301,1,558.83,Peptide-like Recruiter,38,18,276.77,0.474,0.526
VHL,5NVZ,9BN,301,1,2235.32,Peptide-like Recruiter,38,18,276.77,0.474,0.526
VHL,8BDO,QFF,301,1,1005.444,Peptide-like Recruiter,34,16,237.424,0.471,0.529
VHL,8BDO,QFF,301,1,502.722,Peptide-like Recruiter,34,16,237.424,0.471,0.529
VHL,3ZRC,L8B,1205,1,428.574,Drug-like Recruiter,30,14,194.923,0.467,0.533
VHL,6FMK,DV8,301,1,478.794,Drug-like Recruiter,30,14,234.795,0.467,0.533
VHL,6FMK,DV8,301,1,1915.176,Peptide-like Recruiter,30,14,234.795,0.467,0.533
VHL,8P0F,WBN,301,1,885.34,Peptide-like Recruiter,30,14,215.229,0.467,0.533
VHL,8P0F,WBN,301,1,442.67,Drug-like Recruiter,30,14,215.229,0.467,0.533
VHL,4W9E,3JT,301,1,1662.576,Peptide-like Recruiter,28,13,208.247,0.464,0.536
VHL,4W9E,3JT,301,1,415.644,Drug-like Recruiter,28,13,208.247,0.464,0.536
VHL,4AWJ,V6F,1201,1,190.243,Fragment Recruiter,13,6,121.188,0.462,0.538
VHL,5NW0,9BK,301,1,2295.38,Peptide-like Recruiter,39,18,290.467,0.462,0.538
VHL,5NW0,9BK,301,1,573.845,Peptide-like Recruiter,39,18,290.467,0.462,0.538
VHL,6GMR,F4K,301,1,183.295,Fragment Recruiter,13,6,48.56,0.462,0.538
VHL,5LLI,6Z3,301,1,2175.276,Peptide-like Recruiter,37,17,271.905,0.459,0.541
VHL,5LLI,6Z3,301,1,543.819,Peptide-like Recruiter,37,17,271.905,0.459,0.541
VHL,4W9H,3JF,301,1,1954.956,Peptide-like Recruiter,33,15,229.185,0.455,0.545
VHL,4W9H,3JF,301,1,488.739,Drug-like Recruiter,33,15,229.185,0.455,0.545
VHL,9GIO,3JF,301,1,488.739,Drug-like Recruiter,33,15,250.08,0.455,0.545
VHL,8CQL,VH3,301,1,594.81,Peptide-like Recruiter,40,18,289.49,0.45,0.55
VHL,8CQL,VH3,301,1,2379.24,Peptide-like Recruiter,40,18,289.49,0.45,0.55
VHL,4W9F,3JU,301,1,429.671,Drug-like Recruiter,29,13,220.232,0.448,0.552
VHL,4W9F,3JU,301,1,1718.684,Peptide-like Recruiter,29,13,220.232,0.448,0.552
VHL,5NVX,4YY,301,1,2131.068,Peptide-like Recruiter,36,16,253.796,0.444,0.556
VHL,5NVX,4YY,301,1,532.767,Peptide-like Recruiter,36,16,253.796,0.444,0.556
VHL,8BDN,QFR,301,1,2111.104,Peptide-like Recruiter,36,16,247.212,0.444,0.556
VHL,8BDN,QFR,301,1,527.776,Peptide-like Recruiter,36,16,247.212,0.444,0.556
VHL,6GFZ,EXE,301,1,506.729,Peptide-like Recruiter,34,15,232.853,0.441,0.559
VHL,6GFZ,EXE,301,1,2026.916,Peptide-like Recruiter,34,15,232.853,0.441,0.559
VHL,8BDI,QF7,301,1,2423.448,Peptide-like Recruiter,41,18,280.757,0.439,0.561
VHL,8BDI,QF7,301,1,605.862,Peptide-like Recruiter,41,18,280.757,0.439,0.561
VHL,5NVY,9B5,301,1,446.658,Drug-like Recruiter,30,13,220.443,0.433,0.567
VHL,5NVY,9B5,301,1,1786.632,Peptide-like Recruiter,30,13,220.443,0.433,0.567
VHL,6FMI,DV2,301,1,462.726,Drug-like Recruiter,30,13,215.216,0.433,0.567
VHL,6FMI,DV2,301,1,925.452,Peptide-like Recruiter,30,13,215.216,0.433,0.567
VHL,6FMJ,DV5,301,1,462.726,Drug-like Recruiter,30,13,230.885,0.433,0.567
VHL,6FMJ,DV5,301,1,1850.904,Peptide-like Recruiter,30,13,230.885,0.433,0.567
VHL,4W9K,3JO,301,1,2575.92,Peptide-like Recruiter,44,19,342.421,0.432,0.568
VHL,4W9K,3JO,301,1,643.98,Peptide-like Recruiter,44,19,342.421,0.432,0.568
VHL,4W9C,3JG,301,1,1598.304,Peptide-like Recruiter,28,12,202.618,0.429,0.571
VHL,4W9C,3JG,301,1,399.576,Drug-like Recruiter,28,12,202.618,0.429,0.571
VHL,4W9I,3JS,301,1,1954.78,Peptide-like Recruiter,33,14,248.05,0.424,0.576
VHL,4W9I,3JS,301,1,488.695,Drug-like Recruiter,33,14,248.05,0.424,0.576
VHL,5NW2,9B8,301,1,530.776,Peptide-like Recruiter,36,15,248.235,0.417,0.583
VHL,5NW1,9BH,301,1,528.804,Peptide-like Recruiter,36,15,247.142,0.417,0.583
VHL,5NW1,9BH,301,1,2115.216,Peptide-like Recruiter,36,15,247.142,0.417,0.583
VHL,5NW2,9B8,301,1,2123.104,Peptide-like Recruiter,36,15,248.235,0.417,0.583
VHL,4W9J,3JH,301,1,603.915,Peptide-like Recruiter,41,17,302.042,0.415,0.585
VHL,4W9J,3JH,301,1,2415.66,Peptide-like Recruiter,41,17,302.042,0.415,0.585
VHL,4W9D,3JK,301,1,413.603,Drug-like Recruiter,29,12,216.016,0.414,0.586
VHL,4W9D,3JK,301,1,1654.412,Peptide-like Recruiter,29,12,216.016,0.414,0.586
VHL,5NVV,9BT,301,1,504.738,Peptide-like Recruiter,34,14,242.337,0.412,0.588
VHL,5NVV,9BT,301,1,2018.952,Peptide-like Recruiter,34,14,242.337,0.412,0.588
VHL,6GFY,EXH,301,1,2026.916,Peptide-like Recruiter,34,14,231.623,0.412,0.588
VHL,6GFY,EXH,301,1,506.729,Peptide-like Recruiter,34,14,231.623,0.412,0.588
VHL,4W9L,3JJ,301,1,2415.66,Peptide-like Recruiter,41,16,280.411,0.39,0.61
VHL,4W9L,3JJ,301,1,603.915,Peptide-like Recruiter,41,16,280.411,0.39,0.61
VHL,8VLB,3JF,301,1,488.739,Drug-like Recruiter,33,12,222.462,0.364,0.636
VHL,8CQE,VFO,301,1,590.822,Peptide-like Recruiter,40,14,279.271,0.35,0.65
VHL,8CQE,VFO,301,1,2363.288,Peptide-like Recruiter,40,14,279.271,0.35,0.65
XIAP,4EC4,2PE,403,1,414.492,Drug-like Recruiter,28,28,732.21,1.0,0.0
XIAP,4WVT,3V7,6,1,161.205,Fragment Recruiter,11,11,317.127,1.0,0.0
XIAP,3F7G,389,1,1,482.754,Drug-like Recruiter,34,33,737.962,0.971,0.029
XIAP,6EXW,C3K,602,1,485.714,Drug-like Recruiter,34,33,612.63,0.971,0.029
XIAP,4WVS,4LZ,5,1,262.354,Drug-like Recruiter,18,17,333.972,0.944,0.056
XIAP,5C3K,4XF,402,1,189.283,Fragment Recruiter,13,11,93.009,0.846,0.154
XIAP,5C7D,4YF,402,1,303.858,Drug-like Recruiter,20,15,135.126,0.75,0.25
XIAP,5C7A,4YE,402,1,268.425,Drug-like Recruiter,19,14,127.622,0.737,0.263
XIAP,5C7C,4YC,402,1,330.924,Drug-like Recruiter,22,15,131.774,0.682,0.318
XIAP,1TFT,997,998,1,552.845,Peptide-like Recruiter,39,26,367.092,0.667,0.333
XIAP,5C3H,4XE,402,1,214.333,Drug-like Recruiter,15,10,112.972,0.667,0.333
XIAP,5C7B,4YD,402,1,214.333,Drug-like Recruiter,15,10,114.497,0.667,0.333
XIAP,1TFQ,998,998,1,454.7,Drug-like Recruiter,32,21,304.744,0.656,0.344
XIAP,2OPY,CO9,101,1,457.616,Drug-like Recruiter,32,21,252.565,0.656,0.344
XIAP,5C0K,4WK,404,1,192.283,Fragment Recruiter,13,8,104.68,0.615,0.385
XIAP,3CM7,X22,600,1,510.764,Peptide-like Recruiter,36,22,304.229,0.611,0.389
XIAP,3HL5,9JZ,1,1,524.795,Peptide-like Recruiter,37,22,361.842,0.595,0.405
XIAP,3CLX,X22,600,1,510.764,Peptide-like Recruiter,36,21,333.169,0.583,0.417
XIAP,3GT9,516,1,1,522.844,Peptide-like Recruiter,36,21,307.254,0.583,0.417
XIAP,5C0L,4WJ,402,1,235.149,Drug-like Recruiter,12,7,83.915,0.583,0.417
XIAP,3OZ1,BMB,600,1,634.007,Peptide-like Recruiter,45,26,380.543,0.578,0.422
XIAP,7TRM,IUN,405,1,516.768,Peptide-like Recruiter,35,20,274.26,0.571,0.429
XIAP,2JK7,BI6,1346,1,508.792,Peptide-like Recruiter,36,20,325.207,0.556,0.444
XIAP,5C83,4YN,402,1,437.693,Drug-like Recruiter,31,17,197.78,0.548,0.452
XIAP,3EYL,SMK,600,1,523.807,Peptide-like Recruiter,37,20,330.876,0.541,0.459
XIAP,4HY0,1AQ,403,1,617.823,Peptide-like Recruiter,43,23,399.534,0.535,0.465
XIAP,3CM2,X23,600,1,509.78,Peptide-like Recruiter,36,19,319.46,0.528,0.472
XIAP,5M6N,7H9,1004,1,524.79,Peptide-like Recruiter,37,19,251.96,0.514,0.486
XIAP,6EY2,C3T,402,1,498.753,Drug-like Recruiter,35,18,274.314,0.514,0.486
XIAP,5OQW,A4E,403,1,554.816,Peptide-like Recruiter,39,20,285.092,0.513,0.487
XIAP,4KJV,1RK,502,1,569.784,Peptide-like Recruiter,40,20,324.2,0.5,0.5
XIAP,6H6R,FUE,403,1,564.855,Peptide-like Recruiter,40,20,234.289,0.5,0.5
XIAP,4KJU,1RH,502,1,579.871,Peptide-like Recruiter,41,20,309.058,0.488,0.512
XIAP,6H6Q,FUK,402,1,554.816,Peptide-like Recruiter,39,19,264.691,0.487,0.513
XIAP,3MUP,SMK,600,1,523.807,Peptide-like Recruiter,37,18,264.909,0.486,0.514
XIAP,5M6F,7HU,403,1,437.693,Drug-like Recruiter,31,15,237.496,0.484,0.516
XIAP,5C84,4YL,402,1,375.965,Drug-like Recruiter,25,12,153.508,0.48,0.52
XIAP,5M6E,7HT,404,1,491.789,Drug-like Recruiter,35,16,228.9,0.457,0.543
XIAP,5M6L,7H9,403,1,524.79,Peptide-like Recruiter,37,16,250.857,0.432,0.568
XIAP,5M6M,7H8,403,1,492.773,Drug-like Recruiter,35,15,229.345,0.429,0.571
XIAP,5M6H,7J6,403,1,508.772,Peptide-like Recruiter,36,15,247.902,0.417,0.583
cIAP1,4WVS,4LZ,5,1,262.354,Drug-like Recruiter,18,18,358.023,1.0,0.0
cIAP1,4WVT,3V7,6,1,161.205,Fragment Recruiter,11,11,208.856,1.0,0.0
cIAP1,4EC4,2PE,403,1,414.492,Drug-like Recruiter,28,28,732.21,1.0,0.0
cIAP1,3F7G,389,1,1,482.754,Drug-like Recruiter,34,33,737.962,0.971,0.029
cIAP1,6EXW,C3K,602,1,485.714,Drug-like Recruiter,34,33,612.63,0.971,0.029
cIAP1,5C3K,4XF,402,1,189.283,Fragment Recruiter,13,11,93.009,0.846,0.154
cIAP1,5C7D,4YF,402,1,303.858,Drug-like Recruiter,20,15,135.126,0.75,0.25
cIAP1,5C7A,4YE,402,1,268.425,Drug-like Recruiter,19,14,127.622,0.737,0.263
cIAP1,5C7C,4YC,402,1,330.924,Drug-like Recruiter,22,15,131.774,0.682,0.318
cIAP1,1TFT,997,998,1,552.845,Peptide-like Recruiter,39,26,367.092,0.667,0.333
cIAP1,5C3H,4XE,402,1,214.333,Drug-like Recruiter,15,10,112.972,0.667,0.333
cIAP1,5C7B,4YD,402,1,214.333,Drug-like Recruiter,15,10,114.497,0.667,0.333
cIAP1,1TFQ,998,998,1,454.7,Drug-like Recruiter,32,21,304.744,0.656,0.344
cIAP1,2OPY,CO9,101,1,457.616,Drug-like Recruiter,32,21,252.565,0.656,0.344
cIAP1,5C0K,4WK,404,1,192.283,Fragment Recruiter,13,8,104.68,0.615,0.385
cIAP1,3CM7,X22,600,1,510.764,Peptide-like Recruiter,36,22,304.229,0.611,0.389
cIAP1,3HL5,9JZ,1,1,524.795,Peptide-like Recruiter,37,22,361.842,0.595,0.405
cIAP1,3CLX,X22,600,1,510.764,Peptide-like Recruiter,36,21,333.169,0.583,0.417
cIAP1,3GT9,516,1,1,522.844,Peptide-like Recruiter,36,21,307.254,0.583,0.417
cIAP1,5C0L,4WJ,402,1,235.149,Drug-like Recruiter,12,7,83.915,0.583,0.417
cIAP1,3OZ1,BMB,600,1,634.007,Peptide-like Recruiter,45,26,380.543,0.578,0.422
cIAP1,7TRM,IUN,405,1,516.768,Peptide-like Recruiter,35,20,274.26,0.571,0.429
cIAP1,2JK7,BI6,1346,1,508.792,Peptide-like Recruiter,36,20,325.207,0.556,0.444
cIAP1,5C83,4YN,402,1,437.693,Drug-like Recruiter,31,17,197.78,0.548,0.452
cIAP1,3EYL,SMK,600,1,523.807,Peptide-like Recruiter,37,20,330.876,0.541,0.459
cIAP1,4LGE,1Y0,402,1,549.801,Peptide-like Recruiter,39,21,323.617,0.538,0.462
cIAP1,4HY0,1AQ,403,1,617.823,Peptide-like Recruiter,43,23,399.534,0.535,0.465
cIAP1,4HY5,1AQ,402,1,617.823,Peptide-like Recruiter,43,23,399.673,0.535,0.465
cIAP1,3CM2,X23,600,1,509.78,Peptide-like Recruiter,36,19,319.46,0.528,0.472
cIAP1,4LGU,1YH,402,1,537.79,Peptide-like Recruiter,38,20,302.13,0.526,0.474
cIAP1,5M6N,7H9,1004,1,524.79,Peptide-like Recruiter,37,19,251.96,0.514,0.486
cIAP1,6EY2,C3T,402,1,498.753,Drug-like Recruiter,35,18,274.314,0.514,0.486
cIAP1,4MTI,2DX,402,1,551.817,Peptide-like Recruiter,39,20,315.462,0.513,0.487
cIAP1,5OQW,A4E,403,1,554.816,Peptide-like Recruiter,39,20,285.092,0.513,0.487
cIAP1,4MU7,2DY,402,1,605.909,Peptide-like Recruiter,43,22,359.574,0.512,0.488
cIAP1,4HY4,1BG,402,1,535.818,Peptide-like Recruiter,38,19,305.811,0.5,0.5
cIAP1,4KJV,1RK,502,1,569.784,Peptide-like Recruiter,40,20,324.2,0.5,0.5
cIAP1,6H6R,FUE,403,1,564.855,Peptide-like Recruiter,40,20,234.289,0.5,0.5
cIAP1,4KJU,1RH,502,1,579.871,Peptide-like Recruiter,41,20,309.058,0.488,0.512
cIAP1,6H6Q,FUK,402,1,554.816,Peptide-like Recruiter,39,19,264.691,0.487,0.513
cIAP1,3MUP,SMK,600,1,523.807,Peptide-like Recruiter,37,18,264.909,0.486,0.514
cIAP1,5M6F,7HU,403,1,437.693,Drug-like Recruiter,31,15,237.496,0.484,0.516
cIAP1,5C84,4YL,402,1,375.965,Drug-like Recruiter,25,12,153.508,0.48,0.52
cIAP1,5M6E,7HT,404,1,491.789,Drug-like Recruiter,35,16,228.9,0.457,0.543
cIAP1,5M6L,7H9,403,1,524.79,Peptide-like Recruiter,37,16,250.857,0.432,0.568
cIAP1,5M6M,7H8,403,1,492.773,Drug-like Recruiter,35,15,229.345,0.429,0.571
cIAP1,5M6H,7J6,403,1,508.772,Peptide-like Recruiter,36,15,247.902,0.417,0.583
cIAP2,4EC4,2PE,403,1,414.492,Drug-like Recruiter,28,28,732.21,1.0,0.0
cIAP2,3F7G,389,1,1,482.754,Drug-like Recruiter,34,33,737.962,0.971,0.029
cIAP2,6EXW,C3K,602,1,485.714,Drug-like Recruiter,34,33,612.63,0.971,0.029
cIAP2,3OZ1,BMB,600,1,634.007,Peptide-like Recruiter,45,29,425.657,0.644,0.356
cIAP2,3CM7,X22,600,1,510.764,Peptide-like Recruiter,36,22,304.229,0.611,0.389
cIAP2,3CLX,X22,600,1,510.764,Peptide-like Recruiter,36,21,333.169,0.583,0.417
cIAP2,3GT9,516,1,1,522.844,Peptide-like Recruiter,36,21,307.254,0.583,0.417
cIAP2,7TRM,IUN,405,1,516.768,Peptide-like Recruiter,35,20,274.26,0.571,0.429
cIAP2,2JK7,BI6,1346,1,508.792,Peptide-like Recruiter,36,20,325.207,0.556,0.444
cIAP2,3EYL,SMK,600,1,523.807,Peptide-like Recruiter,37,20,330.876,0.541,0.459
cIAP2,4LGE,1Y0,402,1,549.801,Peptide-like Recruiter,39,21,323.617,0.538,0.462
cIAP2,4HY0,1AQ,403,1,617.823,Peptide-like Recruiter,43,23,399.534,0.535,0.465
cIAP2,4HY5,1AQ,402,1,617.823,Peptide-like Recruiter,43,23,399.673,0.535,0.465
cIAP2,3CM2,X23,600,1,509.78,Peptide-like Recruiter,36,19,319.46,0.528,0.472
cIAP2,4LGU,1YH,402,1,537.79,Peptide-like Recruiter,38,20,302.13,0.526,0.474
cIAP2,6EY2,C3T,402,1,498.753,Drug-like Recruiter,35,18,274.314,0.514,0.486
cIAP2,5M6N,7H9,1004,1,524.79,Peptide-like Recruiter,37,19,251.96,0.514,0.486
cIAP2,4MTI,2DX,402,1,551.817,Peptide-like Recruiter,39,20,315.462,0.513,0.487
cIAP2,4MU7,2DY,402,1,605.909,Peptide-like Recruiter,43,22,359.574,0.512,0.488
cIAP2,4HY4,1BG,402,1,535.818,Peptide-like Recruiter,38,19,305.811,0.5,0.5
cIAP2,3MUP,SMK,600,1,523.807,Peptide-like Recruiter,37,18,264.909,0.486,0.514
