SMILES,RECRUITER_CODE
B(CNS(=O)(=O)Cc1cccc(c1)C(=O)O)(O)OP(=O)(O)O,L00034
C(=O)[Fe](C#N)(C#N)[Ni],L00338
C(C(=O)O)NC(CO)(CO)CO,L00444
C(CCNC(=N)N)C[C@@H](C(=O)O)N,L00257
C(CCNCS)C[C@@H](C(=O)O)N,L00033
C(COCCOCCO)O,L00024
C(COCCOCCOCCOCCOCCO)O,L00350
C(COCCOCCOCCOCCOCCOCCOCCOCCO)O,L00096
C([C@@H](C(=O)O)N)SCC(=O)O,L00208
C([C@@H](C(=O)O)N)SS(=O)(=O)O,L00211
C([C@@H]1[C@H]([C@@H]([C@](O1)(CO)O)O)O)O,L00244
C([C@H]([C@H]([C@@H]([C@H](C=O)O)O)O)O)O,L00248
C/C=C/[C@H](C(=O)O)N1[C@@H]([C@@H](O[C@H](C1=O)Cc2ccc(cc2)F)c3ccc(cc3)Cl)c4ccc(cc4)Cl,L00076
C1=CN(C(=O)N=C1N)[C@H]2[C@@H]([C@@H]([C@H](O2)COP(=O)(O)O)O)O,L00207
C1=CN(C(=O)NC1=O)[C@H]2[C@@H]([C@@H]([C@H](O2)CO[P@@](=O)(O)OP(=O)(O)O)O)O,L00422
C1=C[N](=CN1)[Re+](C#O)(C#O)(C#O)[OH2],L00049
C1=C[N]2=C3C(=C1)C=CC4=CC=C[N](=C43)[Re]2(C#O)(C#O)C#O,L00050
C1CC(=O)N(C1=O)CC(=O)N,L00432
C1CC(=O)NC(=O)[C@H]1NC(=O)OCC2CCC(CC2)N,L00308
C1CCN(CC1)C(=O)CN2CC[NH2+]CC2,L00134
C1COCCN1CCCS(=O)(=O)O,L00046
C1CO[C@@H]([C@H]1O)COP(=O)(O)O,L00020
C1C[C@@H](NC1)COC(=O)N[C@H]2CCC(=O)NC2=O,L00305
C1C[C@@H]2CN(C[C@@H]2C1)C(=O)COC(F)F,L00325
C1C[C@H](N(C1)C(=O)[C@H](CC(=O)O)N)C(=O)O,L00223
C1C[C@H](NC1)COC(=O)N[C@H]2CC(=O)NC2=O,L00300
C1C[NH+]=C(N1)NNC(=O)CCCl,L00242
C1[C@@H]([C@H](CSS1)O)O,L00218
C1[C@@H]([C@H](O[C@H]1N2C3=C(C(=O)NC(=N3)N)NC2=O)COP(=O)(O)O)O,L00015
C1[C@@H]([C@H](O[C@H]1N2C=C(C(=NC2=O)N)C(=O)O)COP(=O)(O)O)O,L00069
C1[C@@H]([C@H](O[C@H]1N2C=CC(=NC2=O)N)COP(=O)(NP(=O)(O)OP(=O)(O)O)O)O,L00027
C1[C@@H]([C@H](O[C@H]1N2C=CC(=NC2=O)N)CO[P@@](=O)(O)O[P@@](=O)(O)OP(=O)(O)O)O,L00010
C1[C@@H]([C@H](O[C@H]1N2C=CC(=O)NC2=O)CO)O,L00219
C1[C@H]([C@@H]([C@H]([C@@H](O1)O)O)O)O,L00480
C1[C@H]2[C@@H]([C@@H](S1)CCCCC(=O)O)NC(=N)N2,L00270
C=CCc1cc(ccc1F)CNC(=O)[C@H](Cc2ccc(cc2)OP(=O)(O)O)NC(=O)Cc3ccc(cc3)F,L00041
CC(=CC(=O)N[C@H]1CC(=O)NC1=O)C,L00307
CC(=O)N1CCCC2(C1)CCCCCC2,L00470
CC(=O)N1CCC[C@@H](C1)[C@]2(c3ccc(cc3NC2=O)Cl)Cc4cccc(c4)Cl,L00089
CC(=O)N1CCC[C@H]1C(=O)N[C@@H]2COC(=O)c3cccc(c3CSC[C@@H](NC2=O)C(=O)N(C)C)c4ccc(cc4)C(=O)O,L00185
CC(=O)N1CCC[C@H]1C(=O)N[C@@H]2COC(=O)c3cccc(c3CSC[C@@H](NC2=O)C(=O)N(C)C)c4cccc(c4)C(=O)O,L00183
CC(=O)N1CCC[C@H]1C(=O)N[C@@H]2COC(=O)c3cccc(c3CSC[C@@H](NC2=O)C(=O)N(C)C)c4cccc5c4non5,L00171
CC(=O)N1CCC[C@H]1C(=O)N[C@@H]2COC(=O)c3ccccc3CSC[C@@H](NC2=O)C(=O)N(C)C,L00360
CC(=O)N1CCC[C@H]1C(=O)N[C@@H]2COC(=O)c3ccccc3C[S@](=O)C[C@@H](NC2=O)C(=O)N(C)C,L00172
CC(=O)N1CCN(CC1)c2ccc(cc2)Cl,L00472
CC(=O)N1CCN(CC1)c2ccc3c(c2)nc(nc3NCCN)C4(CCCC4)c5ccc(cc5)Cl,L00449
CC(=O)N1C[C@@H](C[C@H]1C(=O)NC)O,L00431
CC(=O)N1C[C@@H](C[C@H]1C(=O)NCc2ccc(cc2)c3cnco3)O,L00476
CC(=O)N1Cc2ccc(cc2C1)N,L00474
CC(=O)N[C@@H]1Cc2ccccc2NC1,L00390
CC(=O)Nc1ccc(cc1)CN2CCOCC2,L00382
CC(=O)Nc1ccc(cc1)[C@H]2CC=NO2,L00214
CC(=O)Nc1ccc2cn[nH]c2c1,L00320
CC(=O)c1ccc2c(c1)N(c3ccccc3S2)CCCN(C)C,L00354
CC(C)(C)CC(=O)N1C[C@@H](C[C@H]1C(=O)NCc2ccc(cc2)c3cnco3)O,L00110
CC(C)(C)CC(=O)N1C[C@@H](C[C@H]1C(=O)NCc2ccc(cc2)c3cncs3)O,L00116
CC(C)(C)CN1C[C@H]([C@@H]([C@@]12c3ccc(cc3NC2=O)Cl)c4cccc(c4)Cl)N,L00156
CC(C)(C)C[C@@H]1[C@]2(c3ccc(cc3NC2=O)Cl)[C@@H]([C@@H](N1)C(=O)NCCN4CCOCC4)c5cccc(c5F)Cl,L00334
CC(C)(C)C[C@H]1[C@]([C@H]([C@@H](N1)C(=O)NCC[C@@H](CO)O)c2cccc(c2)Cl)(C#N)c3ccc(cc3)Cl,L00265
CC(C)(C)C[C@H]1[C@]([C@H]([C@@H](N1)C(=O)NCC[C@@H](CO)O)c2cccc(c2F)Cl)(C#N)c3ccc(cc3F)Cl,L00079
CC(C)(C)C[C@H]1[C@]2(c3c(cc(s3)Cl)NC2=O)[C@H]([C@@H](N1)C(=O)Nc4ccc(cc4OC)C(=O)N)c5cccc(c5F)Cl,L00091
CC(C)(C)C[C@H]1[C@]2(c3ccc(cc3NC2=O)Cl)[C@H]([C@@H](N1)C(=O)NC4CCC(CC4)O)c5cccc(c5F)Cl,L00163
CC(C)(C)C[C@H]1[C@]2(c3ccc(cc3NC2=O)Cl)[C@H]([C@@H](N1)C(=O)NCCN)c4cccc(c4F)Cl,L00077
CC(C)(C)C[C@H]1[C@]2(c3ccc(cc3NC2=O)Cl)[C@H]([C@@H](N1)C(=O)Nc4ccc(cc4)C(=O)N)c5cccc(c5F)Cl,L00090
CC(C)(C)NC(=O)C(c1c2ccc(cc2[nH]c1C(=O)O)Cl)N(Cc3ccc(c(c3)F)F)C=O,L00057
CC(C)(C)NC(=O)Cc1ccc(cc1n2c(c(nc2C3CCCCC3)c4[nH]nnn4)c5ccc(c(c5)Cl)F)Cl,L00262
CC(C)(C)NC(=O)[C@@H](c1c2ccc(cc2[nH]c1C(=O)O)Cl)N(Cc3cc(c(c(c3)F)F)F)C=O,L00198
CC(C)(C)NC(=O)[C@@H](c1c2ccc(cc2[nH]c1C(=O)O)Cl)N(Cc3ccc(cc3)OCc4ccc(cc4)Cl)C=O,L00482
CC(C)(C)NC(=O)[C@H](c1c2ccc(cc2[nH]c1C(=O)O)Cl)N(Cc3ccc(cc3)Cl)C=O,L00401
CC(C)(C)S(=O)(=O)C[C@H](C1CC1)N2[C@@H]([C@H](O[C@@H](C2=O)CC(=O)O)c3cccc(c3)Cl)c4ccc(cc4)Cl,L00098
CC(C)(Cc1ccccc1)c2cc3ccccc3c4n2ccn4,L00447
CC(C)(c1cc2c(c(c1)F)[C@@](N(C2=O)Cc3ccc(cn3)C#N)(c4ccc(cc4)Cl)OCC5(CC5)CO)O,L00405
CC(C)(c1cc2c(c(c1)F)[C@@](N(C2=O)Cc3ccc(cn3)Cl)(c4ccc(cc4)Cl)OCC5(CC5)C(=O)N)O,L00406
CC(C)(c1cc2c(c(c1)F)[C@@](N(C2=O)Cc3ccc(cn3)Cl)(c4ccc(cc4)Cl)OCC5(CC5)CO)O,L00410
CC(C)(c1cc2c(c(c1)F)[C@@](N(C2=O)Cc3ccc(cn3)Cl)(c4ccc(cc4)Cl)OCC5(CC5)O)O,L00407
CC(C)(c1ccc2c(c1)C(=O)N([C@]2(c3ccc(cc3)Cl)OCC4(CC4)CO)Cc5ccc(cc5)C#C)O,L00416
CC(C)C1=C(SC2=N[C@@]([C@H](N12)c3ccc(cc3)Cl)(C)c4ccc(cc4)Cl)C(=O)N5CCC[C@H]5C(=O)N(C)C,L00455
CC(C)CC(=O)C1=C(Nc2c(ccc(c2C1=O)N(=O)=O)Cl)Nc3ccc(cc3Cl)Cl,L00227
CC(C)C[C@@H](C(=O)NO)NC(c1c2ccc(cc2[nH]c1C(=O)NO)Cl)C(=O)NCc3ccccc3,L00092
CC(C)C[C@@H](C(=O)O)NC(=O)C,L00319
CC(C)C[C@@H](C(=O)O)NC(=O)[C@H](C(C)C)N[P@](=O)(CNC(=O)OCc1ccccc1)O,L00420
CC(C)C[C@@H](C(=O)O)NC(=O)[C@H](C)N[P@](=O)(CNC(=O)OCc1ccccc1)O,L00419
CC(C)C[C@@H](C(=O)O)NC(=O)[C@H](Cc1ccccc1)N[P@](=O)(CNC(=O)OCc2ccccc2)O,L00082
CC(C)C[C@@H](CNC(=O)O)N,L00054
CC(C)N(C)c1c2cnn(c2ncn1)C,L00310
CC(C)N1CCN(CC1)C(=O)c2cccs2,L00342
CC(C)Oc1cc(ccc1C2=N[C@H]([C@H](N2C(=O)N3CCNC(=O)C3)c4ccc(c(c4)Cl)Cl)c5ccc(c(c5)Cl)Cl)OC,L00194
CC(C)Oc1cc(ccc1C2=N[C@H]([C@H](N2C(=O)N3CCNC(=O)C3)c4ccc(cc4)Cl)c5cc(ccc5F)Br)OC,L00122
CC(C)Oc1cc(ccc1C2=N[C@H]([C@H](N2C(=O)N3CCNC(=O)C3)c4ccc(cc4)Cl)c5ccc(cc5)Cl)OC,L00008
CC(C)Oc1cc(ccc1C2=N[C@H]([C@H](N2C(=O)N3CCNC(=O)C3)c4ccc(cc4)Cl)c5cccc(c5)Cl)C#N,L00123
CC(C)Oc1cc(ccc1C2=N[C@H]([C@H](N2C(=O)N3CCNC(=O)C3)c4ccc(cc4)Cl)c5cccc(c5)Cl)OC,L00124
CC(C)Oc1cc(ccc1C2=N[C@H]([C@H](N2C(=O)N3CCNC(=O)C3)c4ccc(cc4)Cl)c5cccc(c5)OC)OC,L00121
CC(C)Oc1cc(ccc1C2=N[C@H]([C@H](N2C(=O)N3CCNC(=O)C3=C)c4ccc(cc4)Cl)c5ccc(cc5)Cl)OC,L00329
CC(C)Oc1cc(ccc1C2=N[C@H]([C@H](N2C(=O)N3CCNCC3)c4ccc(cc4)Cl)c5ccc(cc5)Cl)OC,L00271
CC(C)Oc1cc2c(cc1OC)CC(=O)N([C@H]2c3ccc(cc3)Cl)c4ccc(cc4)N(C)CC5CCC(CC5)N6CCN(C(=O)C6)C,L00130
CC(C)Oc1cccc(c1)c2cccc(n2)n3c(c(cn3)C(=O)O)C(F)(F)F,L00149
CC(C)[C@H](Cc1cn(nn1)Cc2ccc(cc2)C(=O)O)C(=O)N[C@@H](CCCCN)C(=O)O,L00212
CC(C)c1c2c(nn1c3cnc(nc3OC)N(C)C)C(=O)N([C@H]2c4ccc(cc4)C#N)C5=CC(=CNC5=O)Cl,L00039
CC(C)n1c2c(nc1c3cnc(nc3OC)OC)C(=O)N([C@H]2c4ccc(cc4)Cl)C5=CC(=CN(C5=O)C)Cl,L00186
CC1(CN(C[C@@H]1O)c2c(cccn2)F)C,L00467
CC1=N[C@@]([C@@](N1C(=O)N2CCN(CC2)CCCS(=O)(=O)C)(C)c3ccc(cc3)Cl)(C)c4ccc(cc4)Cl,L00267
CC1=N[C@H]([C@H](N1)c2ccc(cc2)Cl)c3ccc(cc3)Cl,L00266
CC1=Nc2cccc(c2C(=O)N1[C@H]3CCC(=O)NC3=O)N,L00169
CC1CCC(CC1)Cn2c3c(cc(nc3c4cc(cnc4)Cl)C5=NOC(=O)N5)nc2N6CCO[C@H]7[C@H]6CCC7,L00071
CC1CCC(CC1)[C@@H](C)n2c3c(cc(nc3c4cc(cnc4)Cl)C5=NOC(=O)N5)nc2[C@H](C)COC,L00072
CCC(=O)NC[C@H]1CC[C@H]2C=C[C@H](N2C(=O)[C@H]1NC(=O)[C@H](C)NC)C(=O)NCc3ccccc3,L00205
CCC(=O)Nc1nc(cs1)C,L00284
CCC(=O)Oc1c(cccc1C(=O)O)C,L00388
CCCCCCC[C@](C)(C(=O)O)N,L00009
CCCC[C@@H]1CCCN1C(=O)[C@H]2CCC[C@H](C2)c3cccc(c3)n4c(c(cn4)C(=O)O)C5CC5,L00148
CCCC[C@H]1CCCN1C(=O)[C@H]2CCC[C@H](C2)c3cccc(c3)n4c(c(cn4)C(=O)O)C5CC5,L00372
CCCCc1ccc(cc1)S(=O)(=O)N(CC(=O)O)c2cccc(c2)n3c(c(cn3)C(=O)O)C4CC4,L00371
CCCN1c2ccc(cc2CCC1=O)NS(=O)(=O)Cc3ccc(c(c3)Cl)C,L00005
CCC[C@@H]1CCCCN1C(=O)c2cccc(c2)c3cccc(c3)n4c(c(cn4)C(=O)O)[C@@H]5C[C@H]5c6cn(nn6)C,L00147
CCC[C@@H]1CCCCN1C(=O)c2cccc(c2F)c3cccc(c3)n4c(c(cn4)C(=O)O)C5CC5,L00150
CCCc1ccc(cc1)S(=O)(=O)Nc2cccc(c2)n3c(c(cn3)C(=O)O)C4CC4,L00379
CCCn1c2ccccc2nc1NC(=O)CC,L00250
CCCn1cc(nn1)CN(C)C(=O)c2cc(c(s2)C)C3=C(CCC3)c4cc(sc4C)C(=O)N(C)Cc5cn(nn5)CC,L00348
CCN(CC)C(=O)c1cccc2c1-c3ccccc3C2=O,L00438
CCN1CCCC[C@@H]1[C@@H](C)Oc2ccc3c(c2)CN(C3=O)[C@H]4CCC(=O)NC4=O,L00415
CCOC(=O)CN1CCS(=O)(=O)CC1,L00453
CCO[C@@H](c1nc2cc(nc(c2n1[C@H](C)C3CCC(CC3)C)c4cc(cnc4)Cl)C5=NOC(=O)N5)C6CC6,L00073
CCO[C@@H]1C[C@@H]2CN([C@@H](CN2C1)C(=O)N[C@@H]3CCOc4c3cccc4)C(=O)[C@H](C5CCC(CC5)(F)F)NC(=O)[C@H](C)NC,L00028
CCOc1cc(ccc1C2=N[C@@]([C@@](N2)(C)c3ccc(cc3)Cl)(C)c4ccc(cc4)Cl)C(C)(C)C,L00268
CCOc1cc(ccc1C2=N[C@H]([C@H](N2C(=O)N3CCN(CC3)CCO)c4ccc(cc4)Br)c5ccc(cc5)Br)OC,L00272
CCOc1cc2c(cc1OCC)[C@@H](N(C(=O)C2)c3ccc(cc3OCc4[nH]nnn4)C)c5ccc(cc5)Cl,L00129
CCOc1ccc(cc1)S(=O)(=O)Nc2cc(c(c3c2cccc3)NS(=O)(=O)c4ccc(cc4)OCC)CC(=O)C,L00314
CCOc1cccc(c1)CN2[C@H]([C@H]([C@@H]([C@@]23c4ccc(cc4NC3=O)Cl)c5cccc(c5F)Cl)N)C,L00157
CCOc1ccccc1N2CCNCC2,L00253
CCS(=O)(=O)Nc1ccc(cc1)C2=N[C@H](c3nnc(n3-c4c2c(c(s4)C)C)C)CC(=O)OC(C)(C)C,L00484
CC[C@@H](C(=O)N[C@@H](C1CCCCC1)C(=O)N2C[C@@H]3Cc4ccccc4N3C[C@H]2C(=O)N[C@@H]5CCOc6c5cccc6)NC,L00094
CC[C@@H](C(=O)N[C@@H](C1CCCCC1)C(=O)N2C[C@H]3CCCN3C[C@H]2C(=O)N[C@@H]4CCOc5c4cccc5)NC,L00093
CC[C@@H](C(=O)N[C@H]1C=CCC[C@H]2CC[C@H](N2C1=O)C(=O)NC(c3ccccc3)c4ccccc4)N=C,L00199
CC[C@@H](C(=O)N[C@H]1[C@H](CC[C@H]2CC[C@H](N2C1=O)C(=O)NC(c3ccccc3)c4ccccc4)CCN)N,L00052
CC[C@@H](C(=O)N[C@H]1[C@H](CC[C@H]2CC[C@H](N2C1=O)C(=O)NC(c3ccccc3)c4ccccc4)CCNCc5ccccc5)NC,L00202
CC[C@@H](C(=O)N[C@H]1[C@H](CC[C@H]2CC[C@H](N2C1=O)C(=O)NC(c3ccccc3)c4ccccc4)CN)N,L00475
CC[C@@H](C(=O)N[C@H]1[C@H](CC[C@H]2CC[C@H](N2C1=O)C(=O)NC(c3ccccc3)c4ccccc4)CO)N,L00056
CC[C@@H](C(=O)N[C@H]1[C@H](CC[C@H]2CC[C@H](N2C1=O)C(=O)NCc3ccc(cc3)C(C)(C)C)CO)NC,L00206
CC[C@@H](C(=O)OC(C)(C)C)N1[C@@H]([C@H](C[C@@H](C1=O)CC(=O)O)c2cccc(c2)Cl)c3ccc(cc3)Cl,L00062
CC[C@@H](C)Oc1cc2c(cc1OC)CC(=O)N([C@H]2c3ccc(cc3)Cl)c4ccc(cc4)N(C)Cc5ccncc5,L00131
CC[C@@H](CO)N1[C@@H]([C@@H](O[C@H](C1=O)CC(=O)O)c2cccc(c2)Cl)c3ccc(cc3)Cl,L00078
CC[C@@H](CO)N1[C@@H]([C@H](C[C@@H](C1=O)CC(=O)O)c2cccc(c2)Cl)c3ccc(cc3)Cl,L00064
CC[C@@H](CS(=O)(=O)C(C)(C)C)N1[C@@H]([C@H](C[C@](C1=O)(C)CC(=O)O)c2cccc(c2)Cl)c3ccc(cc3)Cl,L00097
CC[C@@H](CS(=O)(=O)C(C)(C)C)N1[C@@H]([C@H](O[C@@H](C1=O)CC(=O)O)c2cccc(c2)Cl)c3ccc(cc3)Cl,L00099
CC[C@@H](CS(=O)(=O)C(C)(C)C)N1[C@@H]([C@H](O[C@H](C1=O)CC(=O)O)c2cccc(c2)Cl)c3ccc(cc3)Cl,L00104
CC[C@@H]([C@H](C)O)N1[C@@H]([C@H](C[C@](C1=O)(C)CC(=O)O)c2cccc(c2)Cl)c3ccc(cc3)Cl,L00063
CC[C@@H](c1cccc(n1)C2CC2)N3[C@@H]([C@H](C[C@](C3=O)(C)CC(=O)O)c4cccc(c4)Cl)c5ccc(cc5)Cl,L00106
CC[C@@H]1CC[C@H](N1C(=O)C2=C(N3[C@@H]([C@](N=C3S2)(C)c4ccc(cc4)Cl)c5ccc(cc5)Cl)C(C)C)C(=O)N6CCN([C@@H](C6)C)C(=O)C,L00326
CC[C@@]1(CCC(=O)NC1=O)c2ccc(cc2)N,L00187
CC\C=C/C\C=C/C\C=C/C\C=C/C\C=C/C\C=C/CCC(=O)O,L00264
CCc1cc(ccc1F)CNC(=O)[C@H](Cc2ccc(cc2)OP(=O)(O)O)NC(=O)Cc3ccc(cc3)F,L00288
CCc1cc(nc(n1)N(C)CC(=O)OCC)CC,L00040
CCc1csc(n1)c2cnc[nH]2,L00487
CCn1c-2c(nn1)-c3ccc(cc3-c4c(nnn4CC)-c5c2cc(cc5)N(C)C)[N+](C)(C)C,L00241
CCn1c-2c(nn1)-c3ccccc3-c4c(nnn4CC)-c5c2cccc5,L00349
CCn1c2ccc(c(c2nn1)C)[C@@H](CC(=O)O)c3cc(c4c(c3)CN(CC4)C(=O)c5ccccc5)C,L00058
CCn1c2ccc(c(c2nn1)C)[C@@H](CC(=O)O)c3ccc4c(c3)CN(CC4)C(=O)c5ccccc5,L00353
CCn1cc(cn1)NC(=O)C2CCC2,L00340
CN(C)C(=O)c1cccc(c1)c2cccc(c2)n3c(c(cn3)C(=O)O)C4CC4,L00146
CN(C)C(=O)c1cccc(c1)c2cccc(n2)n3c(c(cn3)C(=O)O)C(F)(F)F,L00151
CN(C)C(=O)c1cccc2c1-c3ccccc3C2=O,L00440
CN(C)C(=O)c1ccccc1NC(=O)OCc2ccc(cc2)C(=O)O,L00380
CN(C)CCCN(C)[C@H]1CCN(C1)C(=O)c2c(c3ccc(cc3[nH]2)Cl)c4c(ncn4Cc5ccc(cc5CO)Cl)c6ccccc6,L00261
CN(C)c1cccc2c1c(ccc2)N(C)C,L00053
CN1C(=O)C(=C([C@]1(Cc2ccc(cc2)Cl)O)c3c[nH]c4c3ccc(c4)Cl)Cc5ccc(cc5)Cl,L00127
CN1CCCc2c1cc(cc2)S(=O)(=O)N,L00385
CN1CCN(CC1)c2ccc3c(c2)C=C(N4C3=NCC4)C5(CC5)c6ccc(cc6)OC,L00445
CN1CCN(CC1)c2ccc3c(c2)nc(nc3NCCN)C4(CC4)c5ccc(cc5)OC,L00450
CN1CC[C@@H](C1=O)Oc2cccc(c2)F,L00356
CN1[C@@H]([C@@H](O[C@H](C1=O)Cc2ccccc2)c3ccc(cc3)Br)c4ccc(cc4)Br,L00074
CN1[C@@H]([C@@H](O[C@H](C1=O)Cc2ccccc2)c3ccc(cc3)Cl)c4ccc(cc4)Cl,L00075
CNC(=O)CCC(=O)N1CCC[C@H]1C(=O)N[C@@H]2COC(=O)c3ccccc3CSC[C@@H](NC2=O)C(=O)N(C)C,L00170
CNC(=O)c1ccc(cc1)S(=O)(=O)N,L00457
CNCC(=O)NCc1ccc(cc1)CNC(=O)CNC,L00332
CNCC(=O)NCc1cccc(c1)CNC(=O)CNC,L00333
CNCc1ccc(o1)Oc2cccnc2,L00236
CNc1ccccc1S(=O)(=O)C,L00425
COC(=O)N1CCN(CC1)c2ccc(cc2)F,L00357
COC(=O)[C@@H]1C[C@H](CN1C(=O)c2ccco2)O,L00249
COC(=O)c1cc2c([nH]1)cco2,L00233
COCC(=O)NCc1ccccc1,L00398
COc1c(c(cc(c1F)C(=O)N[C@H]2CCC(=O)NC2=O)F)N,L00458
COc1c2c(nc(n1)N)n(cn2)[C@H]3C[C@@H]([C@H](O3)COP(=O)(O)O)O,L00154
COc1cc(ccc1C(=O)N[C@H]2CCC(=O)NC2=O)N,L00461
COc1cc2c(cc1O)cc([nH]2)C(=O)N3C[C@H]4C[C@@]45C3=CC(=O)c6c5cc([nH]6)C(=O)N7CCc8c7c(c(c9c8cc([nH]9)C(=O)SC)OC)O,L00168
COc1ccc(c2c1C(=O)N(C2=O)[C@H]3CCC(=O)NC3=O)N,L00451
COc1ccc(cc1)S(=O)(=O)N(CC(=O)N)c2ccc(c3c2cccc3)N(CC(=O)N)S(=O)(=O)c4ccc(cc4)N,L00023
COc1ccc(cc1)S(=O)(=O)N(CC(=O)N)c2ccc(c3c2cccc3)N(CC(=O)N)S(=O)(=O)c4ccc(cc4)OC,L00120
COc1ccc(cc1)S(=O)(=O)N(CC(=O)O)c2c3ccccc3c(cn2)N(CC(F)(F)F)S(=O)(=O)c4ccc(cc4)OC,L00359
COc1ccc(cc1)S(=O)(=O)N(CC(=O)O)c2ccc(c(c2)OCc3ccccc3)N(CC(=O)O)S(=O)(=O)c4ccc(cc4)OC,L00252
COc1ccc(cc1)S(=O)(=O)Nc2ccc(c3c2cccc3)N(CC(=O)O)S(=O)(=O)c4ccc(cc4)OC,L00048
COc1ccc(cc1)S(=O)(=O)Nc2ccc(c3c2cccc3)NS(=O)(=O)c4ccc(cc4)OC,L00273
COc1ccc(cc1)[C@H]2CCC(=O)NC2=O,L00182
COc1ccc(cc1OC2CCCC2)[C@H]3CC(=O)NC3,L00381
COc1ccc2c(c1)nc(s2)N,L00343
COc1cccc(c1)S(=O)(=O)N(CC(=O)O)c2cccc(c2)n3c(c(cn3)C(=O)O)C4CC4,L00375
COc1cccc(c1)S(=O)(=O)N(CC(=O)O)c2cccc(c2)n3c(c(cn3)C(=O)O)[C@H]4C[C@@H]4c5ccccc5,L00378
COc1ccccc1c2nnco2,L00315
CS(=O)(=O)Cc1[nH]c2ccccc2n1,L00397
CS(=O)(=O)NCC1CCNCC1,L00459
CS(=O)(=O)NCCc1ccc(cc1)F,L00391
CS(=O)(=O)NCCc1ccccc1,L00283
CS(=O)(=O)c1nccn1Cc2cscn2,L00277
C[C@@H](C(=O)N[C@@H](C(C)C)C(=O)N)[NH3+],L00133
C[C@@H](C(=O)N[C@@H](C(C)C)C(=O)N1CCC[C@H]1C(=O)NCC(c2ccccc2)c3ccccc3)N,L00108
C[C@@H](C(=O)N[C@@H](C1CCCCC1)C(=O)N2CCC[C@H]2c3nc(cs3)C(=O)c4ccc(cc4)F)NC,L00274
C[C@@H](C(=O)N[C@@H](C1CCCCC1)C(=O)N2CCC[C@H]2c3nc(cs3)c4cccc5c4cccc5)NC,L00143
C[C@@H](C(=O)N[C@@H](C1CCCCC1)C(=O)N2C[C@H]3CCCN3C[C@H]2C(=O)N[C@@H]4CCCc5c4cccc5)NC,L00067
C[C@@H](C(=O)N[C@@H](C1CCCCC1)C(=O)N2C[C@H]3CCCN3C[C@H]2C(=O)N[C@@H]4CCOc5c4cccc5)NC,L00088
C[C@@H](C(=O)N[C@@H](C1CCCCC1)C(=O)N2C[C@H]3C[C@@H]4C[C@@H]4N3C[C@H]2C(=O)N[C@@H]5CCOc6c5cccc6)NC,L00087
C[C@@H](C(=O)N[C@@H]1C(=O)N(c2ccccc2OC13CCOCC3)Cc4c5ccc(cc5ccc4OC)C(=O)O)NC,L00081
C[C@@H](C(=O)N[C@H](C(=O)N1CCC[C@H]1C(=O)N[C@@H]2CCCc3c2cccc3)C(C)(C)C)NC,L00174
C[C@@H](C(=O)N[C@H](C(=O)N1C[C@H](C[C@H]1C(=O)N[C@@H]2CCCc3c2cccc3)Oc4ccccc4)C(C)(C)C)NC,L00173
C[C@@H](C(=O)N[C@H]1CN(c2ccccc2N(C1=O)Cc3c4ccccc4ccc3OC)C(=O)c5ccc(cc5)N)NC,L00080
C[C@@H](C(=O)Nc1cccc(n1)N)[NH3+],L00135
C[C@@H](C(=O)O)Oc1ccc(cc1)c2ccccc2,L00489
C[C@@H](c1ccc(cc1)Cl)n2cnc(c2c3c4ccc(cc4[nH]c3C(=O)NCCN5CCN(CC5)C6CCCCC6)Cl)c7ccccc7,L00263
C[C@@H](c1cccc(c1)Cl)N2[C@H](c3c(nc(n3C(C)C)c4cnc(nc4OC)OC)C2=O)c5ccc(cc5)Cl,L00260
C[C@@H](c1cccnc1)NC(=O)C2CC2,L00408
C[C@@H](c1nc(co1)C(=O)N2CCC[C@H]2C(=O)N[C@@H](Cc3c[nH]c4c3cccc4)C(=O)O)N,L00209
C[C@@H]1CN(CC[NH2+]1)CC(=O)N2CC(c3c2cc(cc3)Cl)(C)C,L00136
C[C@@H]1CN(CC[NH2+]1)CC(=O)N2CCCC2,L00137
C[C@@H]1CN(CC[NH2+]1)CC(=O)N2CCc3c2cc(nc3)Cl,L00139
C[C@@H]1CN(CC[NH2+]1)CC(=O)N2CCc3c2cccc3,L00138
C[C@@H]1CN([C@H](CN1)CN2Cc3ccccc3C2=O)CC(=O)N4CC(c5c4cc(cn5)Cc6ccc(cc6)F)(C)C,L00245
C[C@@H]1CN([C@H](CN1)CN2[C@@H](COC[C@H]2C)C)CC(=O)N3CC(c4c3cc(cn4)[C@H](c5ccc(cc5)F)O)(C)C,L00246
C[C@@H]1CN([C@H](C[NH2+]1)C(=O)N2CCOCC2)CC(=O)N3CC(c4c3cc(cn4)Cc5ccccc5)(C)C,L00166
C[C@@H]1CN([C@H](C[NH2+]1)CN2CCCC2=O)CC(=O)N3CC(c4c3cc(cn4)Cc5ccccc5)(C)C,L00162
C[C@@H]1CN([C@H](C[NH2+]1)CN2CCOC[C@H]2C)CC(=O)N3CC(c4c3cc(c(n4)CO)Cc5ccc(cc5)F)(C)C,L00188
C[C@@H]1CN([C@H](C[NH2+]1)CN2CCOC[C@H]2C)CC(=O)N3CC(c4c3cc(cn4)Cc5ccc(cc5)F)(C)C,L00031
C[C@@H]1CN([C@H](C[NH2+]1)COC)CC(=O)N2CC(c3c2cc(cn3)Cc4ccccc4)(C)C,L00165
C[C@@H]1CN([C@H](C[NH2+]1)COC)CC(=O)N2CC(c3c2cc(nc3)Cc4ccccc4)(C)C,L00141
C[C@@H]1CN([C@H](C[NH2+]1)COC)CC(=O)N2CC(c3c2cc(nc3)Cl)(C)C,L00140
C[C@@H]1C[C@H]2[C@H]([C@@H]([C@]3([C@H]1[C@H](C[C@@H]3O)OC(=O)C)C)OC(=O)C)C(=C)C(=O)O2,L00479
C[C@@]1(C(=O)N([C@@H]([C@H](O1)c2cccc(c2)Cl)c3ccc(cc3)Cl)[C@H](CS(=O)(=O)C(C)(C)C)C4CC4)Cc5ccc(cn5)C(=O)O,L00101
C[C@@]1(C[C@@H]([C@H](N(C1=O)[C@H](CS(=O)(=O)C(C)(C)C)C2CC2)c3ccc(c(c3)F)Cl)c4cccc(c4)Cl)Cc5ncc(s5)CC(=O)O,L00100
C[C@@]1(C[C@@H]([C@H](N(C1=O)[C@H](CS(=O)(=O)C(C)(C)C)C2CC2)c3ccc(cc3)Cl)c4cccc(c4)Cl)Cc5ccc(cn5)C(=O)O,L00102
C[C@@]1(C[C@@H]([C@H](N(C1=O)[C@H](CS(=O)(=O)N2CCCC2)C3CC3)c4ccc(cc4)Cl)c5cccc(c5)Cl)CC(=O)O,L00107
C[C@@]12CC[C@]3(CCC(C[C@H]3[C@H]1C(=O)C=C4[C@]2(CC[C@@H]5[C@@]4(CC(=C(C5(C)C)O)C#N)C)C)(C)C)C(=O)O,L00395
C[C@H](C1CC1)Nc2c3c(nc(n3Cc4ccc(cc4)Cl)c5ccc6c(c5)ccs6)nc(n2)C(=O)O,L00070
C[C@H](CS(=O)(=O)N)c1ccccc1,L00452
C[C@H]([C@@H](C(=O)O)NC(=O)C)O,L00400
C[C@H]([C@@H](C1=N/C(=C\c2ccc(cc2)O)/C(=O)N1CC(=O)O)N)O,L00210
C[C@H](c1ccccc1Cl)NS(=O)(=O)C,L00468
C[C@H]1CCN([C@@H]1C(=O)Nc2ccccc2c3ncccn3)C(=O)[C@H](C4CCCCC4)NC(=O)[C@H](C)NC,L00184
C[C@H]1[C@@H]2CCc3c(n(nc3[C@]2(CC(=C1O)C#N)C)C)c4cccnc4,L00145
C[C@]1(C(=O)N([C@@H]([C@H](O1)c2cccc(c2)Cl)c3ccc(cc3)Cl)[C@H](CS(=O)(=O)C(C)(C)C)C4CC4)Cc5ccc(cn5)C(=O)O,L00103
C[N@@](CCCN(C)C)[C@H]1CCN(C1)C(=O)c2c(c3ccc(cc3[nH]2)Cl)c4c(ncn4Cc5ccc(cc5)Cl)c6ccccc6,L00473
Cc1c(ccc2c1[nH]cc2/C=C\3/C(=O)N(C(=O)N3)Cc4ccc(c(c4)F)F)Cl,L00026
Cc1c(cccc1Cl)NC(=O)[C@@H]2CCCO2,L00339
Cc1c(cccc1N)C(=O)N2C[C@@H](C[C@H]2C(=O)NCc3ccc(cc3)c4c(ncs4)C)O,L00399
Cc1c(ocn1)c2ccc(cc2)CNC(=O)[C@@H]3C[C@H](CN3C(=O)CC(C)(C)C)O,L00113
Cc1c(scn1)c2cc(c(cc2F)[C@H](C)NC(=O)[C@@H]3C[C@H](CN3C(=O)[C@H](C(C)(C)C)NC(=O)C4(CC4)F)O)OC,L00442
Cc1c(scn1)c2cc3c(cc2F)[C@H](CCC3)NC(=O)[C@@H]4C[C@H](CN4C(=O)[C@H](C(C)(C)C)NC(=O)C5(CC5)F)O,L00441
Cc1c(scn1)c2ccc(cc2)CNC(=O)[C@@H]3C[C@H](CN3C(=O)CC(C)(C)C)O,L00117
Cc1c(scn1)c2ccc(cc2)CNC(=O)[C@@H]3C[C@H](CN3C(=O)[C@@H]4C[C@H](CN4C(=O)C)O)O,L00115
Cc1c(scn1)c2ccc(cc2)CNC(=O)[C@@H]3C[C@H](CN3C(=O)[C@H](C(C)(C)C)NC(=O)C)O,L00021
Cc1c(scn1)c2ccc(cc2)CNC(=O)[C@@H]3C[C@H](CN3C(=O)[C@H](C(C)(C)C)NC(=O)C4(CC4)C#N)O,L00159
Cc1c(scn1)c2ccc(cc2)CNC(=O)[C@@H]3C[C@H](CN3C(=O)[C@H](C(C)(C)C)NC(=O)C4(CC4)C(=O)C)O,L00179
Cc1c(scn1)c2ccc(cc2)CNC(=O)[C@@H]3C[C@H](CN3C(=O)[C@H](C(C)(C)C)NC(=O)C4(CC4)F)O,L00142
Cc1c(scn1)c2ccc(cc2)CNC(=O)[C@@H]3C[C@H](CN3C(=O)[C@H](C(C)(C)C)NC(=O)C4(CC4)NC(=O)C)O,L00178
Cc1c(scn1)c2ccc(cc2)CNC(=O)[C@@H]3C[C@H](CN3C(=O)[C@H](C(C)(C)C)NC(=O)C4CC4)O,L00181
Cc1c(scn1)c2ccc(cc2)CNC(=O)[C@@H]3C[C@H](CN3C(=O)[C@H](C(C)(C)C)NC(=O)C4CCC4)O,L00177
Cc1c(scn1)c2ccc(cc2)CNC(=O)[C@@H]3C[C@H](CN3C(=O)[C@H](C(C)(C)C)NC(=O)C4COC4)O,L00176
Cc1c(scn1)c2ccc(cc2)CNC(=O)[C@@H]3C[C@H](CN3C(=O)[C@H](C(C)(C)C)NC(=O)CO)O,L00180
Cc1c(scn1)c2ccc(cc2)CNC(=O)[C@@H]3C[C@H](CN3C(=O)[C@H](C(C)(C)C)NC(=O)[C@H](C(C)(C)C)NC(=O)C)O,L00112
Cc1c(scn1)c2ccc(cc2)CNC(=O)[C@@H]3C[C@H](CN3C(=O)[C@H](C(C)(C)C)NC(=O)[C@H](CC(C)C)NC(=O)C)O,L00111
Cc1c(scn1)c2ccc(cc2)CNC(=O)[C@@H]3C[C@H](CN3C(=O)[C@H](C(C)(C)C)NC(=O)[C@H](Cc4ccccc4)NC(=O)C)O,L00114
Cc1c(scn1)c2ccc(cc2)CNC(=O)[C@@H]3C[C@H](CN3C(=O)[C@H](C)NC(=O)C)O,L00175
Cc1c(scn1)c2ccc(cc2)CNC(=O)[C@@H]3C[C@H](CN3C(=S)[C@H](C)NC(=O)C)O,L00221
Cc1c(scn1)c2ccc(cc2)CNC(=O)[C@@H]3[C@@H]([C@H](CN3C(=O)[C@H](C(C)(C)C)NC(=O)C)O)F,L00228
Cc1c(scn1)c2ccc(cc2)CNC(=O)[C@@H]3[C@H]([C@H](CN3C(=O)[C@H](C(C)(C)C)NC(=O)C)O)F,L00229
Cc1c(scn1)c2ccc(cc2)CNC(=O)[C@H]3C[C@H](CN(C3=O)c4ccccn4)O,L00466
Cc1c(scn1)c2ccc(cc2)CNC(=S)[C@@H]3C[C@H](CN3C(=O)[C@H](C)NC(=O)C)O,L00220
Cc1c(scn1)c2ccc(cc2)CNC(=S)[C@@H]3C[C@H](CN3C(=S)[C@H](C)NC(=O)C)O,L00222
Cc1c(scn1)c2ccc(cc2)[C@H](C)NC(=O)[C@@H]3C[C@H](CN3C(=O)[C@@H](c4cc(no4)OCCOCCOC)C(C)C)O,L00443
Cc1c(scn1)c2ccc(cc2)[C@H](CC(=O)NC)NC(=O)[C@@H]3C[C@H](CN3C(=O)[C@H](C(C)(C)C)NC(=O)C4(CC4)F)O,L00365
Cc1cc(c(c(c1C)S(=O)(=O)N(CC(=O)O)c2cccc(c2)n3c(c(cn3)C(=O)O)C4CC4)C)C,L00377
Cc1cc(c(c(c1C)S(=O)(=O)Nc2ccc(c3c2cccc3)N4CC[C@@H](C4)C(=O)O)C)C,L00144
Cc1cc(c(c(c1C)S(=O)(=O)Nc2cccc(c2)n3c(c(cn3)C(=O)O)C4CC4)C)C,L00376
Cc1cc(c2cc(ccc2n1)F)O,L00436
Cc1cc(ccc1C(=O)N[C@H]2CCC(=O)NC2=O)N,L00464
Cc1cc(ccc1Cl)[C@H](CC(=O)O)c2ccc3c(c2)nnn3C,L00281
Cc1cc(ccc1F)CNC(=O)[C@H](Cc2ccc(cc2)OP(=O)(O)O)NC(=O)Cc3ccc(cc3)F,L00289
Cc1cc(ccc1[C@H](C)NC(=O)[C@@H]2C[C@H](CN2C(=O)[C@H](C(C)(C)C)NC(=O)C3(CC3)F)O)c4c(ncs4)C,L00454
Cc1cc(ccc1[C@H]2c3c([nH]nc3C(C)C)C(=O)N2c4cccc(c4F)Cl)Cl,L00258
Cc1cc(ccc1[C@H]2c3c(nn(c3C(C)C)c4ccccc4OC)C(=O)N2c5cc(ccc5OCCN(C)C)Cl)Cl,L00160
Cc1cc(ccc1c2cncs2)CNC(=O)[C@@H]3C[C@H](CN3C(=O)CC(C)(C)C)O,L00118
Cc1cc(nc(n1)C)N2CCNCC2,L00471
Cc1cc(nc(n1)CO)N2CCCCC2,L00404
Cc1cc(no1)C(=O)Nc2cnn(c2)C,L00423
Cc1cc(no1)CS(=O)(=O)NC,L00469
Cc1cc(on1)CC(=O)N2C[C@@H](C[C@H]2C(=O)NC)O,L00361
Cc1cc(on1)CC(=O)N2C[C@@H](C[C@H]2C(=O)NCc3ccc(cc3)C(=O)OC)O,L00488
Cc1cc(on1)CC(=O)N2C[C@@H](C[C@H]2C(=O)NCc3ccc(cc3)N(O)O)O,L00490
Cc1cc(on1)CC(=O)N2C[C@@H](C[C@H]2C(=O)NCc3ccc(cc3)c4ccccc4)O,L00403
Cc1cc(on1)CC(=O)N2C[C@@H](C[C@H]2C(=O)NCc3ccc(cc3)c4cnco4)O,L00318
Cc1cc(on1)CN2C(=O)C=CC(=N2)C,L00426
Cc1cc(on1)[C@@H](C(C)C)C(=O)N2C[C@@H](C[C@H]2C(=O)NCc3ccc(cc3OCCOC)c4c(ncs4)C)O,L00363
Cc1cc(on1)[C@@H](C(C)C)C(=O)N2C[C@@H](C[C@H]2C(=O)NOc3ccc(cc3)c4c(ncs4)C)O,L00366
Cc1cc(on1)[C@@H](C(C)C)C(=O)N2C[C@@H](C[C@H]2C(=O)N[C@@H](C)c3ccc(cc3OCCOC)Cl)O,L00362
Cc1cc(on1)[C@@H](C(C)C)C(=O)N2C[C@@H](C[C@H]2C(=O)N[C@@H](C)c3ccc(cc3OCCOC)c4c(ncs4)C)O,L00364
Cc1cc(on1)[C@@H](C(C)C)C(=O)N2C[C@@H](C[C@H]2C3=NO[C@](N3)(C)c4ccc(cc4)c5c(ncs5)C)O,L00367
Cc1cc2c(cc1C)N(C3=C(N2)C(=O)NC(=O)N3)C[C@@H]([C@@H]([C@@H](COP(=O)(O)O)O)O)O,L00243
Cc1ccc(c(c1)C)S(=O)(=O)C2=CN=C(NC2=O)SCC(=O)Nc3ccccc3C(F)(F)F,L00125
Cc1ccc(c2c1c(c[nH]2)C#N)NS(=O)(=O)c3ccc(cc3)CN,L00358
Cc1ccc(c2c1c(c[nH]2)C#N)NS(=O)(=O)c3cccc(c3)C#N,L00047
Cc1ccc(cc1)N2CC[C@@H](C2)NC(=O)c3c[nH]c4c3cccc4OC,L00259
Cc1ccc(cc1)[C@H](CC(=O)O)NC(=O)Cc2ccc3c(c2)CCCC3,L00393
Cc1ccc(cc1)[C@H]([C@@H](C)C(=O)O)NC(=O)Cc2ccc3c(c2)CCCC3,L00394
Cc1ccc(cc1)[C@H]([C@@H](C)C(=O)O)NC(=O)[C@H](c2ccc3c(c2)CCCC3)F,L00396
Cc1ccc(cc1CN(C)S(=O)(=O)c2ccccc2)[C@H](CC(=O)O)c3cc4c(c(c3)OC)n(nn4)C,L00279
Cc1ccc(cc1CN2CCOc3ccccc3S2(=O)=O)[C@H](CC(=O)O)c4cc5c(c(c4)OC)n(nn5)C,L00282
Cc1ccc(cc1CN2C[C@H](Oc3ccccc3S2(=O)=O)C)[C@H](CC(=O)O)c4cc5c(c(c4)OC)n(nn5)C,L00317
Cc1ccc(cc1Cl)NC(=O)CCc2cccc(c2)NC3=CC(=O)N(C3=O)[C@H]4CCC(=O)NC4=O,L00051
Cc1ccc(cc1Cl)NC(=O)NCc2ccc3c(c2)CN(C3=O)[C@H]4CCC(=O)NC4=O,L00032
Cc1ccc(cc1N2[C@H](c3c(nc(n3C(C)C)c4cnc(nc4OC)OC)C2=O)c5ccc(cc5C)Cl)Cl,L00230
Cc1ccc(cc1O)NC(=O)c2cccc(c2)F,L00321
Cc1ccc2cc1[C@H]([N@@]3Cc4cc(ccc4OS3(=O)=O)OCCOCCn5c6ccc(c(c6nn5)C)[C@H]2CC(=O)O)C,L00316
Cc1cccc(c1)C(=O)N2CCC(CC2)C(=O)N,L00344
Cc1cccc(c1)C(=O)NCC(=O)O,L00456
Cc1cccc(c1)c2nc(c(n2c3cc(ccc3C)Cl)c4cccc(c4)Cl)C(=O)O,L00105
Cc1cccc(c1OC(=O)C)C(=O)O,L00331
Cc1cccc(c1OC(=O)C2CC2)C(=O)O,L00389
Cc1cccc2c1CCN([C@@H]2CN3Cc4ccccc4C3=O)C(=O)[C@@H]5CCCC[C@@H]5C(=O)O,L00085
Cc1ccccc1CCNC(=O)C,L00417
Cc1cnn(c1)C[C@H]2C[NH2+][C@@H](CN2CC(=O)N3CC(c4c3cc(nc4)Cc5ccccc5)(C)C)C,L00164
Cc1nc(sn1)N2CCCNCC2,L00311
Cc1nc2c(c(n1)OC)CC[C@@H]3[C@@]2(CC(=C([C@H]3C)O)C#N)C,L00411
Cc1nc2c(o1)C=C(OC2=O)C,L00161
Cc1nccn1Cc2cccc(c2)C#N,L00384
Cc1nnc(s1)N2CCCCC2,L00383
Cn1c2ccc(cc2nn1)[C@@H](CC(=O)O)c3ccc(c(c3)CN(C)S(=O)(=O)C)Cl,L00481
Cn1c2ccc(cc2nn1)[C@@H](CC(=O)O)c3ccc(c(c3)CN(C)S(=O)(=O)c4ccccc4)Cl,L00061
Cn1c2ccc(cc2nn1)[C@@H](CC(=O)O)c3ccc(cc3)Cl,L00478
Cn1c2ccc(cc2nn1)[C@H](CC(=O)O)c3ccc(cc3)Cl,L00280
Cn1cc(nn1)[C@@H]2C[C@H]2c3c(cnn3c4cccc(c4)c5cccc(c5)C(=O)N(C)C)C(=O)O,L00152
[B-]1(O[C@@H]2[C@H](CO[C@@]2(O1)C)O)(O)O,L00001
[H]/N=C(\N)/SCc1ccccc1Cl,L00231
[H]/N=C(\NCCC[C@@H](C(=O)N(Cc1ccccc1)Cc2ccccc2)NC(=O)C[N-][N+]#N)/NC(=O)NC,L00007
[H]/N=C\1/C[C@@H](CN1)c2cccc(c2)Oc3ccc(cc3)Cl,L00448
c1c([nH]cn1)C[C@@H](C(=O)N)N,L00255
c1c(c(nc(c1F)Cl)Cl)C(=O)O,L00435
c1c(c2c([nH]1)N=C(NC2=O)N)CN,L00355
c1c(c2c([nH]1)c(ncn2)N)CN3C[C@@H]([C@@H]([C@H]3CO)O)O,L00191
c1c(c2c([nH]1)c(ncn2)N)[C@H]3[C@@H]([C@@H]([C@H](N3)CO)O)O,L00418
c1c(c2c(s1)c(ncn2)O)CN3C[C@@H]([C@@H]([C@H]3CO)O)O,L00044
c1c(cc(c(c1Cl)C(=O)N[C@H]2CC(=O)NC2=O)Cl)Cl,L00306
c1c(cn(n1)C2CC[NH2+]CC2)Br,L00132
c1c(cn[nH]1)C(=O)N2CCCC2,L00428
c1c(nc[nH]1)C[C@@H](C(=O)O)NC(=O)C2CC=CC2,L00002
c1c(nnn1CCCO)CO,L00119
c1c(nns1)C(=O)N2CCOCC2,L00386
c1c2c([nH]n1)NC(=S)N=C2N,L00086
c1cc(c(c(c1)Cl)F)[C@H]2[C@H]3[C@H](C=NC3=O)N([C@]24c5ccc(cc5NC4=O)Cl)CC6CC6,L00254
c1cc(c(c(c1)Cl)F)[C@H]2[C@H]3[C@H](C[C@@H](N3)c4ccc(cc4)C(=O)O)N([C@]25c6ccc(cc6NC5=O)Cl)CC7CC7,L00158
c1cc(c(c(c1)N)C(=O)N[C@H]2CC(=O)NC2=O)C(=O)O,L00295
c1cc(c(c(c1)O)O)C(=O)N[C@H]2COC(=O)[C@H](COC(=O)[C@H](COC2=O)NC(=O)c3cccc(c3O)O)NC(=O)c4cccc(c4O)O,L00225
c1cc(c(c(c1)[N+](=O)[O-])C(=O)O)C(=O)N[C@H]2CC(=O)NC2=O,L00297
c1cc(c(cc1Cl)Cl)C(=O)NS(=O)(=O)c2ccc(s2)Br,L00351
c1cc(c(cc1Cl)Cl)C2=NO[C@]3(C2)CCC(=O)NC3=O,L00486
c1cc(c(cc1F)N)C(=O)O,L00239
c1cc(c(cc1N)C(F)(F)F)C(=O)N[C@H]2CCC(=O)NC2=O,L00463
c1cc(c(cc1N)Cl)C(=O)N[C@H]2CCC(=O)NC2=O,L00465
c1cc(c(cc1N)F)C(=O)N[C@H]2CCC(=O)NC2=O,L00462
c1cc(c(cc1N)O)C(=O)N[C@H]2CCC(=O)NC2=O,L00460
c1cc(c(cc1[C@H](CC(=O)N)NC(=O)c2c[nH]nc2c3ccc(cc3F)Cl)Cl)F,L00477
c1cc(c(cc1[N+](=O)[O-])C(=O)N[C@H]2CC(=O)NC2=O)C(=O)O,L00293
c1cc(c(cc1\C=C\C(=O)O)O)O,L00216
c1cc(cc(c1)Cl)[C@H]2C[C@@H](C(=O)N([C@@H]2c3ccc(cc3)Cl)CC4CC4)CC(=O)O,L00066
c1cc(cc(c1)Cl)[C@H]2[C@H]3[C@H](CCN3CC(=O)O)N([C@]24c5ccc(cc5NC4=O)Cl)CC6CC6,L00155
c1cc(cc(c1)F)N2CCC[C@H](C2)Nc3cc(ncn3)N4CCOCC4,L00196
c1cc(cc(c1)NC(=O)CCl)CNC(=O)[C@H](Cc2ccc(cc2)OP(=O)(O)O)NC(=O)Cc3ccc(cc3)F,L00290
c1cc(cc(c1)OCC(=O)O)CNC(=O)Nc2nnc(o2)c3ccco3,L00038
c1cc(cc(c1)SC[C@H]2CCC(=O)NC2=O)N,L00335
c1cc(ccc1C(C(=O)NCc2ccc3c(c2)CN(C3=O)[C@H]4CCC(=O)NC4=O)(F)F)Cl,L00430
c1cc(ccc1CC2=C([C@](OC2=O)(Cc3ccc(cc3)Cl)O)c4c[nH]c5c4ccc(c5)Cl)Cl,L00128
c1cc(ccc1CCC(=O)O)Cl,L00387
c1cc(ccc1CCC(=O)O)O,L00256
c1cc(ccc1CN)C(F)(F)F,L00413
c1cc(ccc1CN)COC(=O)N[C@H]2CC(=O)NC2=O,L00301
c1cc(ccc1CNC(=O)CCC(=O)O)COC(=O)N[C@H]2CC(=O)NC2=O,L00303
c1cc(ccc1COC[C@@H]2[C@H]([C@H]([C@@H](O2)n3c4c(c(ncn4)N)nc3NCc5ccc(c(c5)Cl)Cl)O)O)C#N,L00109
c1cc(ccc1C[C@@H](C(=O)NCc2ccc(cc2)F)NC(=O)Cc3ccc(cc3)F)OP(=O)(O)O,L00287
c1cc(ccc1C[C@@H](C(=O)O)N)CP(=O)(O)O,L00025
c1cc(ccc1C[C@@H](C(=O)O)N)I,L00352
c1cc(ccc1C[C@@H](C(=O)O)N)OCCN=[N+]=N,L00126
c1cc(ccc1Cn2cnc(c2c3c4ccc(cc4[nH]c3C(=O)OCCCCCCNC(=O)CCC(=O)O)Cl)c5ccc(cc5)F)Cl,L00030
c1cc(ccc1N2CCN(CC2)C(=O)C3CC3)F,L00251
c1cc(ccc1N2CCN(CC2)C(=O)N)F,L00346
c1cc(ccc1OCC(=O)O)F,L00414
c1cc(ccc1[C@H](CC(=O)O)C2=CC(=O)NC=C2)Cl,L00278
c1cc(ccc1[C@H]2C(=O)Nc3ccc(cc3C(=O)N2[C@@H](c4ccc(cc4)Cl)C(=O)O)I)Cl,L00217
c1cc(ccc1n2cc(nn2)CO)Cl,L00197
c1cc(oc1)C(=O)N2CCN(CC2)C(=O)C3CC3,L00291
c1cc(oc1)C(=O)N2CCN(CC2)C(=O)N,L00313
c1cc(oc1)CN2CCS(=O)(=O)CC2,L00347
c1cc2c(c(c1)Cl)[C@@](N(C2=O)Cc3ccc(cc3)[N+](=O)[O-])(c4ccc(cc4)Cl)OCC5(CC5)CO,L00409
c1cc2c(c(c1)N)C(=O)N(C2=O)[C@H]3CC(=O)NC3=O,L00294
c1cc2c(c(c1)N)C(=O)N(C2=O)[C@H]3CCC(=O)NC3=O,L00006
c1cc2c(c(c1)N)CN(C2=O)[C@H]3CCC(=O)NC3=O,L00011
c1cc2c(c(c1)OCc3ccc(cc3)CN4CCN(CC4)c5ccc(cc5F)C#N)CN(C2=O)[C@H]6CCC(=O)NC6=O,L00012
c1cc2c(c(c1)OCc3ccc(cc3)CN4CCOCC4)CN(C2=O)[C@H]5CCC(=O)NC5=O,L00016
c1cc2c(c(c1)[N+](=O)[O-])C(=O)N(C2=O)[C@H]3CC(=O)NC3=O,L00298
c1cc2c(c[nH]c2c(c1)NS(=O)(=O)c3ccc(cc3)S(=O)(=O)N)Cl,L00022
c1cc2c(cc1C(=O)N3CCCCCC3)OCO2,L00286
c1cc2c(cc1C(=O)NC3CC3)OCO2,L00427
c1cc2c(cc1Cl)C(=O)CCS2,L00237
c1cc2c(cc1Cl)[nH]cc2C[C@@H](C(=O)O)N,L00014
c1cc2c(cc1F)[nH]cc2C[C@H](C(=O)O)N,L00224
c1cc2c(cc1N)C(=O)N(C2=O)[C@H]3CC(=O)NC3=O,L00296
c1cc2c(cc1N3CCOCC3)C(=O)N(C2=O)[C@H]4CCC(=O)NC4=O,L00045
c1cc2c(cc1NC(=O)CN3CCCCC3)OCO2,L00232
c1cc2c(cc1NCc3ccncc3)OCCO2,L00238
c1cc2c(cc1O)C(=O)N(C2=O)[C@H]3CCC(=O)NC3=O,L00234
c1cc2ccc3ccc(c4c3c2c(c1)cc4)Nc5nc6c(n5[C@H]7C[C@@H]([C@H](O7)COP(=O)(O)O)O)N=C(NC6=O)N,L00035
c1cc2ccc3cccnc3c2nc1,L00013
c1ccc(c(c1)C(=O)N2C[C@@H](C[C@H]2C(=O)NCc3ccc(cc3)Cl)O)Cl,L00421
c1ccc(c(c1)C(=O)N[C@H]2CCC(=O)NC2=O)C(=O)O,L00292
c1ccc(c(c1)NC(=S)N)OC(F)(F)F,L00327
c1ccc(c(c1)OC(F)F)S(=O)(=O)N,L00322
c1ccc(c(c1)c2c(c[nH]n2)C(=O)N[C@@H](CC(=O)N)c3cccc(c3)Cl)F,L00336
c1ccc(cc1)C(=O)NCCC(=O)O,L00204
c1ccc(cc1)C(=O)Nc2ccc3c(c2)cccn3,L00328
c1ccc(cc1)C(c2ccccc2)N3CC(C3)O,L00429
c1ccc(cc1)CC(=O)N[C@H]2CC(=O)NC2=O,L00302
c1ccc(cc1)CCC(=O)N[C@H]2CC(=O)NC2=O,L00299
c1ccc(cc1)CN2CCC(CC2)c3ccc4c(c3)CN(C4=O)[C@H]5CCC(=O)NC5=O,L00043
c1ccc(cc1)CNC(=O)c2c(csc2NC(=O)CCNc3ccccc3)c4ccccc4,L00275
c1ccc(cc1)CNC(=O)c2c3c(sc2NC(=O)CNCCc4c[nH]c5c4cccc5)CCCC3,L00276
c1ccc(cc1)COC(=O)N[C@H]2CC(=O)NC2=O,L00304
c1ccc(cc1)COCC(=O)O,L00345
c1ccc(cc1)NC(=O)Cc2cn3ccccc3n2,L00235
c1ccc(cc1)NC(=O)Nc2cccnc2,L00309
c1ccc(cc1)OCC(=O)NC2CCCCC2,L00195
c1ccc(cc1)S(=O)(=O)C[C@H]2CCC(=O)NC2=O,L00337
c1ccc(cc1)S(=O)(=O)N,L00240
c1ccc(cc1)S(=O)(=O)N(CC(=O)O)c2cccc(c2)n3c(c(cn3)C(=O)O)C4CC4,L00373
c1ccc(cc1)S(=O)(=O)Nc2cccc(c2)n3c(c(cn3)C(=O)O)C4CC4,L00368
c1ccc(cc1)S(=O)(=O)Nc2cccc(c2)n3c(c(cn3)c4n[nH]nn4)C5CC5,L00370
c1ccc(cc1)[C@@](C2CCCC2)(C(=O)O)O,L00439
c1ccc(cc1)[C@H](C(=O)O)NC(=O)c2cccc3c2-c4ccccc4C3=O,L00437
c1ccc(cc1)[C@H]2C[C@@H]2c3c(cnn3c4cccc(c4)N(CC(=O)O)S(=O)(=O)c5ccccc5)C(=O)O,L00369
c1ccc(cc1)c2c(n(cn2)Cc3ccc(cc3)Cl)c4c5ccc(cc5[nH]c4C(=O)NCCN6CCOCC6)Cl,L00201
c1ccc(cc1)c2c(n(cn2)Cc3ccc(cc3)Cl)c4c5ccc(cc5[nH]c4C(=O)O)Cl,L00312
c1ccc(cc1)c2ccc(cc2)CC(=O)O,L00203
c1ccc(cc1)c2ccc(cc2)C[C@@H](C(=O)O)N,L00200
c1ccc(cc1)n2c(c(cn2)C(=O)O)C3CC3,L00374
c1ccc2c(c1)-c3c(cccc3C(=O)NCC(=O)O)C2=O,L00434
c1ccc2c(c1)C(=O)C=C(O2)C(=O)O,L00192
c1ccc2c(c1)C(=O)N(C2=O)C[C@@H]3c4cccc(c4CCN3C(=O)[C@@H]5CCCC[C@@H]5C(=O)O)OCCO,L00323
c1ccc2c(c1)C(=O)N(C2=O)C[C@@H]3c4cccc(c4CCN3C(=O)[C@@H]5CC[C@@H]5C(=O)N)OCCO,L00324
c1ccc2c(c1)C(=O)N(C2=O)[C@@H]3CCC(=O)NC3=O,L00153
c1ccc2c(c1)C(=O)N(C2=O)[C@H]3CCC(=O)NC3=O,L00003
c1ccc2c(c1)C3=C([C@@H](N4C(=N3)NC=N4)c5ccc(cc5)Br)[C@H](O2)c6ccc(cc6)Br,L00483
c1ccc2c(c1)C=C(N3C2=NCC3)c4ccccc4F,L00042
c1ccc2c(c1)CCN([C@@H]2CN3C(=O)c4ccccc4C3=O)C(=O)[C@@H]5CCCC[C@@H]5C(=O)O,L00083
c1ccc2c(c1)CCN([C@@H]2CN3C(=O)c4ccccc4C3=O)C(=O)[C@@H]5CCCC[C@@H]5c6[nH]nnn6,L00084
c1ccc2c(c1)CCN([C@@H]2CN3C(=O)c4ccccc4C3=O)C(=O)[C@@H]5CCCC[C@H]5C(=O)O,L00065
c1ccc2c(c1)CCN([C@@H]2CN3Cc4ccccc4C3=O)C(=O)[C@@H]5CCCC[C@@H]5C(=O)O,L00095
c1ccc2c(c1)[nH]c(n2)c3cscn3,L00402
c1ccc2c(c1)c(c3c(n2)CCCC3)NCCCCCCCCCCN[C@@H]4CCCC5=C4C=CC(=O)N5,L00017
c1ccc2c(c1)c(c[nH]2)CC(=O)O,L00269
c1ccc2c(c1)c(no2)Nc3ccc4c(c3)CN(C4=O)[C@H]5CCC(=O)NC5=O,L00485
c1ccc2c(c1)cc(cn2)CN[C@@H]3[C@H]4CO[C@H](O4)[C@@H]([C@H]3O)N5CCOCC5,L00215
c1ccc2c(c1)cc(n3c2ncc3)C4(CC4)c5ccc(cc5)Cl,L00446
c1ccc2c(c1)ncn2c3ccc(cc3)CO,L00285
c1ccc2c(c1)nn(n2)[C@H]3CCC(=O)NC3=O,L00167
c1ccn(c1)c2ccc(cc2)CO,L00037
c1ccn2c(c1)ncc2CC(O)(P(=O)(O)O)P(=O)(O)O,L00330
c1ccnc(c1)C(=O)NCCc2ccc(cc2)O,L00341
c1ccnc(c1)NCC(P(=O)(O)O)P(=O)(O)O,L00068
c1ccnc(c1)NS(=O)(=O)c2ccc(cc2)N,L00392
c1cn(cn1)[Re+]([C-]#[O+])([C-]#[O+])([C-]#[O+])n2ccnc2,L00055
c1cn(nn1)C2=CNN(C2=O)c3cc(ncn3)N4CCOCC4,L00004
c1cn-2c(n1)NC(=O)c3c2n(cn3)[C@H]4[C@H]([C@@H]([C@H](O4)COP(=O)(O)O)O)F,L00226
c1cn2cnc3c(c2n1)ncn3[C@H]4C[C@@H]([C@H](O4)COP(=O)(O)O)O,L00036
c1cnc(c2c1n(cn2)[C@H]3[C@@H]([C@@H]([C@H](O3)CO)O)O)N,L00189
c1cnc(cn1)N2CC[C@@]3(C2)CCOC3,L00412
c1cnc2c(cnn2c1)C(=O)NC3CC3,L00424
c1csc2c1[C@H](OCC2)CN,L00433
c1nc(c2c(n1)n(cn2)[C@H]3CC[C@H](O3)CO[P@@](=O)(O)OP(=O)(O)O)N,L00190
c1nc(c2c(n1)n(cn2)[C@H]3C[C@@H]([C@H](O3)COP(=O)(O)O)O)N,L00213
c1nc(c2c(n1)n(cn2)[C@H]3C[C@@H]([C@H](O3)CO[P@](=O)(O)O[P@@](=O)(O)OP(=O)(O)O)O)N,L00019
c1nc(c2c(n1)n(cn2)[C@H]3C[C@@H]([C@]4([C@@H]3C4)COP(=O)(O)OP(=O)(O)OP(=O)(O)O)O)N,L00059
c1nc(c2c(n1)n(cn2)[C@H]3[C@@H]([C@@H]([C@H](O3)CO[P@](=O)(O)O[P@@](=O)(O)O[P@@](=O)(O)OP(=O)(O)O)O)O)N,L00193
c1nc(c2c(n1)n(cn2)[C@]34C[C@H]3[C@@H]([C@H](C4)O)COP(=O)(O)OP(=O)(O)OP(=O)(O)O)N,L00060
c1nc2c(n1[C@H]3C[C@@H]([C@H](O3)CO[P@@](=O)(O)O[P@@](=O)(O)OP(=O)(O)O)O)N=C(NC2=O)N,L00018
c1nc2c(n1[C@H]3[C@@H]([C@@H]([C@H](O3)COP(=O)(O)O)O)O)N=C(NC2=O)N,L00029
c1nc2c(n1[C@H]3[C@@H]([C@@H]([C@H](O3)CO[P@](=O)(O)O[P@@](=O)(CP(=O)(O)O)O)O)O)N=C(NC2=O)N,L00247
