Ligase,Scaffold_ID,RECRUITER_CODE,Scaffold_SMILES,Scaffold_Hash
CHIP,CHIP_SCAF_1,L00193,c1ncc2ncn([C@H]3CCCO3)c2n1,bec95c18
CHIP,CHIP_SCAF_2,L00029,O=c1[nH]cnc2c1ncn2[C@H]1CCCO1,5d57d650
CHIP,CHIP_SCAF_3,L00207,O=c1ncccn1[C@H]1CCCO1,dd2ba3e3
CHIP,CHIP_SCAF_4,L00109,c1ccc(CNc2nc3cncnc3n2[C@H]2CC[C@@H](COCc3ccccc3)O2)cc1,fac55069
CHIP,CHIP_SCAF_5,L00444,C(C(=O)O)NC(CO)(CO)CO,3fdb2b75
CHIP,CHIP_SCAF_6,L00002,O=C(NCCc1c[nH]cn1)C1CC=CC1,6d930456
CHIP,CHIP_SCAF_7,L00034,c1ccccc1,84480431
CRBN,CRBN_SCAF_1,L00003,O=C1CC[C@H](N2C(=O)c3ccccc3C2=O)C(=O)N1,855910bc
CRBN,CRBN_SCAF_2,L00011,O=C1CC[C@H](N2Cc3ccccc3C2=O)C(=O)N1,43f1414e
CRBN,CRBN_SCAF_1,L00006,O=C1CC[C@H](N2C(=O)c3ccccc3C2=O)C(=O)N1,855910bc
CRBN,CRBN_SCAF_3,L00219,O=c1ccn([C@H]2CCCO2)c(=O)[nH]1,427a14f4
CRBN,CRBN_SCAF_4,L00032,O=C1CC[C@H](N2Cc3cc(CNC(=O)Nc4ccccc4)ccc3C2=O)C(=O)N1,cefeac87
CRBN,CRBN_SCAF_5,L00187,O=C1CCC(c2ccccc2)C(=O)N1,afaf882a
CRBN,CRBN_SCAF_6,L00381,O=C1C[C@H](c2cccc(OC3CCCC3)c2)CN1,5a155197
CRBN,CRBN_SCAF_7,L00016,O=C1CC[C@H](N2Cc3c(OCc4ccc(CN5CCOCC5)cc4)cccc3C2=O)C(=O)N1,4909685b
CRBN,CRBN_SCAF_8,L00153,O=C1CC[C@@H](N2C(=O)c3ccccc3C2=O)C(=O)N1,ca830c99
CRBN,CRBN_SCAF_9,L00292,O=C1CC[C@H](NC(=O)c2ccccc2)C(=O)N1,273099a7
CRBN,CRBN_SCAF_10,L00297,O=C1C[C@H](NC(=O)c2ccccc2)C(=O)N1,ab9faff6
CRBN,CRBN_SCAF_11,L00298,O=C1C[C@H](N2C(=O)c3ccccc3C2=O)C(=O)N1,fffd9473
CRBN,CRBN_SCAF_11,L00294,O=C1C[C@H](N2C(=O)c3ccccc3C2=O)C(=O)N1,fffd9473
CRBN,CRBN_SCAF_10,L00295,O=C1C[C@H](NC(=O)c2ccccc2)C(=O)N1,ab9faff6
CRBN,CRBN_SCAF_10,L00293,O=C1C[C@H](NC(=O)c2ccccc2)C(=O)N1,ab9faff6
CRBN,CRBN_SCAF_11,L00296,O=C1C[C@H](N2C(=O)c3ccccc3C2=O)C(=O)N1,fffd9473
CRBN,CRBN_SCAF_12,L00302,O=C1C[C@H](NC(=O)Cc2ccccc2)C(=O)N1,a50edc35
CRBN,CRBN_SCAF_13,L00299,O=C1C[C@H](NC(=O)CCc2ccccc2)C(=O)N1,0f8f30b6
CRBN,CRBN_SCAF_14,L00301,O=C1C[C@H](NC(=O)OCc2ccccc2)C(=O)N1,b5d8c602
CRBN,CRBN_SCAF_15,L00300,O=C1C[C@H](NC(=O)OC[C@@H]2CCCN2)C(=O)N1,cd394483
CRBN,CRBN_SCAF_16,L00305,O=C1CC[C@H](NC(=O)OC[C@H]2CCCN2)C(=O)N1,848a5bd1
CRBN,CRBN_SCAF_14,L00303,O=C1C[C@H](NC(=O)OCc2ccccc2)C(=O)N1,b5d8c602
CRBN,CRBN_SCAF_14,L00304,O=C1C[C@H](NC(=O)OCc2ccccc2)C(=O)N1,b5d8c602
CRBN,CRBN_SCAF_10,L00306,O=C1C[C@H](NC(=O)c2ccccc2)C(=O)N1,ab9faff6
CRBN,CRBN_SCAF_17,L00308,O=C1CC[C@H](NC(=O)OCC2CCCCC2)C(=O)N1,9ea40b00
CRBN,CRBN_SCAF_18,L00307,O=C1CCC(=O)N1,629d8141
CRBN,CRBN_SCAF_19,L00430,O=C(Cc1ccccc1)NCc1ccc2c(c1)CN([C@H]1CCC(=O)NC1=O)C2=O,ed7b80c0
CRBN,CRBN_SCAF_1,L00234,O=C1CC[C@H](N2C(=O)c3ccccc3C2=O)C(=O)N1,855910bc
CRBN,CRBN_SCAF_20,L00051,O=C1CC[C@H](N2C(=O)C=C(Nc3cccc(CCC(=O)Nc4ccccc4)c3)C2=O)C(=O)N1,6a2966dc
CRBN,CRBN_SCAF_21,L00167,O=C1CC[C@H](n2nc3ccccc3n2)C(=O)N1,10b06a9f
CRBN,CRBN_SCAF_22,L00169,O=C1CC[C@H](n2cnc3ccccc3c2=O)C(=O)N1,9df3e0bf
CRBN,CRBN_SCAF_23,L00182,O=C1CC[C@H](c2ccccc2)C(=O)N1,b7614781
CRBN,CRBN_SCAF_24,L00043,O=C1CC[C@H](N2Cc3cc(C4CCN(Cc5ccccc5)CC4)ccc3C2=O)C(=O)N1,4556ee91
CRBN,CRBN_SCAF_25,L00335,O=C1CC[C@H](CSc2ccccc2)C(=O)N1,cdbc44ed
CRBN,CRBN_SCAF_26,L00337,O=C1CC[C@H](CS(=O)(=O)c2ccccc2)C(=O)N1,03da879d
CRBN,CRBN_SCAF_27,L00012,O=C1CC[C@H](N2Cc3c(OCc4ccc(CN5CCN(c6ccccc6)CC5)cc4)cccc3C2=O)C(=O)N1,477b27df
CRBN,CRBN_SCAF_28,L00485,O=C1CC[C@H](N2Cc3cc(Nc4noc5ccccc45)ccc3C2=O)C(=O)N1,23d7282c
CRBN,CRBN_SCAF_1,L00451,O=C1CC[C@H](N2C(=O)c3ccccc3C2=O)C(=O)N1,855910bc
CRBN,CRBN_SCAF_9,L00462,O=C1CC[C@H](NC(=O)c2ccccc2)C(=O)N1,273099a7
CRBN,CRBN_SCAF_9,L00465,O=C1CC[C@H](NC(=O)c2ccccc2)C(=O)N1,273099a7
CRBN,CRBN_SCAF_9,L00463,O=C1CC[C@H](NC(=O)c2ccccc2)C(=O)N1,273099a7
CRBN,CRBN_SCAF_9,L00464,O=C1CC[C@H](NC(=O)c2ccccc2)C(=O)N1,273099a7
CRBN,CRBN_SCAF_9,L00461,O=C1CC[C@H](NC(=O)c2ccccc2)C(=O)N1,273099a7
CRBN,CRBN_SCAF_9,L00460,O=C1CC[C@H](NC(=O)c2ccccc2)C(=O)N1,273099a7
CRBN,CRBN_SCAF_9,L00458,O=C1CC[C@H](NC(=O)c2ccccc2)C(=O)N1,273099a7
CRBN,CRBN_SCAF_29,L00004,O=c1c(-n2ccnn2)c[nH]n1-c1cc(N2CCOCC2)ncn1,fd8a02f9
CRBN,CRBN_SCAF_30,L00486,O=C1CC[C@]2(CC(c3ccccc3)=NO2)C(=O)N1,9f3c713c
CRBN,CRBN_SCAF_31,L00045,O=C1CC[C@H](N2C(=O)c3ccc(N4CCOCC4)cc3C2=O)C(=O)N1,d99014c2
CRBN,CRBN_SCAF_32,L00415,O=C1CC[C@H](N2Cc3cc(OC[C@H]4CCCCN4)ccc3C2=O)C(=O)N1,a55574c2
CRBN,CRBN_SCAF_33,L00001,[BH2-]1OC2OCC[C@H]2O1,606001e6
CRBN,CRBN_SCAF_34,L00002,O=C(NCCc1c[nH]cn1)C1CC=CC1,6d930456
CRBN,CRBN_SCAF_35,L00005,O=C1CCc2cc(NS(=O)(=O)Cc3ccccc3)ccc2N1,d11e055c
CRBN,CRBN_SCAF_36,L00034,c1ccccc1,84480431
DCAF1,DCAF1_SCAF_1,L00196,c1ccc(N2CCC[C@@H](Nc3cc(N4CCOCC4)ncn3)C2)cc1,6ea387f3
DCAF1,DCAF1_SCAF_2,L00336,O=C(NCc1ccccc1)c1c[nH]nc1-c1ccccc1,697c0e3f
DCAF1,DCAF1_SCAF_2,L00477,O=C(NCc1ccccc1)c1c[nH]nc1-c1ccccc1,697c0e3f
DCAF1,DCAF1_SCAF_3,L00042,C1=C(c2ccccc2)N2CCN=C2c2ccccc21,2054ec20
DCAF1,DCAF1_SCAF_4,L00448,N=C1C[C@H](c2cccc(Oc3ccccc3)c2)CN1,659ffb71
DCAF1,DCAF1_SCAF_5,L00447,c1ccc(CCc2cc3ccccc3c3nccn23)cc1,f90df9ca
DCAF1,DCAF1_SCAF_6,L00446,c1ccc(C2(c3cc4ccccc4c4nccn34)CC2)cc1,aec72761
DCAF1,DCAF1_SCAF_7,L00445,C1=C(C2(c3ccccc3)CC2)N2CCN=C2c2ccc(N3CCNCC3)cc21,db3864ed
DCAF1,DCAF1_SCAF_8,L00450,c1ccc(C2(c3ncc4ccc(N5CCNCC5)cc4n3)CC2)cc1,d91107e6
DCAF1,DCAF1_SCAF_9,L00449,c1ccc(C2(c3ncc4ccc(N5CCNCC5)cc4n3)CCCC2)cc1,6613fdd5
DCAF1,DCAF1_SCAF_10,L00001,[BH2-]1OC2OCC[C@H]2O1,606001e6
DCAF1,DCAF1_SCAF_11,L00005,O=C1CCc2cc(NS(=O)(=O)Cc3ccccc3)ccc2N1,d11e055c
DCAF15,DCAF15_SCAF_1,L00047,O=S(=O)(Nc1cccc2cc[nH]c12)c1ccccc1,d38cedba
DCAF15,DCAF15_SCAF_2,L00351,O=C(NS(=O)(=O)c1cccs1)c1ccccc1,9caccf97
DCAF15,DCAF15_SCAF_1,L00022,O=S(=O)(Nc1cccc2cc[nH]c12)c1ccccc1,d38cedba
DCAF15,DCAF15_SCAF_1,L00358,O=S(=O)(Nc1cccc2cc[nH]c12)c1ccccc1,d38cedba
DCAF15,DCAF15_SCAF_3,L00004,O=c1c(-n2ccnn2)c[nH]n1-c1cc(N2CCOCC2)ncn1,fd8a02f9
DCAF16,DCAF16_SCAF_1,L00484,c1ccc(C2=NCc3nncn3-c3sccc32)cc1,3f8d288b
HUWE1,HUWE1_SCAF_1,L00010,O=c1ncccn1[C@H]1CCCO1,dd2ba3e3
HUWE1,HUWE1_SCAF_2,L00036,c1cn2cnc3c(ncn3[C@H]3CCCO3)c2n1,457de220
HUWE1,HUWE1_SCAF_3,L00020,C1CCOC1,65795e83
HUWE1,HUWE1_SCAF_4,L00018,O=c1[nH]cnc2c1ncn2[C@H]1CCCO1,5d57d650
HUWE1,HUWE1_SCAF_5,L00190,c1ncc2ncn([C@H]3CCCO3)c2n1,bec95c18
HUWE1,HUWE1_SCAF_5,L00019,c1ncc2ncn([C@H]3CCCO3)c2n1,bec95c18
HUWE1,HUWE1_SCAF_6,L00422,O=c1ccn([C@H]2CCCO2)c(=O)[nH]1,427a14f4
HUWE1,HUWE1_SCAF_5,L00154,c1ncc2ncn([C@H]3CCCO3)c2n1,bec95c18
HUWE1,HUWE1_SCAF_7,L00015,O=c1[nH]cnc2c1[nH]c(=O)n2[C@H]1CCCO1,f5eb2f86
HUWE1,HUWE1_SCAF_8,L00276,O=C(CNCCc1c[nH]c2ccccc12)Nc1sc2c(c1C(=O)NCc1ccccc1)CCCC2,cfa9a5d7
HUWE1,HUWE1_SCAF_9,L00275,O=C(CCNc1ccccc1)Nc1scc(-c2ccccc2)c1C(=O)NCc1ccccc1,997b697d
HUWE1,HUWE1_SCAF_10,L00059,c1ncc2ncn([C@H]3CCC4C[C@@H]43)c2n1,3a594800
HUWE1,HUWE1_SCAF_11,L00060,c1ncc2ncn([C@@]34CCC[C@@H]3C4)c2n1,bd615db5
HUWE1,HUWE1_SCAF_12,L00035,O=c1[nH]cnc2c1nc(Nc1ccc3ccc4cccc5ccc1c3c45)n2[C@H]1CCCO1,f7bf1bc0
HUWE1,HUWE1_SCAF_13,L00226,O=c1[nH]c2nccn2c2c1ncn2[C@H]1CCCO1,7718f69b
HUWE1,HUWE1_SCAF_1,L00069,O=c1ncccn1[C@H]1CCCO1,dd2ba3e3
HUWE1,HUWE1_SCAF_1,L00027,O=c1ncccn1[C@H]1CCCO1,dd2ba3e3
HUWE1,HUWE1_SCAF_14,L00242,C1=[NH+]CCN1,3aca7c1e
HUWE1,HUWE1_SCAF_15,L00215,c1ccc2ncc(CN[C@H]3C[C@@H](N4CCOCC4)[C@@H]4OC[C@H]3O4)cc2c1,ea1e3ae9
HUWE1,HUWE1_SCAF_16,L00168,O=C1C=C2N(C(=O)c3cc4ccccc4[nH]3)C[C@H]3C[C@@]23c2cc(C(=O)N3CCc4c3ccc3[nH]ccc43)[nH]c21,72a958c3
HUWE1,HUWE1_SCAF_17,L00264,CC\C=C/C\C=C/C\C=C/C\C=C/C\C=C/C\C=C/CCC(=O)O,bdfaa371
HUWE1,HUWE1_SCAF_18,L00227,O=c1cc(Nc2ccccc2)[nH]c2ccccc12,5a256859
HUWE1,HUWE1_SCAF_19,L00013,c1cnc2c(c1)ccc1cccnc12,88e5f8a8
HUWE1,HUWE1_SCAF_20,L00053,c1ccc2ccccc2c1,01f31866
HUWE1,HUWE1_SCAF_21,L00413,c1ccccc1,84480431
HUWE1,HUWE1_SCAF_21,L00239,c1ccccc1,84480431
HUWE1,HUWE1_SCAF_5,L00213,c1ncc2ncn([C@H]3CCCO3)c2n1,bec95c18
HUWE1,HUWE1_SCAF_22,L00432,O=C1CCC(=O)N1,629d8141
HUWE1,HUWE1_SCAF_23,L00007,c1ccc(CNCc2ccccc2)cc1,418e9198
HUWE1,HUWE1_SCAF_24,L00046,C1COCCN1,d28d1202
KEAP1,KEAP1_SCAF_1,L00038,O=C(NCc1ccccc1)Nc1nnc(-c2ccco2)o1,ecbb6fde
KEAP1,KEAP1_SCAF_2,L00395,O=C1C=C2C(CC[C@H]3CC=CCC23)C2CCC3CCCC[C@H]3[C@@H]12,0b26e46c
KEAP1,KEAP1_SCAF_3,L00065,O=C1c2ccccc2C(=O)N1C[C@@H]1c2ccccc2CCN1C(=O)C1CCCCC1,05912b3c
KEAP1,KEAP1_SCAF_4,L00125,O=C(CSc1ncc(S(=O)(=O)c2ccccc2)c(=O)[nH]1)Nc1ccccc1,311b46d0
KEAP1,KEAP1_SCAF_5,L00273,O=S(=O)(Nc1ccc(NS(=O)(=O)c2ccccc2)c2ccccc12)c1ccccc1,f5221fa3
KEAP1,KEAP1_SCAF_3,L00083,O=C1c2ccccc2C(=O)N1C[C@@H]1c2ccccc2CCN1C(=O)C1CCCCC1,05912b3c
KEAP1,KEAP1_SCAF_6,L00084,O=C1c2ccccc2C(=O)N1C[C@@H]1c2ccccc2CCN1C(=O)[C@@H]1CCCC[C@@H]1c1nnn[nH]1,e51c3915
KEAP1,KEAP1_SCAF_7,L00085,O=C1c2ccccc2CN1C[C@@H]1c2ccccc2CCN1C(=O)C1CCCCC1,58de46d6
KEAP1,KEAP1_SCAF_7,L00095,O=C1c2ccccc2CN1C[C@@H]1c2ccccc2CCN1C(=O)C1CCCCC1,58de46d6
KEAP1,KEAP1_SCAF_5,L00120,O=S(=O)(Nc1ccc(NS(=O)(=O)c2ccccc2)c2ccccc12)c1ccccc1,f5221fa3
KEAP1,KEAP1_SCAF_5,L00314,O=S(=O)(Nc1ccc(NS(=O)(=O)c2ccccc2)c2ccccc12)c1ccccc1,f5221fa3
KEAP1,KEAP1_SCAF_8,L00144,O=S(=O)(Nc1ccc(N2CCCC2)c2ccccc12)c1ccccc1,3e8a6e51
KEAP1,KEAP1_SCAF_9,L00411,C1=CC[C@@H]2CCc3cncnc3C2C1,200a7ad8
KEAP1,KEAP1_SCAF_10,L00145,C1=CC[C@@H]2CCc3c(n[nH]c3-c3cccnc3)C2C1,8a66dc8b
KEAP1,KEAP1_SCAF_11,L00387,c1ccccc1,84480431
KEAP1,KEAP1_SCAF_12,L00478,c1ccc(Cc2ccc3[nH]nnc3c2)cc1,21fa3abd
KEAP1,KEAP1_SCAF_12,L00481,c1ccc(Cc2ccc3[nH]nnc3c2)cc1,21fa3abd
KEAP1,KEAP1_SCAF_13,L00061,O=S(=O)(NCc1cccc(Cc2ccc3[nH]nnc3c2)c1)c1ccccc1,749cfe5e
KEAP1,KEAP1_SCAF_14,L00317,O=S1(=O)c2ccccc2OCCN1Cc1cccc(Cc2ccc3[nH]nnc3c2)c1,6690bd52
KEAP1,KEAP1_SCAF_15,L00161,O=c1occc2ocnc12,ed248cf5
KEAP1,KEAP1_SCAF_11,L00240,c1ccccc1,84480431
KEAP1,KEAP1_SCAF_16,L00479,C=C1C(=O)O[C@H]2CC[C@@H]3CCCC3C[C@H]12,fbf7beea
KEAP1,KEAP1_SCAF_11,L00256,c1ccccc1,84480431
KEAP1,KEAP1_SCAF_17,L00192,O=c1ccoc2ccccc12,5b76b7c4
KEAP1,KEAP1_SCAF_18,L00086,S=c1ncc2cn[nH]c2[nH]1,4122a3fc
KEAP1,KEAP1_SCAF_19,L00214,C1=NO[C@@H](c2ccccc2)C1,5f6bf38c
KEAP1,KEAP1_SCAF_20,L00223,C1CCNC1,0c9c5086
KEAP1,KEAP1_SCAF_21,L00252,O=S(=O)(Nc1ccc(NS(=O)(=O)c2ccccc2)c(OCc2ccccc2)c1)c1ccccc1,8941fde7
KEAP1,KEAP1_SCAF_22,L00278,O=c1cc(Cc2ccccc2)cc[nH]1,7a05a74a
KEAP1,KEAP1_SCAF_12,L00280,c1ccc(Cc2ccc3[nH]nnc3c2)cc1,21fa3abd
KEAP1,KEAP1_SCAF_12,L00281,c1ccc(Cc2ccc3[nH]nnc3c2)cc1,21fa3abd
KEAP1,KEAP1_SCAF_13,L00279,O=S(=O)(NCc1cccc(Cc2ccc3[nH]nnc3c2)c1)c1ccccc1,749cfe5e
KEAP1,KEAP1_SCAF_14,L00282,O=S1(=O)c2ccccc2OCCN1Cc1cccc(Cc2ccc3[nH]nnc3c2)c1,6690bd52
KEAP1,KEAP1_SCAF_3,L00323,O=C1c2ccccc2C(=O)N1C[C@@H]1c2ccccc2CCN1C(=O)C1CCCCC1,05912b3c
KEAP1,KEAP1_SCAF_23,L00324,O=C1c2ccccc2C(=O)N1C[C@@H]1c2ccccc2CCN1C(=O)C1CCC1,d2b2082b
KEAP1,KEAP1_SCAF_24,L00058,O=C(c1ccccc1)N1CCc2ccc(Cc3ccc4[nH]nnc4c3)cc2C1,784e9d43
KEAP1,KEAP1_SCAF_24,L00353,O=C(c1ccccc1)N1CCc2ccc(Cc3ccc4[nH]nnc4c3)cc2C1,784e9d43
KEAP1,KEAP1_SCAF_25,L00359,O=S(=O)(Nc1cnc(NS(=O)(=O)c2ccccc2)c2ccccc12)c1ccccc1,9743720e
KEAP1,KEAP1_SCAF_5,L00048,O=S(=O)(Nc1ccc(NS(=O)(=O)c2ccccc2)c2ccccc12)c1ccccc1,f5221fa3
KEAP1,KEAP1_SCAF_26,L00218,C1CCSSC1,8ba0d4d3
KEAP1,KEAP1_SCAF_27,L00360,O=C1OC[C@@H](NC(=O)[C@@H]2CCCN2)C(=O)NCCSCc2ccccc21,5b9dfb66
KEAP1,KEAP1_SCAF_28,L00374,c1ccc(-n2nccc2C2CC2)cc1,601df7fa
KEAP1,KEAP1_SCAF_29,L00368,O=S(=O)(Nc1cccc(-n2nccc2C2CC2)c1)c1ccccc1,05d6bd3a
KEAP1,KEAP1_SCAF_30,L00372,O=C([C@H]1CCC[C@@H](c2cccc(-n3nccc3C3CC3)c2)C1)N1CCCC1,d144aeed
KEAP1,KEAP1_SCAF_29,L00376,O=S(=O)(Nc1cccc(-n2nccc2C2CC2)c1)c1ccccc1,05d6bd3a
KEAP1,KEAP1_SCAF_29,L00373,O=S(=O)(Nc1cccc(-n2nccc2C2CC2)c1)c1ccccc1,05d6bd3a
KEAP1,KEAP1_SCAF_29,L00379,O=S(=O)(Nc1cccc(-n2nccc2C2CC2)c1)c1ccccc1,05d6bd3a
KEAP1,KEAP1_SCAF_31,L00370,O=S(=O)(Nc1cccc(-n2ncc(-c3nn[nH]n3)c2C2CC2)c1)c1ccccc1,d8b09612
KEAP1,KEAP1_SCAF_29,L00377,O=S(=O)(Nc1cccc(-n2nccc2C2CC2)c1)c1ccccc1,05d6bd3a
KEAP1,KEAP1_SCAF_29,L00371,O=S(=O)(Nc1cccc(-n2nccc2C2CC2)c1)c1ccccc1,05d6bd3a
KEAP1,KEAP1_SCAF_32,L00369,O=S(=O)(Nc1cccc(-n2nccc2[C@H]2C[C@@H]2c2ccccc2)c1)c1ccccc1,545e0110
KEAP1,KEAP1_SCAF_29,L00375,O=S(=O)(Nc1cccc(-n2nccc2C2CC2)c1)c1ccccc1,05d6bd3a
KEAP1,KEAP1_SCAF_32,L00378,O=S(=O)(Nc1cccc(-n2nccc2[C@H]2C[C@@H]2c2ccccc2)c1)c1ccccc1,545e0110
KEAP1,KEAP1_SCAF_33,L00024,C(COCCOCCO)O,9cdf7ded
KEAP1,KEAP1_SCAF_34,L00439,c1ccc(CC2CCCC2)cc1,a78e8c0c
KEAP1,KEAP1_SCAF_35,L00433,c1cc2c(s1)CCOC2,9e365274
KEAP1,KEAP1_SCAF_36,L00435,c1ccncc1,6e858b26
KEAP1,KEAP1_SCAF_37,L00438,O=C1c2ccccc2-c2ccccc21,215388a7
KEAP1,KEAP1_SCAF_37,L00440,O=C1c2ccccc2-c2ccccc21,215388a7
KEAP1,KEAP1_SCAF_38,L00436,c1ccc2ncccc2c1,ff98e116
KEAP1,KEAP1_SCAF_37,L00434,O=C1c2ccccc2-c2ccccc21,215388a7
KEAP1,KEAP1_SCAF_39,L00437,O=C(NCc1ccccc1)c1cccc2c1-c1ccccc1C2=O,b7d94b09
KEAP1,KEAP1_SCAF_40,L00149,c1ccc(-c2cccc(-n3cccn3)n2)cc1,8c37b4c2
KEAP1,KEAP1_SCAF_40,L00151,c1ccc(-c2cccc(-n3cccn3)n2)cc1,8c37b4c2
KEAP1,KEAP1_SCAF_41,L00146,c1ccc(-c2cccc(-n3nccc3C3CC3)c2)cc1,2dcdd72a
KEAP1,KEAP1_SCAF_42,L00152,c1ccc(-c2cccc(-n3nccc3[C@@H]3C[C@H]3c3c[nH]nn3)c2)cc1,4e40daf6
KEAP1,KEAP1_SCAF_43,L00150,O=C(c1cccc(-c2cccc(-n3nccc3C3CC3)c2)c1)N1CCCCC1,fdc4993a
KEAP1,KEAP1_SCAF_30,L00148,O=C([C@H]1CCC[C@@H](c2cccc(-n3nccc3C3CC3)c2)C1)N1CCCC1,d144aeed
KEAP1,KEAP1_SCAF_44,L00147,O=C(c1cccc(-c2cccc(-n3nccc3[C@@H]3C[C@H]3c3c[nH]nn3)c2)c1)N1CCCCC1,732c4ad7
KEAP1,KEAP1_SCAF_45,L00172,O=C1OC[C@@H](NC(=O)[C@@H]2CCCN2)C(=O)NCC[S@@](=O)Cc2ccccc21,ba7c36bc
KEAP1,KEAP1_SCAF_27,L00170,O=C1OC[C@@H](NC(=O)[C@@H]2CCCN2)C(=O)NCCSCc2ccccc21,5b9dfb66
KEAP1,KEAP1_SCAF_46,L00171,O=C1OC[C@@H](NC(=O)[C@@H]2CCCN2)C(=O)NCCSCc2c1cccc2-c1cccc2nonc12,2ac424a4
KEAP1,KEAP1_SCAF_47,L00183,O=C1OC[C@@H](NC(=O)[C@@H]2CCCN2)C(=O)NCCSCc2c1cccc2-c1ccccc1,33214da9
KEAP1,KEAP1_SCAF_47,L00185,O=C1OC[C@@H](NC(=O)[C@@H]2CCCN2)C(=O)NCCSCc2c1cccc2-c1ccccc1,33214da9
KEAP1,KEAP1_SCAF_5,L00023,O=S(=O)(Nc1ccc(NS(=O)(=O)c2ccccc2)c2ccccc12)c1ccccc1,f5221fa3
KEAP1,KEAP1_SCAF_11,L00216,c1ccccc1,84480431
KEAP1,KEAP1_SCAF_48,L00316,O=S1(=O)Oc2ccc3cc2C[N@]1Cc1cccc(c1)Cc1ccc2c(c1)nnn2CCOCCO3,df70ed2d
KEAP1,KEAP1_SCAF_49,L00393,O=C(Cc1ccc2c(c1)CCCC2)NCc1ccccc1,ba00abb2
KEAP1,KEAP1_SCAF_49,L00394,O=C(Cc1ccc2c(c1)CCCC2)NCc1ccccc1,ba00abb2
KEAP1,KEAP1_SCAF_49,L00396,O=C(Cc1ccc2c(c1)CCCC2)NCc1ccccc1,ba00abb2
KEAP1,KEAP1_SCAF_50,L00040,c1cncnc1,88d33583
KEAP1,KEAP1_SCAF_51,L00007,c1ccc(CNCc2ccccc2)cc1,418e9198
KEAP1,KEAP1_SCAF_52,L00001,[BH2-]1OC2OCC[C@H]2O1,606001e6
KEAP1,KEAP1_SCAF_53,L00004,O=c1c(-n2ccnn2)c[nH]n1-c1cc(N2CCOCC2)ncn1,fd8a02f9
KEAP1,KEAP1_SCAF_54,L00195,O=C(COc1ccccc1)NC1CCCCC1,fdda635e
KEAP1,KEAP1_SCAF_55,L00002,O=C(NCCc1c[nH]cn1)C1CC=CC1,6d930456
KEAP1,KEAP1_SCAF_56,L00017,O=c1ccc2c([nH]1)CCC[C@H]2NCCCCCCCCCCNc1c2c(nc3ccccc13)CCCC2,d4571a39
MDM2,MDM2_SCAF_1,L00272,O=C(N1CCNCC1)N1C(c2ccccc2)=N[C@@H](c2ccccc2)[C@H]1c1ccccc1,657824d7
MDM2,MDM2_SCAF_2,L00217,O=C1Nc2ccccc2C(=O)N(Cc2ccccc2)[C@H]1c1ccccc1,054011cd
MDM2,MDM2_SCAF_3,L00014,c1ccc2[nH]ccc2c1,76e053ce
MDM2,MDM2_SCAF_4,L00046,C1COCCN1,d28d1202
MDM2,MDM2_SCAF_5,L00025,c1ccccc1,84480431
MDM2,MDM2_SCAF_6,L00255,c1c[nH]cn1,52704820
MDM2,MDM2_SCAF_7,L00483,C1=NN2C(=NC3=C([C@@H]2c2ccccc2)[C@@H](c2ccccc2)Oc2ccccc23)N1,a9088d7c
MDM2,MDM2_SCAF_8,L00473,O=C(c1[nH]c2ccccc2c1-c1c(-c2ccccc2)ncn1Cc1ccccc1)N1CCCC1,a943107d
MDM2,MDM2_SCAF_9,L00312,c1ccc(Cn2cnc(-c3ccccc3)c2-c2c[nH]c3ccccc23)cc1,b6ffddda
MDM2,MDM2_SCAF_10,L00334,O=C(NCCN1CCOCC1)[C@@H]1NC[C@@]2(C(=O)Nc3ccccc32)[C@@H]1c1ccccc1,547d16b0
MDM2,MDM2_SCAF_11,L00401,c1ccc(CNCc2c[nH]c3ccccc23)cc1,e382b95a
MDM2,MDM2_SCAF_11,L00057,c1ccc(CNCc2c[nH]c3ccccc23)cc1,e382b95a
MDM2,MDM2_SCAF_12,L00026,O=C1N/C(=C\c2c[nH]c3ccccc23)C(=O)N1Cc1ccccc1,9a1ef120
MDM2,MDM2_SCAF_13,L00009,CCCCCCC[C@](C)(C(=O)O)N,b20186f1
MDM2,MDM2_SCAF_14,L00455,O=C(C1=CN2C(=NC(c3ccccc3)[C@H]2c2ccccc2)S1)N1CCCC1,3c1e3220
MDM2,MDM2_SCAF_15,L00326,O=C([C@@H]1CCCN1C(=O)C1=CN2C(=NC(c3ccccc3)[C@H]2c2ccccc2)S1)N1CCNCC1,22b7fbe5
MDM2,MDM2_SCAF_16,L00201,O=C(NCCN1CCOCC1)c1[nH]c2ccccc2c1-c1c(-c2ccccc2)ncn1Cc1ccccc1,931cf8e6
MDM2,MDM2_SCAF_17,L00062,O=C1CC[C@H](c2ccccc2)[C@@H](c2ccccc2)N1,dffb209f
MDM2,MDM2_SCAF_17,L00063,O=C1CC[C@H](c2ccccc2)[C@@H](c2ccccc2)N1,dffb209f
MDM2,MDM2_SCAF_17,L00064,O=C1CC[C@H](c2ccccc2)[C@@H](c2ccccc2)N1,dffb209f
MDM2,MDM2_SCAF_18,L00008,O=C1CN(C(=O)N2C(c3ccccc3)=N[C@@H](c3ccccc3)[C@H]2c2ccccc2)CCN1,aa88e98f
MDM2,MDM2_SCAF_19,L00266,C1=N[C@@H](c2ccccc2)[C@@H](c2ccccc2)N1,84493f45
MDM2,MDM2_SCAF_20,L00268,c1ccc(C2=NC(c3ccccc3)C(c3ccccc3)N2)cc1,f5a6accc
MDM2,MDM2_SCAF_21,L00267,O=C(N1CCNCC1)N1C=NC(c2ccccc2)C1c1ccccc1,9bb58abe
MDM2,MDM2_SCAF_22,L00265,c1ccc(C2CNC[C@@H]2c2ccccc2)cc1,fdf443c4
MDM2,MDM2_SCAF_22,L00079,c1ccc(C2CNC[C@@H]2c2ccccc2)cc1,fdf443c4
MDM2,MDM2_SCAF_23,L00074,O=C1N[C@H](c2ccccc2)[C@H](c2ccccc2)O[C@H]1Cc1ccccc1,81ca2531
MDM2,MDM2_SCAF_23,L00075,O=C1N[C@H](c2ccccc2)[C@H](c2ccccc2)O[C@H]1Cc1ccccc1,81ca2531
MDM2,MDM2_SCAF_23,L00076,O=C1N[C@H](c2ccccc2)[C@H](c2ccccc2)O[C@H]1Cc1ccccc1,81ca2531
MDM2,MDM2_SCAF_24,L00077,O=C1Nc2ccccc2[C@]12CNC[C@@H]2c1ccccc1,ae829f54
MDM2,MDM2_SCAF_25,L00078,O=C1CO[C@@H](c2ccccc2)[C@@H](c2ccccc2)N1,576b7dc5
MDM2,MDM2_SCAF_26,L00089,O=C1Nc2ccccc2[C@]1(Cc1ccccc1)[C@H]1CCCNC1,b7615f35
MDM2,MDM2_SCAF_27,L00090,O=C(Nc1ccccc1)[C@@H]1NC[C@@]2(C(=O)Nc3ccccc32)[C@H]1c1ccccc1,0974fe39
MDM2,MDM2_SCAF_28,L00091,O=C(Nc1ccccc1)[C@@H]1NC[C@@]2(C(=O)Nc3ccsc32)[C@H]1c1ccccc1,f2ef1c83
MDM2,MDM2_SCAF_29,L00482,c1ccc(COc2ccc(CNCc3c[nH]c4ccccc34)cc2)cc1,14ecf041
MDM2,MDM2_SCAF_30,L00092,O=C(Cc1c[nH]c2ccccc12)NCc1ccccc1,95dce6f8
MDM2,MDM2_SCAF_17,L00097,O=C1CC[C@H](c2ccccc2)[C@@H](c2ccccc2)N1,dffb209f
MDM2,MDM2_SCAF_31,L00098,O=C1CO[C@H](c2ccccc2)[C@@H](c2ccccc2)N1CC1CC1,200c7a51
MDM2,MDM2_SCAF_32,L00099,O=C1CO[C@H](c2ccccc2)[C@@H](c2ccccc2)N1,ba39e885
MDM2,MDM2_SCAF_33,L00100,O=C1C(Cc2nccs2)C[C@H](c2ccccc2)[C@@H](c2ccccc2)N1CC1CC1,b0a830e9
MDM2,MDM2_SCAF_34,L00101,O=C1C(Cc2ccccn2)O[C@H](c2ccccc2)[C@@H](c2ccccc2)N1CC1CC1,6cdfcc16
MDM2,MDM2_SCAF_35,L00102,O=C1C(Cc2ccccn2)C[C@H](c2ccccc2)[C@@H](c2ccccc2)N1CC1CC1,0a948780
MDM2,MDM2_SCAF_34,L00103,O=C1C(Cc2ccccn2)O[C@H](c2ccccc2)[C@@H](c2ccccc2)N1CC1CC1,6cdfcc16
MDM2,MDM2_SCAF_32,L00104,O=C1CO[C@H](c2ccccc2)[C@@H](c2ccccc2)N1,ba39e885
MDM2,MDM2_SCAF_36,L00105,c1ccc(-c2cnc(-c3ccccc3)n2-c2ccccc2)cc1,fc3dd42b
MDM2,MDM2_SCAF_37,L00106,O=C1CC[C@H](c2ccccc2)[C@@H](c2ccccc2)N1Cc1cccc(C2CC2)n1,d57286f6
MDM2,MDM2_SCAF_38,L00107,O=C1CC[C@H](c2ccccc2)[C@@H](c2ccccc2)N1[C@H](CS(=O)(=O)N1CCCC1)C1CC1,33f38001
MDM2,MDM2_SCAF_39,L00127,O=C1NC(Cc2ccccc2)C(c2c[nH]c3ccccc23)=C1Cc1ccccc1,9ea96aba
MDM2,MDM2_SCAF_40,L00128,O=C1OC(Cc2ccccc2)C(c2c[nH]c3ccccc23)=C1Cc1ccccc1,48835cce
MDM2,MDM2_SCAF_41,L00129,O=C1Cc2ccccc2[C@H](c2ccccc2)N1c1ccccc1OCc1nnn[nH]1,19cbd182
MDM2,MDM2_SCAF_42,L00130,O=C1CN(C2CCC(CNc3ccc(N4C(=O)Cc5ccccc5[C@@H]4c4ccccc4)cc3)CC2)CCN1,7d0a20e1
MDM2,MDM2_SCAF_43,L00131,O=C1Cc2ccccc2[C@H](c2ccccc2)N1c1ccc(NCc2ccncc2)cc1,3f20c54c
MDM2,MDM2_SCAF_44,L00319,CC(C)C[C@@H](C(=O)O)NC(=O)C,73fd9f11
MDM2,MDM2_SCAF_45,L00349,c1ccc2c(c1)-c1nn[nH]c1-c1ccccc1-c1nn[nH]c1-2,62de56c3
MDM2,MDM2_SCAF_9,L00030,c1ccc(Cn2cnc(-c3ccccc3)c2-c2c[nH]c3ccccc23)cc1,b6ffddda
MDM2,MDM2_SCAF_46,L00156,O=C1Nc2ccccc2[C@]12NCC[C@@H]2c1ccccc1,c8c269bd
MDM2,MDM2_SCAF_47,L00155,O=C1Nc2ccccc2[C@@]12[C@@H](c1ccccc1)[C@@H]1NCC[C@@H]1N2CC1CC1,64c81027
MDM2,MDM2_SCAF_48,L00157,O=C1Nc2ccccc2[C@@]12[C@@H](c1ccccc1)CCN2Cc1ccccc1,d60e61a2
MDM2,MDM2_SCAF_49,L00158,O=C1Nc2ccccc2[C@@]12[C@@H](c1ccccc1)[C@@H]1N[C@@H](c3ccccc3)C[C@@H]1N2CC1CC1,f3654ef1
MDM2,MDM2_SCAF_50,L00160,O=C1c2nn(-c3ccccc3)cc2[C@H](c2ccccc2)N1c1ccccc1,cf65167f
MDM2,MDM2_SCAF_11,L00198,c1ccc(CNCc2c[nH]c3ccccc23)cc1,e382b95a
MDM2,MDM2_SCAF_51,L00186,O=C1c2nc(-c3cncnc3)[nH]c2[C@H](c2ccccc2)N1c1ccc[nH]c1=O,73ccda29
MDM2,MDM2_SCAF_52,L00163,O=C(NC1CCCCC1)[C@@H]1NC[C@@]2(C(=O)Nc3ccccc32)[C@H]1c1ccccc1,d9f8c9bc
MDM2,MDM2_SCAF_53,L00033,C(CCNCS)C[C@@H](C(=O)O)N,4b6bd29d
MDM2,MDM2_SCAF_54,L00210,O=C1NC=N/C1=C\c1ccccc1,4f89bf3a
MDM2,MDM2_SCAF_55,L00400,C[C@H]([C@@H](C(=O)O)NC(=O)C)O,dc0f23a0
MDM2,MDM2_SCAF_56,L00230,O=C1c2nc(-c3cncnc3)[nH]c2[C@H](c2ccccc2)N1c1ccccc1,e49e978b
MDM2,MDM2_SCAF_45,L00241,c1ccc2c(c1)-c1nn[nH]c1-c1ccccc1-c1nn[nH]c1-2,62de56c3
MDM2,MDM2_SCAF_57,L00254,O=C1N=C[C@H]2[C@@H]1[C@H](c1ccccc1)[C@]1(C(=O)Nc3ccccc31)N2CC1CC1,248c0365
MDM2,MDM2_SCAF_3,L00224,c1ccc2[nH]ccc2c1,76e053ce
MDM2,MDM2_SCAF_58,L00039,O=C1c2nn(-c3cncnc3)cc2[C@H](c2ccccc2)N1c1ccc[nH]c1=O,5217525e
MDM2,MDM2_SCAF_59,L00258,O=C1c2[nH]ncc2[C@H](c2ccccc2)N1c1ccccc1,1598960e
MDM2,MDM2_SCAF_8,L00261,O=C(c1[nH]c2ccccc2c1-c1c(-c2ccccc2)ncn1Cc1ccccc1)N1CCCC1,a943107d
MDM2,MDM2_SCAF_60,L00262,c1ccc(-c2c(-c3nnn[nH]3)nc(C3CCCCC3)n2-c2ccccc2)cc1,50205b12
MDM2,MDM2_SCAF_61,L00263,O=C(NCCN1CCN(C2CCCCC2)CC1)c1[nH]c2ccccc2c1-c1c(-c2ccccc2)ncn1Cc1ccccc1,95a32f76
MDM2,MDM2_SCAF_62,L00260,O=C1c2nc(-c3cncnc3)[nH]c2[C@H](c2ccccc2)N1Cc1ccccc1,9a3c10da
MDM2,MDM2_SCAF_63,L00259,O=C(N[C@H]1CCN(c2ccccc2)C1)c1c[nH]c2ccccc12,e4be4882
MDM2,MDM2_SCAF_5,L00332,c1ccccc1,84480431
MDM2,MDM2_SCAF_5,L00333,c1ccccc1,84480431
MDM2,MDM2_SCAF_64,L00348,O=C(NCc1c[nH]nn1)c1cc(C2=C(c3csc(C(=O)NCc4c[nH]nn4)c3)CCC2)cs1,ea834380
MDM2,MDM2_SCAF_65,L00406,O=C1c2ccccc2[C@](OCC2CC2)(c2ccccc2)N1Cc1ccccn1,b3d65f27
MDM2,MDM2_SCAF_65,L00407,O=C1c2ccccc2[C@](OCC2CC2)(c2ccccc2)N1Cc1ccccn1,b3d65f27
MDM2,MDM2_SCAF_65,L00405,O=C1c2ccccc2[C@](OCC2CC2)(c2ccccc2)N1Cc1ccccn1,b3d65f27
MDM2,MDM2_SCAF_66,L00409,O=C1c2ccccc2[C@](OCC2CC2)(c2ccccc2)N1Cc1ccccc1,fb2e9aae
MDM2,MDM2_SCAF_65,L00410,O=C1c2ccccc2[C@](OCC2CC2)(c2ccccc2)N1Cc1ccccn1,b3d65f27
MDM2,MDM2_SCAF_66,L00416,O=C1c2ccccc2[C@](OCC2CC2)(c2ccccc2)N1Cc1ccccc1,fb2e9aae
MDM2,MDM2_SCAF_67,L00070,c1ccc(Cn2c(-c3ccc4sccc4c3)nc3ncnc(NCC4CC4)c32)cc1,09182dfe
MDM2,MDM2_SCAF_68,L00071,O=c1[nH]c(-c2cc3nc(N4CCO[C@@H]5CCC[C@H]54)n(CC4CCCCC4)c3c(-c3cccnc3)n2)no1,8dad697d
MDM2,MDM2_SCAF_69,L00072,O=c1[nH]c(-c2cc3ncn(CC4CCCCC4)c3c(-c3cccnc3)n2)no1,5dff3bdd
MDM2,MDM2_SCAF_70,L00073,O=c1[nH]c(-c2cc3nc(CC4CC4)n(CC4CCCCC4)c3c(-c3cccnc3)n2)no1,f9a97b1d
MDM2,MDM2_SCAF_71,L00200,c1ccc(-c2ccccc2)cc1,fdc27f1b
MDM2,MDM2_SCAF_72,L00208,C([C@@H](C(=O)O)N)SCC(=O)O,44f91ce6
MDM2,MDM2_SCAF_18,L00194,O=C1CN(C(=O)N2C(c3ccccc3)=N[C@@H](c3ccccc3)[C@H]2c2ccccc2)CCN1,aa88e98f
MDM2,MDM2_SCAF_73,L00329,C=C1C(=O)NCCN1C(=O)N1C(c2ccccc2)=N[C@@H](c2ccccc2)[C@H]1c1ccccc1,27f4bd90
MDM2,MDM2_SCAF_74,L00054,CC(C)C[C@@H](CNC(=O)O)N,303a45df
MDM2,MDM2_SCAF_75,L00257,C(CCNC(=N)N)C[C@@H](C(=O)O)N,75f256af
MDM2,MDM2_SCAF_76,L00002,O=C(NCCc1c[nH]cn1)C1CC=CC1,6d930456
PARKIN,PARKIN_SCAF_1,L00189,c1cc2c(cn1)ncn2[C@H]1CCCO1,d188eb66
PARKIN,PARKIN_SCAF_2,L00380,O=C(Nc1ccccc1)OCc1ccccc1,916ab13b
PARKIN,PARKIN_SCAF_3,L00270,N=C1N[C@H]2CSC[C@H]2N1,8663ca34
PARKIN,PARKIN_SCAF_4,L00402,c1ccc2[nH]c(-c3cscn3)nc2c1,c80b03ef
PARKIN,PARKIN_SCAF_5,L00330,c1ccn2ccnc2c1,ceef9340
PARKIN,PARKIN_SCAF_6,L00068,c1ccncc1,6e858b26
PARKIN,PARKIN_SCAF_7,L00243,O=c1[nH]c2c(c(=O)[nH]1)Nc1ccccc1N2,cc888dd4
PARKIN,PARKIN_SCAF_8,L00024,C(COCCOCCO)O,9cdf7ded
PARKIN,PARKIN_SCAF_9,L00355,O=c1[nH]cnc2[nH]ccc12,4b18425e
PARKIN,PARKIN_SCAF_10,L00389,O=C(Oc1ccccc1)C1CC1,69306472
PARKIN,PARKIN_SCAF_11,L00388,c1ccccc1,84480431
PARKIN,PARKIN_SCAF_11,L00331,c1ccccc1,84480431
PARKIN,PARKIN_SCAF_11,L00204,c1ccccc1,84480431
PARKIN,PARKIN_SCAF_11,L00420,c1ccccc1,84480431
PARKIN,PARKIN_SCAF_12,L00082,O=C(NC[PH](=O)NCCc1ccccc1)OCc1ccccc1,c5895939
PARKIN,PARKIN_SCAF_11,L00419,c1ccccc1,84480431
PARKIN,PARKIN_SCAF_13,L00212,c1ccc(Cn2ccnn2)cc1,cc62a689
PARKIN,PARKIN_SCAF_14,L00248,C([C@H]([C@H]([C@@H]([C@H](C=O)O)O)O)O)O,0d062fb7
PARKIN,PARKIN_SCAF_15,L00236,c1cncc(Oc2ccco2)c1,69c09a22
PARKIN,PARKIN_SCAF_16,L00232,O=C(CN1CCCCC1)Nc1ccc2c(c1)OCO2,44a24381
PARKIN,PARKIN_SCAF_17,L00238,c1cc(CNc2ccc3c(c2)OCCO3)ccn1,fe4d3ce8
PARKIN,PARKIN_SCAF_11,L00231,c1ccccc1,84480431
PARKIN,PARKIN_SCAF_18,L00235,O=C(Cc1cn2ccccc2n1)Nc1ccccc1,51a339b3
PARKIN,PARKIN_SCAF_19,L00338,C(=O)[Fe](C#N)(C#N)[Ni],9315ad9d
PARKIN,PARKIN_SCAF_20,L00191,c1ncc2[nH]cc(CN3CCCC3)c2n1,55c78e9f
PARKIN,PARKIN_SCAF_21,L00418,c1ncc2[nH]cc([C@H]3CCCN3)c2n1,96990ef9
PARKIN,PARKIN_SCAF_22,L00044,c1ncc2scc(CN3CCCC3)c2n1,ffd24f41
PARKIN,PARKIN_SCAF_23,L00269,c1ccc2[nH]ccc2c1,76e053ce
PARKIN,PARKIN_SCAF_24,L00480,C1CCOCC1,66ab85a7
PARKIN,PARKIN_SCAF_25,L00247,O=c1[nH]cnc2c1ncn2[C@H]1CCCO1,5d57d650
PARKIN,PARKIN_SCAF_11,L00352,c1ccccc1,84480431
RNF4,RNF4_SCAF_1,L00244,C1CCOC1,65795e83
SOCS2,SOCS2_SCAF_1,L00290,O=C(Cc1ccccc1)N[C@@H](Cc1ccccc1)C(=O)NCc1ccccc1,2a7056c3
SOCS2,SOCS2_SCAF_1,L00289,O=C(Cc1ccccc1)N[C@@H](Cc1ccccc1)C(=O)NCc1ccccc1,2a7056c3
SOCS2,SOCS2_SCAF_1,L00288,O=C(Cc1ccccc1)N[C@@H](Cc1ccccc1)C(=O)NCc1ccccc1,2a7056c3
SOCS2,SOCS2_SCAF_1,L00287,O=C(Cc1ccccc1)N[C@@H](Cc1ccccc1)C(=O)NCc1ccccc1,2a7056c3
SOCS2,SOCS2_SCAF_1,L00041,O=C(Cc1ccccc1)N[C@@H](Cc1ccccc1)C(=O)NCc1ccccc1,2a7056c3
TRIM21,TRIM21_SCAF_1,L00001,[BH2-]1OC2OCC[C@H]2O1,606001e6
TRIM21,TRIM21_SCAF_2,L00391,c1ccccc1,84480431
TRIM21,TRIM21_SCAF_3,L00426,O=c1cccnn1Cc1ccno1,d62d2319
TRIM21,TRIM21_SCAF_4,L00412,c1cnc(N2CC[C@]3(CCOC3)C2)cn1,3f497d2a
TRIM21,TRIM21_SCAF_5,L00429,c1ccc(C(c2ccccc2)N2CCC2)cc1,78c19104
TRIM21,TRIM21_SCAF_6,L00328,O=C(Nc1ccc2ncccc2c1)c1ccccc1,d36dd10f
TRIM21,TRIM21_SCAF_7,L00404,c1cc(N2CCCCC2)ncn1,0352effe
TRIM21,TRIM21_SCAF_8,L00424,O=C(NC1CC1)c1cnn2cccnc12,9026356b
TRIM21,TRIM21_SCAF_9,L00277,c1cn(Cc2cscn2)cn1,440a2599
TRIM21,TRIM21_SCAF_10,L00250,c1ccc2[nH]cnc2c1,58840756
TRIM21,TRIM21_SCAF_11,L00291,O=C(c1ccco1)N1CCN(C(=O)C2CC2)CC1,03d306f1
TRIM21,TRIM21_SCAF_12,L00321,O=C(Nc1ccccc1)c1ccccc1,f48093b6
TRIM21,TRIM21_SCAF_13,L00310,c1ncc2cn[nH]c2n1,42d11f8e
TRIM21,TRIM21_SCAF_14,L00386,O=C(c1csnn1)N1CCOCC1,46b2df0a
TRIM21,TRIM21_SCAF_15,L00427,O=C(NC1CC1)c1ccc2c(c1)OCO2,04a504e5
TRIM21,TRIM21_SCAF_16,L00285,c1ccc(-n2cnc3ccccc32)cc1,71e176b9
TRIM21,TRIM21_SCAF_17,L00203,c1ccc(-c2ccccc2)cc1,fdc27f1b
TRIM21,TRIM21_SCAF_18,L00453,O=S1(=O)CCNCC1,266cb6e5
TRIM21,TRIM21_SCAF_19,L00344,O=C(c1ccccc1)N1CCCCC1,476f01aa
TRIM21,TRIM21_SCAF_20,L00315,c1ccc(-c2nnco2)cc1,a12ded4e
TRIM21,TRIM21_SCAF_2,L00452,c1ccccc1,84480431
TRIM21,TRIM21_SCAF_21,L00357,c1ccc(N2CCNCC2)cc1,9dd65402
TRIM21,TRIM21_SCAF_2,L00425,c1ccccc1,84480431
TRIM21,TRIM21_SCAF_2,L00327,c1ccccc1,84480431
TRIM21,TRIM21_SCAF_22,L00197,c1ccc(-n2ccnn2)cc1,0208c5f7
TRIM21,TRIM21_SCAF_23,L00343,c1ccc2scnc2c1,d04a9143
TRIM21,TRIM21_SCAF_21,L00253,c1ccc(N2CCNCC2)cc1,9dd65402
TRIM21,TRIM21_SCAF_24,L00384,c1ccc(Cn2ccnc2)cc1,81294929
TRIM21,TRIM21_SCAF_25,L00385,c1ccc2c(c1)CCCN2,4aa57ab9
TRIM21,TRIM21_SCAF_26,L00471,c1cc(N2CCNCC2)ncn1,b12d2bae
TRIM21,TRIM21_SCAF_27,L00311,c1nsc(N2CCCNCC2)n1,8cf2f5b0
TRIM21,TRIM21_SCAF_28,L00392,O=S(=O)(Nc1ccccn1)c1ccccc1,e0534dde
TRIM21,TRIM21_SCAF_29,L00474,c1ccc2c(c1)CNC2,975d2ac9
TRIM21,TRIM21_SCAF_2,L00457,c1ccccc1,84480431
TRIM21,TRIM21_SCAF_21,L00346,c1ccc(N2CCNCC2)cc1,9dd65402
TRIM21,TRIM21_SCAF_30,L00487,c1csc(-c2cnc[nH]2)n1,e23354e6
TRIM21,TRIM21_SCAF_10,L00397,c1ccc2[nH]cnc2c1,58840756
TRIM21,TRIM21_SCAF_31,L00459,C1CCNCC1,927a5aa0
TRIM21,TRIM21_SCAF_2,L00414,c1ccccc1,84480431
TRIM21,TRIM21_SCAF_25,L00390,c1ccc2c(c1)CCCN2,4aa57ab9
TRIM21,TRIM21_SCAF_32,L00469,c1cnoc1,aaa797d1
TRIM21,TRIM21_SCAF_17,L00489,c1ccc(-c2ccccc2)cc1,fdc27f1b
TRIM21,TRIM21_SCAF_33,L00356,O=C1NCC[C@@H]1Oc1ccccc1,83ca8cdc
TRIM21,TRIM21_SCAF_2,L00456,c1ccccc1,84480431
TRIM21,TRIM21_SCAF_2,L00283,c1ccccc1,84480431
TRIM21,TRIM21_SCAF_34,L00313,O=C(c1ccco1)N1CCNCC1,4b4e1381
TRIM21,TRIM21_SCAF_35,L00467,c1ccc(N2CCCC2)nc1,838d76c6
TRIM21,TRIM21_SCAF_2,L00398,c1ccccc1,84480431
TRIM21,TRIM21_SCAF_36,L00408,O=C(NCc1cccnc1)C1CC1,acf29944
TRIM21,TRIM21_SCAF_2,L00417,c1ccccc1,84480431
TRIM21,TRIM21_SCAF_37,L00347,O=S1(=O)CCN(Cc2ccco2)CC1,3c8c6edd
TRIM21,TRIM21_SCAF_38,L00340,O=C(Nc1cn[nH]c1)C1CCC1,c3f67ded
TRIM21,TRIM21_SCAF_39,L00470,C1CCCC2(CC1)CCCNC2,8c4ac105
TRIM21,TRIM21_SCAF_40,L00383,c1nnc(N2CCCCC2)s1,7f020b71
TRIM21,TRIM21_SCAF_41,L00286,O=C(c1ccc2c(c1)OCO2)N1CCCCCC1,b1d4ae91
TRIM21,TRIM21_SCAF_42,L00382,c1ccc(CN2CCOCC2)cc1,78363d00
TRIM21,TRIM21_SCAF_43,L00342,O=C(c1cccs1)N1CCNCC1,dc044fcc
TRIM21,TRIM21_SCAF_44,L00251,O=C(C1CC1)N1CCN(c2ccccc2)CC1,d25f5123
TRIM21,TRIM21_SCAF_45,L00339,O=C(Nc1ccccc1)[C@@H]1CCCO1,8b8606dd
TRIM21,TRIM21_SCAF_46,L00325,C1C[C@@H]2CNC[C@@H]2C1,650cd44b
TRIM21,TRIM21_SCAF_47,L00320,c1ccc2[nH]ncc2c1,d0803b34
TRIM21,TRIM21_SCAF_48,L00249,O=C(c1ccco1)N1CCCC1,0ab95c98
TRIM21,TRIM21_SCAF_49,L00423,O=C(Nc1cn[nH]c1)c1ccon1,6b1feee5
TRIM21,TRIM21_SCAF_2,L00468,c1ccccc1,84480431
TRIM21,TRIM21_SCAF_50,L00309,O=C(Nc1ccccc1)Nc1cccnc1,73a4b3a0
TRIM21,TRIM21_SCAF_51,L00341,O=C(NCCc1ccccc1)c1ccccn1,3abb8de5
TRIM21,TRIM21_SCAF_2,L00322,c1ccccc1,84480431
TRIM21,TRIM21_SCAF_52,L00428,O=C(c1cn[nH]c1)N1CCCC1,5f981568
TRIM21,TRIM21_SCAF_53,L00284,c1cscn1,1bfde91c
TRIM21,TRIM21_SCAF_2,L00345,c1ccccc1,84480431
TRIM21,TRIM21_SCAF_21,L00472,c1ccc(N2CCNCC2)cc1,9dd65402
TRIM21,TRIM21_SCAF_54,L00354,c1ccc2c(c1)Nc1ccccc1S2,501ba652
TRIM21,TRIM21_SCAF_55,L00017,O=c1ccc2c([nH]1)CCC[C@H]2NCCCCCCCCCCNc1c2c(nc3ccccc13)CCCC2,d4571a39
TRIM21,TRIM21_SCAF_56,L00002,O=C(NCCc1c[nH]cn1)C1CC=CC1,6d930456
VHL,VHL_SCAF_1,L00318,O=C(NCc1ccc(-c2cnco2)cc1)[C@@H]1CCCN1C(=O)Cc1ccno1,1c68c6aa
VHL,VHL_SCAF_2,L00403,O=C(NCc1ccc(-c2ccccc2)cc1)[C@@H]1CCCN1C(=O)Cc1ccno1,a206ee97
VHL,VHL_SCAF_3,L00488,O=C(NCc1ccccc1)[C@@H]1CCCN1C(=O)Cc1ccno1,547860ce
VHL,VHL_SCAF_3,L00490,O=C(NCc1ccccc1)[C@@H]1CCCN1C(=O)Cc1ccno1,547860ce
VHL,VHL_SCAF_4,L00431,C1CCNC1,0c9c5086
VHL,VHL_SCAF_5,L00421,O=C(NCc1ccccc1)[C@@H]1CCCN1C(=O)c1ccccc1,74c61762
VHL,VHL_SCAF_6,L00399,O=C(NCc1ccc(-c2cncs2)cc1)[C@@H]1CCCN1C(=O)c1ccccc1,7853869a
VHL,VHL_SCAF_7,L00476,O=C(NCc1ccc(-c2cnco2)cc1)[C@@H]1CCCN1,2f4e06f9
VHL,VHL_SCAF_8,L00361,O=C(Cc1ccno1)N1CCCC1,aa21f795
VHL,VHL_SCAF_7,L00110,O=C(NCc1ccc(-c2cnco2)cc1)[C@@H]1CCCN1,2f4e06f9
VHL,VHL_SCAF_7,L00113,O=C(NCc1ccc(-c2cnco2)cc1)[C@@H]1CCCN1,2f4e06f9
VHL,VHL_SCAF_9,L00116,O=C(NCc1ccc(-c2cncs2)cc1)[C@@H]1CCCN1,5bc2018d
VHL,VHL_SCAF_9,L00117,O=C(NCc1ccc(-c2cncs2)cc1)[C@@H]1CCCN1,5bc2018d
VHL,VHL_SCAF_9,L00118,O=C(NCc1ccc(-c2cncs2)cc1)[C@@H]1CCCN1,5bc2018d
VHL,VHL_SCAF_9,L00021,O=C(NCc1ccc(-c2cncs2)cc1)[C@@H]1CCCN1,5bc2018d
VHL,VHL_SCAF_10,L00115,O=C(NCc1ccc(-c2cncs2)cc1)[C@@H]1CCCN1C(=O)[C@@H]1CCCN1,f37980cf
VHL,VHL_SCAF_9,L00111,O=C(NCc1ccc(-c2cncs2)cc1)[C@@H]1CCCN1,5bc2018d
VHL,VHL_SCAF_11,L00114,O=C(CCc1ccccc1)NCC(=O)N1CCC[C@H]1C(=O)NCc1ccc(-c2cncs2)cc1,7b959f4d
VHL,VHL_SCAF_9,L00112,O=C(NCc1ccc(-c2cncs2)cc1)[C@@H]1CCCN1,5bc2018d
VHL,VHL_SCAF_12,L00159,O=C(NCC(=O)N1CCC[C@H]1C(=O)NCc1ccc(-c2cncs2)cc1)C1CC1,d38b8da6
VHL,VHL_SCAF_9,L00180,O=C(NCc1ccc(-c2cncs2)cc1)[C@@H]1CCCN1,5bc2018d
VHL,VHL_SCAF_12,L00181,O=C(NCC(=O)N1CCC[C@H]1C(=O)NCc1ccc(-c2cncs2)cc1)C1CC1,d38b8da6
VHL,VHL_SCAF_12,L00142,O=C(NCC(=O)N1CCC[C@H]1C(=O)NCc1ccc(-c2cncs2)cc1)C1CC1,d38b8da6
VHL,VHL_SCAF_9,L00175,O=C(NCc1ccc(-c2cncs2)cc1)[C@@H]1CCCN1,5bc2018d
VHL,VHL_SCAF_12,L00179,O=C(NCC(=O)N1CCC[C@H]1C(=O)NCc1ccc(-c2cncs2)cc1)C1CC1,d38b8da6
VHL,VHL_SCAF_12,L00178,O=C(NCC(=O)N1CCC[C@H]1C(=O)NCc1ccc(-c2cncs2)cc1)C1CC1,d38b8da6
VHL,VHL_SCAF_13,L00177,O=C(NCC(=O)N1CCC[C@H]1C(=O)NCc1ccc(-c2cncs2)cc1)C1CCC1,7125e221
VHL,VHL_SCAF_14,L00176,O=C(NCC(=O)N1CCC[C@H]1C(=O)NCc1ccc(-c2cncs2)cc1)C1COC1,028501d0
VHL,VHL_SCAF_15,L00220,S=C(NCc1ccc(-c2cncs2)cc1)[C@@H]1CCCN1,a0f74cc8
VHL,VHL_SCAF_9,L00221,O=C(NCc1ccc(-c2cncs2)cc1)[C@@H]1CCCN1,5bc2018d
VHL,VHL_SCAF_15,L00222,S=C(NCc1ccc(-c2cncs2)cc1)[C@@H]1CCCN1,a0f74cc8
VHL,VHL_SCAF_9,L00229,O=C(NCc1ccc(-c2cncs2)cc1)[C@@H]1CCCN1,5bc2018d
VHL,VHL_SCAF_9,L00228,O=C(NCc1ccc(-c2cncs2)cc1)[C@@H]1CCCN1,5bc2018d
VHL,VHL_SCAF_16,L00233,c1cc2occc2[nH]1,cf71c7bd
VHL,VHL_SCAF_17,L00037,c1ccc(-n2cccc2)cc1,ba23acf6
VHL,VHL_SCAF_18,L00237,O=C1CCSc2ccccc21,c37b8e41
VHL,VHL_SCAF_19,L00211,C([C@@H](C(=O)O)N)SS(=O)(=O)O,58d2bc36
VHL,VHL_SCAF_20,L00350,C(COCCOCCOCCOCCOCCO)O,f4e5ab05
VHL,VHL_SCAF_12,L00365,O=C(NCC(=O)N1CCC[C@H]1C(=O)NCc1ccc(-c2cncs2)cc1)C1CC1,d38b8da6
VHL,VHL_SCAF_3,L00362,O=C(NCc1ccccc1)[C@@H]1CCCN1C(=O)Cc1ccno1,547860ce
VHL,VHL_SCAF_21,L00364,O=C(NCc1ccc(-c2cncs2)cc1)[C@@H]1CCCN1C(=O)Cc1ccno1,bea0643f
VHL,VHL_SCAF_21,L00363,O=C(NCc1ccc(-c2cncs2)cc1)[C@@H]1CCCN1C(=O)Cc1ccno1,bea0643f
VHL,VHL_SCAF_22,L00367,O=C(Cc1ccno1)N1CCC[C@H]1C1=NOC(c2ccc(-c3cncs3)cc2)N1,d76f166a
VHL,VHL_SCAF_23,L00366,O=C(NOc1ccc(-c2cncs2)cc1)[C@@H]1CCCN1C(=O)Cc1ccno1,b5755989
VHL,VHL_SCAF_24,L00441,O=C(NCC(=O)N1CCC[C@H]1C(=O)N[C@H]1CCCc2cc(-c3cncs3)ccc21)C1CC1,d452ed21
VHL,VHL_SCAF_12,L00454,O=C(NCC(=O)N1CCC[C@H]1C(=O)NCc1ccc(-c2cncs2)cc1)C1CC1,d38b8da6
VHL,VHL_SCAF_12,L00442,O=C(NCC(=O)N1CCC[C@H]1C(=O)NCc1ccc(-c2cncs2)cc1)C1CC1,d38b8da6
VHL,VHL_SCAF_25,L00466,O=C(NCc1ccc(-c2cncs2)cc1)[C@H]1CCCN(c2ccccn2)C1=O,819f3ec1
VHL,VHL_SCAF_21,L00443,O=C(NCc1ccc(-c2cncs2)cc1)[C@@H]1CCCN1C(=O)Cc1ccno1,bea0643f
VHL,VHL_SCAF_26,L00007,c1ccc(CNCc2ccccc2)cc1,418e9198
VHL,VHL_SCAF_27,L00001,[BH2-]1OC2OCC[C@H]2O1,606001e6
VHL,VHL_SCAF_28,L00004,O=c1c(-n2ccnn2)c[nH]n1-c1cc(N2CCOCC2)ncn1,fd8a02f9
VHL,VHL_SCAF_29,L00002,O=C(NCCc1c[nH]cn1)C1CC=CC1,6d930456
VHL,VHL_SCAF_30,L00005,O=C1CCc2cc(NS(=O)(=O)Cc3ccccc3)ccc2N1,d11e055c
VHL,VHL_SCAF_31,L00024,C(COCCOCCO)O,9cdf7ded
XIAP,XIAP_SCAF_1,L00174,O=C(N[C@@H]1CCCc2ccccc21)[C@@H]1CCCN1,845c2a03
XIAP,XIAP_SCAF_2,L00173,O=C(N[C@@H]1CCCc2ccccc21)[C@@H]1C[C@H](Oc2ccccc2)CN1,cc07a361
XIAP,XIAP_SCAF_3,L00199,O=C(NC(c1ccccc1)c1ccccc1)[C@@H]1CC[C@@H]2CCC=CCC(=O)N21,808aaf5a
XIAP,XIAP_SCAF_4,L00209,O=C(NCCc1c[nH]c2ccccc12)[C@@H]1CCCN1C(=O)c1cocn1,05ed9593
XIAP,XIAP_SCAF_5,L00056,O=C(NC(c1ccccc1)c1ccccc1)[C@@H]1CC[C@@H]2CCCCC(=O)N21,86112abb
XIAP,XIAP_SCAF_5,L00475,O=C(NC(c1ccccc1)c1ccccc1)[C@@H]1CC[C@@H]2CCCCC(=O)N21,86112abb
XIAP,XIAP_SCAF_5,L00052,O=C(NC(c1ccccc1)c1ccccc1)[C@@H]1CC[C@@H]2CCCCC(=O)N21,86112abb
XIAP,XIAP_SCAF_6,L00108,O=C(NCC(c1ccccc1)c1ccccc1)[C@@H]1CCCN1,e92730ce
XIAP,XIAP_SCAF_7,L00143,O=C(CC1CCCCC1)N1CCC[C@H]1c1nc(-c2cccc3ccccc23)cs1,dfdb2cfd
XIAP,XIAP_SCAF_8,L00184,O=C(Nc1ccccc1-c1ncccn1)[C@@H]1CCCN1C(=O)CC1CCCCC1,fcbdec10
XIAP,XIAP_SCAF_9,L00202,O=C(NC(c1ccccc1)c1ccccc1)[C@@H]1CC[C@@H]2CC[C@H](CCNCc3ccccc3)CC(=O)N21,0e348e9a
XIAP,XIAP_SCAF_10,L00096,C(COCCOCCOCCOCCOCCOCCOCCOCCO)O,e5f67adf
XIAP,XIAP_SCAF_11,L00028,O=C(N[C@@H]1CCOc2ccccc21)[C@@H]1CN2CCC[C@@H]2CN1C(=O)CC1CCCCC1,3aef03a4
XIAP,XIAP_SCAF_12,L00080,O=C1CCN(C(=O)c2ccccc2)c2ccccc2N1Cc1cccc2ccccc12,8136ed5a
XIAP,XIAP_SCAF_13,L00081,O=C1CC2(CCOCC2)Oc2ccccc2N1Cc1cccc2ccccc12,ef4468ce
XIAP,XIAP_SCAF_14,L00126,c1ccccc1,84480431
XIAP,XIAP_SCAF_15,L00119,c1c[nH]nn1,e34d63fe
XIAP,XIAP_SCAF_16,L00133,C[C@@H](C(=O)N[C@@H](C(C)C)C(=O)N)[NH3+],7a4f034f
XIAP,XIAP_SCAF_17,L00132,c1cnn(C2CC[NH2+]CC2)c1,fe17a566
XIAP,XIAP_SCAF_18,L00134,O=C(CN1CC[NH2+]CC1)N1CCCCC1,501d7a4f
XIAP,XIAP_SCAF_19,L00135,c1ccncc1,6e858b26
XIAP,XIAP_SCAF_20,L00138,O=C(CN1CC[NH2+]CC1)N1CCc2ccccc21,08273223
XIAP,XIAP_SCAF_21,L00137,O=C(CN1CC[NH2+]CC1)N1CCCC1,af6f7d1d
XIAP,XIAP_SCAF_20,L00136,O=C(CN1CC[NH2+]CC1)N1CCc2ccccc21,08273223
XIAP,XIAP_SCAF_22,L00139,O=C(CN1CC[NH2+]CC1)N1CCc2cnccc21,51c9b391
XIAP,XIAP_SCAF_23,L00141,O=C(CN1CC[NH2+]CC1)N1CCc2cnc(Cc3ccccc3)cc21,916993d8
XIAP,XIAP_SCAF_22,L00140,O=C(CN1CC[NH2+]CC1)N1CCc2cnccc21,51c9b391
XIAP,XIAP_SCAF_24,L00164,O=C(CN1CC[NH2+]C[C@@H]1Cn1cccn1)N1CCc2cnc(Cc3ccccc3)cc21,5fb8894c
XIAP,XIAP_SCAF_25,L00165,O=C(CN1CC[NH2+]CC1)N1CCc2ncc(Cc3ccccc3)cc21,b06583e1
XIAP,XIAP_SCAF_26,L00166,O=C([C@H]1C[NH2+]CCN1CC(=O)N1CCc2ncc(Cc3ccccc3)cc21)N1CCOCC1,5b0666c1
XIAP,XIAP_SCAF_27,L00031,O=C(CN1CC[NH2+]C[C@@H]1CN1CCOCC1)N1CCc2ncc(Cc3ccccc3)cc21,4f566597
XIAP,XIAP_SCAF_28,L00162,O=C1CCCN1C[C@H]1C[NH2+]CCN1CC(=O)N1CCc2ncc(Cc3ccccc3)cc21,0984263b
XIAP,XIAP_SCAF_27,L00188,O=C(CN1CC[NH2+]C[C@@H]1CN1CCOCC1)N1CCc2ncc(Cc3ccccc3)cc21,4f566597
XIAP,XIAP_SCAF_29,L00205,O=C(NCc1ccccc1)[C@@H]1C=C[C@@H]2CCCCC(=O)N21,1deaa7e0
XIAP,XIAP_SCAF_30,L00206,O=C(NCc1ccccc1)[C@@H]1CC[C@@H]2CCCCC(=O)N21,cd292a78
XIAP,XIAP_SCAF_31,L00246,O=C(CN1CCNC[C@@H]1CN1CCOCC1)N1CCc2ncc(Cc3ccccc3)cc21,93431998
XIAP,XIAP_SCAF_32,L00245,O=C1c2ccccc2CN1C[C@H]1CNCCN1CC(=O)N1CCc2ncc(Cc3ccccc3)cc21,e824a4a1
XIAP,XIAP_SCAF_33,L00274,O=C(c1ccccc1)c1csc([C@@H]2CCCN2C(=O)CC2CCCCC2)n1,8a6ea694
cIAP1,cIAP1_SCAF_1,L00174,O=C(N[C@@H]1CCCc2ccccc21)[C@@H]1CCCN1,845c2a03
cIAP1,cIAP1_SCAF_2,L00173,O=C(N[C@@H]1CCCc2ccccc21)[C@@H]1C[C@H](Oc2ccccc2)CN1,cc07a361
cIAP1,cIAP1_SCAF_3,L00199,O=C(NC(c1ccccc1)c1ccccc1)[C@@H]1CC[C@@H]2CCC=CCC(=O)N21,808aaf5a
cIAP1,cIAP1_SCAF_4,L00209,O=C(NCCc1c[nH]c2ccccc12)[C@@H]1CCCN1C(=O)c1cocn1,05ed9593
cIAP1,cIAP1_SCAF_5,L00056,O=C(NC(c1ccccc1)c1ccccc1)[C@@H]1CC[C@@H]2CCCCC(=O)N21,86112abb
cIAP1,cIAP1_SCAF_5,L00475,O=C(NC(c1ccccc1)c1ccccc1)[C@@H]1CC[C@@H]2CCCCC(=O)N21,86112abb
cIAP1,cIAP1_SCAF_5,L00052,O=C(NC(c1ccccc1)c1ccccc1)[C@@H]1CC[C@@H]2CCCCC(=O)N21,86112abb
cIAP1,cIAP1_SCAF_6,L00108,O=C(NCC(c1ccccc1)c1ccccc1)[C@@H]1CCCN1,e92730ce
cIAP1,cIAP1_SCAF_7,L00143,O=C(CC1CCCCC1)N1CCC[C@H]1c1nc(-c2cccc3ccccc23)cs1,dfdb2cfd
cIAP1,cIAP1_SCAF_8,L00184,O=C(Nc1ccccc1-c1ncccn1)[C@@H]1CCCN1C(=O)CC1CCCCC1,fcbdec10
cIAP1,cIAP1_SCAF_9,L00202,O=C(NC(c1ccccc1)c1ccccc1)[C@@H]1CC[C@@H]2CC[C@H](CCNCc3ccccc3)CC(=O)N21,0e348e9a
cIAP1,cIAP1_SCAF_10,L00096,C(COCCOCCOCCOCCOCCOCCOCCOCCO)O,e5f67adf
cIAP1,cIAP1_SCAF_11,L00028,O=C(N[C@@H]1CCOc2ccccc21)[C@@H]1CN2CCC[C@@H]2CN1C(=O)CC1CCCCC1,3aef03a4
cIAP1,cIAP1_SCAF_12,L00067,O=C(N[C@@H]1CCCc2ccccc21)[C@@H]1CN2CCC[C@@H]2CN1C(=O)CC1CCCCC1,86e5249e
cIAP1,cIAP1_SCAF_13,L00080,O=C1CCN(C(=O)c2ccccc2)c2ccccc2N1Cc1cccc2ccccc12,8136ed5a
cIAP1,cIAP1_SCAF_14,L00081,O=C1CC2(CCOCC2)Oc2ccccc2N1Cc1cccc2ccccc12,ef4468ce
cIAP1,cIAP1_SCAF_15,L00087,O=C(N[C@@H]1CCOc2ccccc21)[C@@H]1CN2[C@H](C[C@@H]3C[C@@H]32)CN1C(=O)CC1CCCCC1,1e9cfb1c
cIAP1,cIAP1_SCAF_11,L00088,O=C(N[C@@H]1CCOc2ccccc21)[C@@H]1CN2CCC[C@@H]2CN1C(=O)CC1CCCCC1,3aef03a4
cIAP1,cIAP1_SCAF_11,L00093,O=C(N[C@@H]1CCOc2ccccc21)[C@@H]1CN2CCC[C@@H]2CN1C(=O)CC1CCCCC1,3aef03a4
cIAP1,cIAP1_SCAF_16,L00094,O=C(N[C@@H]1CCOc2ccccc21)[C@@H]1CN2c3ccccc3C[C@H]2CN1C(=O)CC1CCCCC1,fc695298
cIAP1,cIAP1_SCAF_17,L00126,c1ccccc1,84480431
cIAP1,cIAP1_SCAF_18,L00119,c1c[nH]nn1,e34d63fe
cIAP1,cIAP1_SCAF_19,L00133,C[C@@H](C(=O)N[C@@H](C(C)C)C(=O)N)[NH3+],7a4f034f
cIAP1,cIAP1_SCAF_20,L00132,c1cnn(C2CC[NH2+]CC2)c1,fe17a566
cIAP1,cIAP1_SCAF_21,L00134,O=C(CN1CC[NH2+]CC1)N1CCCCC1,501d7a4f
cIAP1,cIAP1_SCAF_22,L00135,c1ccncc1,6e858b26
cIAP1,cIAP1_SCAF_23,L00138,O=C(CN1CC[NH2+]CC1)N1CCc2ccccc21,08273223
cIAP1,cIAP1_SCAF_24,L00137,O=C(CN1CC[NH2+]CC1)N1CCCC1,af6f7d1d
cIAP1,cIAP1_SCAF_23,L00136,O=C(CN1CC[NH2+]CC1)N1CCc2ccccc21,08273223
cIAP1,cIAP1_SCAF_25,L00139,O=C(CN1CC[NH2+]CC1)N1CCc2cnccc21,51c9b391
cIAP1,cIAP1_SCAF_26,L00141,O=C(CN1CC[NH2+]CC1)N1CCc2cnc(Cc3ccccc3)cc21,916993d8
cIAP1,cIAP1_SCAF_25,L00140,O=C(CN1CC[NH2+]CC1)N1CCc2cnccc21,51c9b391
cIAP1,cIAP1_SCAF_27,L00164,O=C(CN1CC[NH2+]C[C@@H]1Cn1cccn1)N1CCc2cnc(Cc3ccccc3)cc21,5fb8894c
cIAP1,cIAP1_SCAF_28,L00165,O=C(CN1CC[NH2+]CC1)N1CCc2ncc(Cc3ccccc3)cc21,b06583e1
cIAP1,cIAP1_SCAF_29,L00166,O=C([C@H]1C[NH2+]CCN1CC(=O)N1CCc2ncc(Cc3ccccc3)cc21)N1CCOCC1,5b0666c1
cIAP1,cIAP1_SCAF_30,L00031,O=C(CN1CC[NH2+]C[C@@H]1CN1CCOCC1)N1CCc2ncc(Cc3ccccc3)cc21,4f566597
cIAP1,cIAP1_SCAF_31,L00162,O=C1CCCN1C[C@H]1C[NH2+]CCN1CC(=O)N1CCc2ncc(Cc3ccccc3)cc21,0984263b
cIAP1,cIAP1_SCAF_30,L00188,O=C(CN1CC[NH2+]C[C@@H]1CN1CCOCC1)N1CCc2ncc(Cc3ccccc3)cc21,4f566597
cIAP1,cIAP1_SCAF_32,L00205,O=C(NCc1ccccc1)[C@@H]1C=C[C@@H]2CCCCC(=O)N21,1deaa7e0
cIAP1,cIAP1_SCAF_33,L00206,O=C(NCc1ccccc1)[C@@H]1CC[C@@H]2CCCCC(=O)N21,cd292a78
cIAP1,cIAP1_SCAF_34,L00246,O=C(CN1CCNC[C@@H]1CN1CCOCC1)N1CCc2ncc(Cc3ccccc3)cc21,93431998
cIAP1,cIAP1_SCAF_35,L00245,O=C1c2ccccc2CN1C[C@H]1CNCCN1CC(=O)N1CCc2ncc(Cc3ccccc3)cc21,e824a4a1
cIAP1,cIAP1_SCAF_36,L00274,O=C(c1ccccc1)c1csc([C@@H]2CCCN2C(=O)CC2CCCCC2)n1,8a6ea694
cIAP2,cIAP2_SCAF_1,L00199,O=C(NC(c1ccccc1)c1ccccc1)[C@@H]1CC[C@@H]2CCC=CCC(=O)N21,808aaf5a
cIAP2,cIAP2_SCAF_2,L00056,O=C(NC(c1ccccc1)c1ccccc1)[C@@H]1CC[C@@H]2CCCCC(=O)N21,86112abb
cIAP2,cIAP2_SCAF_2,L00475,O=C(NC(c1ccccc1)c1ccccc1)[C@@H]1CC[C@@H]2CCCCC(=O)N21,86112abb
cIAP2,cIAP2_SCAF_2,L00052,O=C(NC(c1ccccc1)c1ccccc1)[C@@H]1CC[C@@H]2CCCCC(=O)N21,86112abb
cIAP2,cIAP2_SCAF_3,L00108,O=C(NCC(c1ccccc1)c1ccccc1)[C@@H]1CCCN1,e92730ce
cIAP2,cIAP2_SCAF_4,L00143,O=C(CC1CCCCC1)N1CCC[C@H]1c1nc(-c2cccc3ccccc23)cs1,dfdb2cfd
cIAP2,cIAP2_SCAF_5,L00202,O=C(NC(c1ccccc1)c1ccccc1)[C@@H]1CC[C@@H]2CC[C@H](CCNCc3ccccc3)CC(=O)N21,0e348e9a
cIAP2,cIAP2_SCAF_6,L00096,C(COCCOCCOCCOCCOCCOCCOCCOCCO)O,e5f67adf
cIAP2,cIAP2_SCAF_7,L00028,O=C(N[C@@H]1CCOc2ccccc21)[C@@H]1CN2CCC[C@@H]2CN1C(=O)CC1CCCCC1,3aef03a4
cIAP2,cIAP2_SCAF_8,L00067,O=C(N[C@@H]1CCCc2ccccc21)[C@@H]1CN2CCC[C@@H]2CN1C(=O)CC1CCCCC1,86e5249e
cIAP2,cIAP2_SCAF_9,L00087,O=C(N[C@@H]1CCOc2ccccc21)[C@@H]1CN2[C@H](C[C@@H]3C[C@@H]32)CN1C(=O)CC1CCCCC1,1e9cfb1c
cIAP2,cIAP2_SCAF_7,L00088,O=C(N[C@@H]1CCOc2ccccc21)[C@@H]1CN2CCC[C@@H]2CN1C(=O)CC1CCCCC1,3aef03a4
cIAP2,cIAP2_SCAF_7,L00093,O=C(N[C@@H]1CCOc2ccccc21)[C@@H]1CN2CCC[C@@H]2CN1C(=O)CC1CCCCC1,3aef03a4
cIAP2,cIAP2_SCAF_10,L00094,O=C(N[C@@H]1CCOc2ccccc21)[C@@H]1CN2c3ccccc3C[C@H]2CN1C(=O)CC1CCCCC1,fc695298
cIAP2,cIAP2_SCAF_11,L00031,O=C(CN1CC[NH2+]C[C@@H]1CN1CCOCC1)N1CCc2ncc(Cc3ccccc3)cc21,4f566597
cIAP2,cIAP2_SCAF_12,L00205,O=C(NCc1ccccc1)[C@@H]1C=C[C@@H]2CCCCC(=O)N21,1deaa7e0
cIAP2,cIAP2_SCAF_13,L00206,O=C(NCc1ccccc1)[C@@H]1CC[C@@H]2CCCCC(=O)N21,cd292a78
cIAP2,cIAP2_SCAF_14,L00274,O=C(c1ccccc1)c1csc([C@@H]2CCCN2C(=O)CC2CCCCC2)n1,8a6ea694
