Ligase,pdb_id,Ligand,Residue_ID,Variant,MW,Recruiter_Class,Total_atoms,Exposed_atoms,SASA_in_complex_A2,%Exposed,%Buried
CRBN,5AMK,EF2,151,1,272.345,Drug-like Recruiter,19,19,418.944,1.0,0.0
CRBN,5OH8,ROL,202,1,283.412,Drug-like Recruiter,20,20,479.74,1.0,0.0
CRBN,6R0S,JOE,202,1,322.338,Drug-like Recruiter,22,22,469.082,1.0,0.0
CRBN,6R0S,JOH,202,1,305.331,Drug-like Recruiter,21,21,431.399,1.0,0.0
CRBN,6R0U,JO5,202,1,273.333,Drug-like Recruiter,19,19,410.281,1.0,0.0
CRBN,6R12,JOT,202,1,244.335,Drug-like Recruiter,17,17,395.997,1.0,0.0
CRBN,6R13,JOK,202,1,258.362,Drug-like Recruiter,18,18,410.467,1.0,0.0
CRBN,6R18,JOQ,202,1,289.376,Drug-like Recruiter,20,20,457.978,1.0,0.0
CRBN,6R19,JON,202,1,247.295,Drug-like Recruiter,17,17,417.631,1.0,0.0
CRBN,6R1A,JP8,202,1,262.33,Drug-like Recruiter,18,18,450.421,1.0,0.0
CRBN,6R1C,JOW,202,1,392.473,Drug-like Recruiter,27,27,588.063,1.0,0.0
CRBN,6R1W,JPW,204,1,290.384,Drug-like Recruiter,20,20,472.403,1.0,0.0
CRBN,8OU3,W1T,202,1,277.34,Drug-like Recruiter,19,19,407.941,1.0,0.0
HUWE1,7BKU,PHN,401,1,194.322,Fragment Recruiter,14,14,102.897,1.0,0.0
HUWE1,7H5V,PHN,402,1,194.322,Fragment Recruiter,14,14,102.897,1.0,0.0
HUWE1,7H5X,PHN,402,1,194.322,Fragment Recruiter,14,14,100.596,1.0,0.0
HUWE1,7H5Y,PHN,402,1,194.322,Fragment Recruiter,14,14,101.803,1.0,0.0
HUWE1,7H5Z,PHN,402,1,194.322,Fragment Recruiter,14,14,111.122,1.0,0.0
HUWE1,8Y26,A1L,201,1,345.436,Drug-like Recruiter,24,24,530.51,1.0,0.0
KEAP1,5WHL,HPP,701,1,174.24,Fragment Recruiter,12,12,327.271,1.0,0.0
KEAP1,5WHO,AO7,702,1,202.25,Drug-like Recruiter,14,14,341.999,1.0,0.0
KEAP1,5WIY,1XM,704,1,175.261,Fragment Recruiter,11,11,302.198,1.0,0.0
KEAP1,6V6Z,DTD,707,1,154.256,Fragment Recruiter,8,8,278.421,1.0,0.0
KEAP1,7C5E,PGE,804,1,150.174,Fragment Recruiter,10,10,235.972,1.0,0.0
KEAP1,7OFD,VBW,714,1,187.258,Fragment Recruiter,13,13,132.918,1.0,0.0
KEAP1,7YEN,DHC,711,1,190.239,Fragment Recruiter,13,13,236.835,1.0,0.0
KEAP1,8Q1R,IZS,101,1,259.394,Drug-like Recruiter,18,18,410.685,1.0,0.0
MDM2,2AXI,MPO,201,1,211.283,Drug-like Recruiter,13,13,354.265,1.0,0.0
MDM2,2GV2,PM3,5,1,253.279,Drug-like Recruiter,16,16,308.395,1.0,0.0
MDM2,3FE7,PM3,5,1,253.279,Drug-like Recruiter,16,16,306.433,1.0,0.0
MDM2,5XXK,THC,17,1,149.19,Fragment Recruiter,10,10,274.204,1.0,0.0
MDM2,6T2D,M9E,101,1,288.436,Drug-like Recruiter,20,20,403.032,1.0,0.0
MDM2,6T2F,M9H,201,1,288.436,Drug-like Recruiter,20,20,373.895,1.0,0.0
MDM2,7NUS,CCS,14,1,151.231,Fragment Recruiter,9,9,264.235,1.0,0.0
MDM2,9FQL,URL,25,1,104.153,Fragment Recruiter,7,7,198.878,1.0,0.0
MDM2,9GFC,HRG,9,1,176.264,Fragment Recruiter,12,12,288.796,1.0,0.0
MDM2,9GFK,A1I,11,1,217.378,Drug-like Recruiter,14,14,418.468,1.0,0.0
MDM2,9GFK,URL,9,1,146.234,Fragment Recruiter,10,10,260.66,1.0,0.0
MDM2,9GFK,URL,9,1,146.234,Fragment Recruiter,10,10,260.66,1.0,0.0
PARKIN,3FXP,GLO,318,1,92.094,Fragment Recruiter,6,6,106.845,1.0,0.0
PARKIN,5AOG,XYP,4,1,134.131,Fragment Recruiter,9,9,247.568,1.0,0.0
TRIM21,7HLA,A1B,202,1,200.286,Drug-like Recruiter,14,14,232.681,1.0,0.0
TRIM21,7HLA,A1B,202,1,200.286,Drug-like Recruiter,14,14,232.681,1.0,0.0
TRIM21,7HLH,LWD,205,1,266.429,Drug-like Recruiter,19,19,203.127,1.0,0.0
TRIM21,7HLM,GTJ,201,1,241.379,Drug-like Recruiter,17,17,212.671,1.0,0.0
TRIM21,7HLR,LKU,202,1,259.365,Drug-like Recruiter,18,18,264.212,1.0,0.0
TRIM21,7HLS,A1B,202,1,216.325,Drug-like Recruiter,15,15,281.816,1.0,0.0
TRIM21,7HLV,A1B,202,1,233.337,Drug-like Recruiter,15,15,284.868,1.0,0.0
TRIM21,7HLV,A1B,202,1,233.337,Drug-like Recruiter,15,15,284.868,1.0,0.0
TRIM21,7HLY,JFS,202,1,238.375,Drug-like Recruiter,17,17,198.782,1.0,0.0
TRIM21,7HLZ,BP4,202,1,226.36,Drug-like Recruiter,16,16,264.055,1.0,0.0
TRIM21,7HMC,NZ1,202,1,188.296,Fragment Recruiter,12,12,189.14,1.0,0.0
TRIM21,7HMH,A1B,202,1,146.19,Fragment Recruiter,10,10,81.484,1.0,0.0
TRIM21,7HML,X1J,201,1,184.283,Fragment Recruiter,13,13,163.322,1.0,0.0
TRIM21,7HMP,ZQA,202,1,187.312,Fragment Recruiter,12,12,317.865,1.0,0.0
TRIM21,7HMP,ZQA,202,1,187.312,Fragment Recruiter,12,12,317.865,1.0,0.0
TRIM21,7HND,U78,201,1,185.311,Fragment Recruiter,13,13,331.619,1.0,0.0
TRIM21,7HNT,LHR,202,1,185.271,Fragment Recruiter,13,13,196.333,1.0,0.0
TRIM21,7HNV,UUM,202,1,216.285,Drug-like Recruiter,15,15,248.33,1.0,0.0
TRIM21,7HNY,K0G,202,1,227.352,Drug-like Recruiter,16,16,207.374,1.0,0.0
TRIM21,7HO2,NUM,202,1,256.39,Drug-like Recruiter,18,18,283.868,1.0,0.0
VHL,6GMN,F4E,201,1,173.212,Fragment Recruiter,12,12,323.684,1.0,0.0
VHL,6GMX,F7B,201,1,206.738,Drug-like Recruiter,12,12,327.238,1.0,0.0
VHL,6I7R,CSU,60,1,189.258,Fragment Recruiter,10,10,304.62,1.0,0.0
VHL,8BB3,P6G,201,1,282.333,Drug-like Recruiter,19,19,470.044,1.0,0.0
VHL,8ZV8,A1L,201,1,202.25,Drug-like Recruiter,14,14,343.734,1.0,0.0
VHL,8ZVJ,A1L,201,1,246.303,Drug-like Recruiter,17,17,378.228,1.0,0.0
VHL,9IPW,A1L,201,1,216.277,Drug-like Recruiter,15,15,355.491,1.0,0.0
VHL,9OIM,A1C,201,1,216.281,Drug-like Recruiter,15,15,358.271,1.0,0.0
VHL,9OIN,A1C,301,1,225.38,Drug-like Recruiter,16,16,410.386,1.0,0.0
VHL,9OIQ,A1C,301,1,185.271,Fragment Recruiter,13,13,335.487,1.0,0.0
VHL,9RP9,PGE,201,1,150.174,Fragment Recruiter,10,10,202.093,1.0,0.0
XIAP,4EC4,2PE,403,1,414.492,Drug-like Recruiter,28,28,732.21,1.0,0.0
XIAP,4WVT,3V7,6,1,161.205,Fragment Recruiter,11,11,317.127,1.0,0.0
cIAP1,4EC4,2PE,403,1,414.492,Drug-like Recruiter,28,28,732.21,1.0,0.0
cIAP1,4WVS,4LZ,5,1,262.354,Drug-like Recruiter,18,18,358.023,1.0,0.0
cIAP1,4WVT,3V7,6,1,161.205,Fragment Recruiter,11,11,208.856,1.0,0.0
cIAP2,4EC4,2PE,403,1,414.492,Drug-like Recruiter,28,28,732.21,1.0,0.0
