Ligand,Ligase,PDB_ID,MW,Recruiter_Code,new_ligand
A1B,TRIM21,7HMH,146.19,L00514,A00
A1B,TRIM21,7HN3,172.232,L00521,A01
A1B,TRIM21,7HLO,175.232,L00503,A02
A1B,TRIM21,7HMR,184.283,L00516,A03
A1B,TRIM21,7HMT,184.283,L00517,A04
A1B,TRIM21,7HLA,200.286,L00498,A05
A1B,TRIM21,7HLA,200.286,L00499,A06
A1B,TRIM21,7HMI,200.286,L00515,A07
A1B,TRIM21,7HM7,201.266,L00512,A08
A1B,TRIM21,7HM0,201.314,L00510,A09
A1B,TRIM21,7HLG,202.273,L00501,A10
A1B,TRIM21,7HM6,202.273,L00511,A11
A1B,TRIM21,7HLI,209.333,L00502,A12
A1B,TRIM21,7HN1,211.353,L00519,A13
A1B,TRIM21,7HM9,212.337,L00513,A14
A1B,TRIM21,7HO6,214.309,L00533,A15
A1B,TRIM21,7HNH,215.297,L00528,A16
A1B,TRIM21,7HN6,216.281,L00522,A17
A1B,TRIM21,7HLF,216.3,L00500,A18
A1B,TRIM21,7HLS,216.325,L00506,A19
A1B,TRIM21,7HN2,217.338,L00520,A20
A1B,TRIM21,7HNF,218.272,L00527,A21
A1B,TRIM21,7HN8,221.366,L00523,A22
A1B,TRIM21,7HN8,221.366,L00524,A23
A1B,TRIM21,7HNE,222.31,L00526,A24
A1B,TRIM21,7HO1,223.342,L00531,A25
A1B,TRIM21,7HN9,230.377,L00525,A26
A1B,TRIM21,7HLV,233.337,L00507,A27
A1B,TRIM21,7HLV,233.337,L00508,A28
A1B,TRIM21,7HNM,233.337,L00529,A29
A1B,TRIM21,7HNW,235.349,L00530,A30
A1B,TRIM21,7HLW,238.353,L00509,A31
A1B,TRIM21,7HO3,238.353,L00532,A32
A1B,TRIM21,7HLP,258.358,L00504,A33
A1B,TRIM21,7HLP,258.358,L00505,A34
A1B,TRIM21,7HMZ,275.364,L00518,A35
A1B,CRBN,9DWV,304.416,L00491,A36
A1B,CRBN,9DWW,304.416,L00492,A37
A1B,CRBN,9NGT,304.416,L00495,A38
A1B,CRBN,9NFR,315.885,L00494,A39
A1B,CRBN,9DQD,353.511,L00001,A40
A1B,KEAP1,9DU7,361.918,L00497,A41
A1B,TRIM21,9EK5,433.012,L00534,A42
A1B,CRBN,9NFQ,600.871,L00493,A43
A1B,VHL,9MR9,784.17,L00537,A44
A1B,VHL,9DTX,921.352,L00535,A45
A1B,VHL,9DTY,921.352,L00536,A46
A1B,DCAF1,9DLW,1521.744,L00496,A47
A1C,VHL,9OIQ,185.271,L00612,A48
A1C,VHL,9OIM,216.281,L00609,A49
A1C,VHL,9OIN,225.38,L00610,A50
A1C,VHL,9OIO,242.382,L00611,A51
A1C,CRBN,9ODS,353.467,L00602,A52
A1C,CRBN,9ODR,367.49,L00601,A53
A1C,CRBN,9Q22,451.652,L00606,A54
A1C,CRBN,9O91,463.667,L00005,A55
A1C,CRBN,9OHQ,477.694,L00603,A56
A1C,CRBN,9OHR,519.731,L00604,A57
A1C,DCAF1,9PLY,559.57,L00607,A58
A1C,DCAF1,9Y76,642.684,L00608,A59
A1C,CRBN,9Q03,741.467,L00605,A60
A1E,TRIM21,9M3N,445.614,L00678,A61
A1E,KEAP1,9J7F,1355.947,L00676,A62
A1E,KEAP1,9J71,1474.079,L00017,A63
A1E,KEAP1,9J7G,1518.132,L00677,A64
A1H,CRBN,8RDS,286.372,L00588,A65
A1H,CRBN,8RDP,290.791,L00004,A66
A1H,CRBN,8RDR,303.359,L00587,A67
A1H,CRBN,8RDT,346.424,L00589,A68
A1H,KEAP1,9ETY,394.607,L00594,A69
A1H,KEAP1,9ETX,400.01,L00593,A70
A1H,DCAF15,8ROX,432.414,L00591,A71
A1H,DCAF15,8ROY,531.547,L00592,A72
A1H,KEAP1,9F2P,588.852,L00595,A73
A1H,KEAP1,9F2Q,614.89,L00596,A74
A1H,VHL,9F1M,650.01,L00599,A75
A1H,VHL,9F1N,664.037,L00600,A76
A1H,VHL,9EQJ,746.113,L00597,A77
A1H,VHL,9EQM,746.113,L00598,A78
A1H,CRBN,8RQ9,858.702,L00590,A79
A1I,MDM2,9GFK,217.378,L00552,A80
A1I,CRBN,9GJQ,241.335,L00542,A81
A1I,CRBN,9GAO,288.388,L00541,A82
A1I,KEAP1,9HWR,370.534,L00545,A83
A1I,VHL,9GIO,380.555,L00558,A84
A1I,KEAP1,9HWS,383.573,L00546,A85
A1I,CRBN,9H59,424.586,L00544,A86
A1I,CHIP,9QFS,426.455,L00539,A87
A1I,CHIP,9QFY,433.512,L00540,A88
A1I,TRIM21,9QBA,451.714,L00557,A89
A1I,CHIP,9QEU,483.698,L00002,A90
A1I,CHIP,9QF1,492.606,L00538,A91
A1I,KEAP1,9HWU,495.701,L00548,A92
A1I,KEAP1,9HWV,495.701,L00549,A93
A1I,KEAP1,9HWW,509.728,L00550,A94
A1I,TRIM21,9Q9Q,511.752,L00555,A95
A1I,KEAP1,9HWT,523.755,L00547,A96
A1I,KEAP1,9HWX,523.755,L00551,A97
A1I,VHL,9QE5,544.778,L00563,A98
A1I,VHL,9QE4,546.794,L00562,A99
A1I,TRIM21,9Q9O,548.861,L00553,B00
A1I,TRIM21,9Q9P,553.833,L00554,B01
A1I,TRIM21,9Q9R,627.912,L00556,B02
A1I,CRBN,9GY3,700.992,L00543,B03
A1I,VHL,9HYN,1007.211,L00559,B04
A1I,VHL,9HYP,1085.389,L00561,B05
A1I,VHL,9HYO,1207.493,L00560,B06
A1J,CHIP,9R1P,562.795,L00034,B07
A1J,CRBN,9SAF,763.535,L00712,B08
A1L,VHL,8ZV8,202.25,L00628,B09
A1L,VHL,9IPW,216.277,L00630,B10
A1L,VHL,8ZVJ,246.303,L00629,B11
A1L,HUWE1,8Y26,345.436,L00007,B12
A1L,KEAP1,8XGK,481.093,L00623,B13
A1L,KEAP1,8XGV,486.713,L00624,B14
A1L,KEAP1,9UO8,666.004,L00625,B15
A1L,KEAP1,9VD2,703.744,L00626,B16
A1L,VHL,8YMB,1024.582,L00627,B17
A1L,VHL,9L6F,1159.658,L00631,B18
URL,MDM2,9FQL,104.153,L00054,B19
URL,MDM2,9GFK,146.234,L00737,B20
URL,MDM2,9GFK,146.234,L00738,B21
