ligase,pdb_entry
CHIP,4FWN_AQP
CHIP,4FWO_5GP
CHIP,4FWR_C5P
CHIP,6H54_3FD
CHIP,7ODD_VLS
CHIP,8EI0_WHL
CHIP,8F14_DPN
CHIP,8F14_DTR_1
CHIP,8F14_DTR_2
CHIP,8F14_DTR_3
CHIP,8F14_DTY
CHIP,8F14_WHL
CHIP,8F15_DAR
CHIP,8F15_DPN
CHIP,8F15_DTR_1
CHIP,8F15_DTR_2
CHIP,8F15_WHL
CHIP,8F16_DAR
CHIP,8F16_DHI
CHIP,8F16_DTR
CHIP,8F16_DTY_1
CHIP,8F16_DTY_2
CHIP,8F16_DTY_3
CHIP,8F16_WHL
CHIP,8F17_DHI
CHIP,8F17_DTR
CHIP,8F17_DTY
CHIP,8F17_WHL
CHIP,9QEU_A90
CHIP,9QF1_A91
CHIP,9QFS_A87
CHIP,9QFY_A88
CHIP,9R1P_B07
CRBN,4CI1_EF2
CRBN,4CI2_LVY
CRBN,4CI3_Y70
CRBN,4TZ4_LVY
CRBN,4TZC_EF2
CRBN,4TZU_Y70
CRBN,4V2Y_EF2
CRBN,4V2Z_Y70
CRBN,4V30_LVY
CRBN,4V31_DUR
CRBN,4V32_EF2
CRBN,5AMH_EF2
CRBN,5AMI_EF2
CRBN,5AMJ_EF2
CRBN,5FQD_LVY
CRBN,5HXB_85C
CRBN,5V3O_8W7
CRBN,5YIZ_EF2
CRBN,5YJ0_EF2
CRBN,5YJ1_6EL
CRBN,6H0F_Y70
CRBN,6H0G_Y70
CRBN,6R0Q_JNW
CRBN,6R0U_EF2
CRBN,6R0V_JO2
CRBN,6R11_JOB
CRBN,6R12_EF2
CRBN,6R13_EF2
CRBN,6R18_EF2
CRBN,6R19_EF2
CRBN,6R1A_EF2
CRBN,6R1C_EF2
CRBN,6R1D_JP5
CRBN,6R1K_JPB
CRBN,6R1W_EF2
CRBN,6R1X_JPQ
CRBN,6UML_Y70
CRBN,6XK9_V4M
CRBN,7BQU_EF2
CRBN,7BQV_F4U
CRBN,7LPS_RN9
CRBN,7PJK_7SE
CRBN,7PS9_8W7
CRBN,7PSO_835
CRBN,7PSO_EF2
CRBN,7SHH_9FT
CRBN,7U8F_LWK
CRBN,8AOP_MW6
CRBN,8AOQ_N8F
CRBN,8BC7_EF2
CRBN,8D7U_QFC
CRBN,8D7V_QFC
CRBN,8D7W_QFC
CRBN,8D7Z_QFC
CRBN,8D80_8W7
CRBN,8D81_Y70
CRBN,8DEY_LWK
CRBN,8G66_YOT
CRBN,8OIZ_Y70
CRBN,8OJH_VP9
CRBN,8OO5_VUF_1
CRBN,8OO5_VUF_2
CRBN,8OU3_EF2
CRBN,8OU4_W2F
CRBN,8OU5_W1X
CRBN,8OU6_W26
CRBN,8OU7_W1F
CRBN,8OU9_W1B
CRBN,8OUA_W0Z
CRBN,8RDP_A66
CRBN,8RDQ_YQO
CRBN,8RDR_A67
CRBN,8RDS_A65
CRBN,8RDT_A68
CRBN,8RQ8_QFC
CRBN,8RQ9_A79
CRBN,8RQA_LVY
CRBN,8RQC_QFC
CRBN,8TNP_Y70
CRBN,8TNQ_MIQ
CRBN,8TNR_MIQ
CRBN,8TZX_U3I
CRBN,8U15_8W7
CRBN,8U16_Y70
CRBN,8U17_Y70
CRBN,9CUO_A1A
CRBN,9D0W_A1A
CRBN,9D0X_A1A
CRBN,9DJT_A1A
CRBN,9DJX_A1A
CRBN,9DOM_A1A
CRBN,9DQD_A40
CRBN,9DWV_A36
CRBN,9DWW_A37
CRBN,9E2U_RN9
CRBN,9FJX_LVY
CRBN,9GAO_A82
CRBN,9GJQ_A81
CRBN,9GY3_B03
CRBN,9H59_A86
CRBN,9NFQ_A43
CRBN,9NFR_A39
CRBN,9NGT_A38
CRBN,9O91_A55
CRBN,9ODR_A53
CRBN,9ODS_A52
CRBN,9OHQ_A56
CRBN,9OHR_A57
CRBN,9Q03_A60
CRBN,9Q22_A54
CRBN,9Q2D_85C
CRBN,9SAF_B08
CRBN,9Y7D_A1A
DCAF1,7SSE_B1I
DCAF1,7UFV_N6O
DCAF1,8F8E_XJI
DCAF1,8OG5_LQH_1
DCAF1,8OG5_LQH_2
DCAF1,8OG5_LQH_3
DCAF1,8OG6_LQH_1
DCAF1,8OG6_LQH_2
DCAF1,8OG7_VMR
DCAF1,8OG8_VM8_1
DCAF1,8OG8_VM8_2
DCAF1,8OG9_VM3_1
DCAF1,8OG9_VM3_2
DCAF1,8OGA_VLW
DCAF1,8OGB_VN5
DCAF1,8OGC_VMZ_1
DCAF1,8OGC_VMZ_2
DCAF1,8OO5_VUF_1
DCAF1,8OO5_VUF_2
DCAF1,9B9H_A1A
DCAF1,9B9T_A1A
DCAF1,9B9W_A1A
DCAF1,9BHR_A1A
DCAF1,9BHS_A1A
DCAF1,9C1Q_A1A
DCAF1,9D4E_A1A
DCAF1,9DLW_A47
DCAF1,9PLY_A58
DCAF1,9Y76_A59
DCAF15,6PAI_O6M
DCAF15,6Q0R_O6M
DCAF15,6Q0V_P7M
DCAF15,6Q0W_EF6
DCAF15,6SJ7_EF6
DCAF15,6UD7_EF6
DCAF15,6UE5_Q5J
DCAF15,8ROX_A71
DCAF15,8ROY_A72
DCAF16,8G46_YK3
HUWE1,1E90_MYC
HUWE1,1T3N_DOC
HUWE1,1ZET_BRU_1
HUWE1,1ZET_BRU_2
HUWE1,1ZET_BRU_3
HUWE1,1ZET_DOC
HUWE1,2ALZ_DCP
HUWE1,2ALZ_DOC
HUWE1,2DPI_DCP
HUWE1,2DPI_DOC
HUWE1,2DPI_EDA
HUWE1,2DPJ_DOC
HUWE1,2DPJ_EDA
HUWE1,2FLL_DOC
HUWE1,2FLN_DOC
HUWE1,2FLP_DOC
HUWE1,2IOD_MYC_1
HUWE1,2IOD_MYC_2
HUWE1,2KLH_5GP
HUWE1,2KT4_EB4
HUWE1,2O63_MYC
HUWE1,3C1T_MYC_1
HUWE1,3C1T_MYC_2
HUWE1,3G6V_3DR
HUWE1,3G6V_DOC
HUWE1,3G6X_3DR
HUWE1,3G6X_DGT
HUWE1,3G6X_DOC
HUWE1,3G6Y_3DR
HUWE1,3G6Y_DOC
HUWE1,3GQC_DCP
HUWE1,3GV5_ADI
HUWE1,3GV8_DGT
HUWE1,3H40_BRU
HUWE1,3H40_DOC
HUWE1,3H4B_BRU
HUWE1,3H4B_DOC
HUWE1,3H4B_DTP
HUWE1,3H4D_BRU
HUWE1,3H4D_DGT
HUWE1,3H4D_DOC
HUWE1,3HBF_MYC
HUWE1,3HBF_UDP
HUWE1,3OSN_6OG
HUWE1,3OSN_DOC
HUWE1,3Q8P_8OG
HUWE1,3Q8P_DCP
HUWE1,3Q8Q_8OG
HUWE1,3Q8Q_DTP
HUWE1,3Q8R_8OG
HUWE1,3Q8R_DGT
HUWE1,3Q8S_8OG
HUWE1,3WZ7_IXY
HUWE1,3WZ8_IXV
HUWE1,4EBC_0OH
HUWE1,4EBC_DOC
HUWE1,4EBD_0OJ
HUWE1,4EBD_DOC
HUWE1,4EBE_DOC
HUWE1,4EBE_DTP
HUWE1,4EYH_DCP
HUWE1,4EYH_DG8
HUWE1,4EYI_DG8
HUWE1,4EYI_DTP
HUWE1,4FS2_DCP
HUWE1,4FS2_DOC
HUWE1,4FS2_EFG
HUWE1,4GQR_MYC
HUWE1,5EYO_1CC
HUWE1,5HXC_MYC_1
HUWE1,5HXC_MYC_2
HUWE1,5HXC_MYC_3
HUWE1,5HXC_MYC_4
HUWE1,5HXC_MYC_5
HUWE1,5HXC_MYC_6
HUWE1,5HXC_MYC_7
HUWE1,5HXC_MYS_1
HUWE1,5HXC_MYS_2
HUWE1,5HXC_MYS_3
HUWE1,5HXC_OLC_1
HUWE1,5HXC_OLC_2
HUWE1,5HXC_OLC_3
HUWE1,5KT2_0KX
HUWE1,5KT6_0KX
HUWE1,5OG7_FLK
HUWE1,5X5M_7YU
HUWE1,5Y5C_HXA_1
HUWE1,5Y5C_HXA_2
HUWE1,5YUN_MYC
HUWE1,6C8C_EQ7
HUWE1,6M88_MYC
HUWE1,6TTC_MYC
HUWE1,7B3E_MYC
HUWE1,7BKW_U1E
HUWE1,7BKY_U1E
HUWE1,7DPP_MYC
HUWE1,7E49_MYC
HUWE1,7ELW_MYC
HUWE1,7H5L_U1H
HUWE1,7HJY_FA0
HUWE1,7RCU_V7J
HUWE1,8Q13_IK5
HUWE1,8Q14_IJS
HUWE1,9DZ0_DPN_1
HUWE1,9DZ0_DPN_2
HUWE1,9I1S_MPO
HUWE1,9I1S_MYC
KEAP1,3VNG_FUU
KEAP1,3VNH_FUU
KEAP1,4CXT_SXJ
KEAP1,4IFN_12O
KEAP1,4IN4_4ID_1
KEAP1,4IN4_4ID_2
KEAP1,4IQK_IQK
KEAP1,4L7B_1VV
KEAP1,4L7C_1VW
KEAP1,4L7D_1VX
KEAP1,4N1B_2FS
KEAP1,4XMB_41P
KEAP1,4ZY3_K67
KEAP1,5CGJ_51M
KEAP1,5DAD_TX6
KEAP1,5DAF_58E
KEAP1,5FNQ_S0W
KEAP1,5FNR_XMS
KEAP1,5FNS_XYY
KEAP1,5FNT_0PL
KEAP1,5FNU_L6I
KEAP1,5FZJ_75K
KEAP1,5FZN_FB2
KEAP1,5GIT_XXT
KEAP1,6FFM_D8N
KEAP1,6FMQ_DYW
KEAP1,6HWS_GX8
KEAP1,6QMC_J6H
KEAP1,6QMD_J6N_1
KEAP1,6QMD_J6N_2
KEAP1,6QME_J6Q
KEAP1,6QMJ_J6K
KEAP1,6QMK_J8H
KEAP1,6SP1_LQ8
KEAP1,6SP4_LQK
KEAP1,6TYM_08A_1
KEAP1,6TYM_08A_2
KEAP1,6TYP_PKG
KEAP1,6UF0_Q5V
KEAP1,6V6Z_Q5Y
KEAP1,6Z6A_Q9E
KEAP1,6ZEX_QHN
KEAP1,6ZEY_QGZ
KEAP1,6ZEZ_QHH
KEAP1,6ZF0_QHT
KEAP1,6ZF1_QHK
KEAP1,6ZF2_QJ5
KEAP1,6ZF3_QH5
KEAP1,6ZF4_QHW
KEAP1,6ZF5_QH8
KEAP1,6ZF6_QH2
KEAP1,6ZF7_QHQ
KEAP1,6ZF8_QHZ
KEAP1,7OF8_VCQ
KEAP1,7OF9_VBK
KEAP1,7OFA_VBT
KEAP1,7OFB_VCN
KEAP1,7OFC_VCT
KEAP1,7OFE_VBQ
KEAP1,7OFF_VCB
KEAP1,7P58_5UI
KEAP1,7P5E_5VX
KEAP1,7P5F_5QZ
KEAP1,7P5I_5X9
KEAP1,7P5K_5UZ
KEAP1,7P5N_5RQ
KEAP1,7P5P_5RB
KEAP1,7Q5H_92I
KEAP1,7Q6Q_8ZL
KEAP1,7Q6S_91M
KEAP1,7Q8R_9IB
KEAP1,7Q96_9P0
KEAP1,7XM2_GFD_1
KEAP1,7XM2_GFD_2
KEAP1,8A46_L5F
KEAP1,8IVG_SGO
KEAP1,8IVR_SIU
KEAP1,8IXS_T6I
KEAP1,8XGK_B13
KEAP1,8XGV_B14
KEAP1,9DU7_A41
KEAP1,9ETX_A70
KEAP1,9ETY_A69
KEAP1,9F2P_A73
KEAP1,9F2Q_A74
KEAP1,9HWQ_B0A
KEAP1,9HWR_A83
KEAP1,9HWS_A85
KEAP1,9HWT_A96
KEAP1,9HWU_A92
KEAP1,9HWV_A93
KEAP1,9HWW_A94
KEAP1,9HWX_A97
KEAP1,9UO8_B15
KEAP1,9VD2_B16
MDM2,1RV1_IMZ_1
MDM2,1RV1_IMZ_2
MDM2,1T4E_DIZ
MDM2,1TTV_IMY
MDM2,2AXI_6CW
MDM2,2GV2_6CW
MDM2,2LZG_13Q
MDM2,2N06_44Z
MDM2,2N0U_48M
MDM2,2N0W_48L
MDM2,2N14_49H
MDM2,3FEA_6CW
MDM2,3FEA_PM3
MDM2,3IUX_HIA
MDM2,3IWY_DAR
MDM2,3IWY_DPN
MDM2,3IWY_DTR_1
MDM2,3IWY_DTR_2
MDM2,3JZK_YIN
MDM2,3LBJ_WW8_1
MDM2,3LBJ_WW8_2
MDM2,3LBK_K23
MDM2,3LBL_MI6
MDM2,3LNJ_DAR
MDM2,3LNJ_DTR
MDM2,3LNJ_DTY
MDM2,3TJ2_TJ2
MDM2,3TPX_DAR
MDM2,3TPX_DTR
MDM2,3TPX_DTY
MDM2,3TPX_TDF
MDM2,3TU1_07G
MDM2,3U15_03M
MDM2,3VBG_03M
MDM2,3VZV_VZV
MDM2,3W69_LTZ
MDM2,4DIJ_BLF
MDM2,4ERE_0R2
MDM2,4ERF_0R3
MDM2,4HBM_0Y7
MDM2,4HG7_NUT
MDM2,4J3E_NUT
MDM2,4J74_I18_1
MDM2,4J74_I18_2
MDM2,4J7D_I31
MDM2,4J7E_I29
MDM2,4JRG_I09
MDM2,4JSC_1OY
MDM2,4JV7_1MN
MDM2,4JV9_1MO
MDM2,4JVE_1MQ
MDM2,4JVR_1MT
MDM2,4JWR_1MY
MDM2,4LWT_20Q
MDM2,4LWU_20U
MDM2,4LWV_20W
MDM2,4MDN_Y30
MDM2,4MDQ_28W_1
MDM2,4MDQ_28W_2
MDM2,4N5T_0EH
MDM2,4OAS_2SW
MDM2,4OBA_2TW
MDM2,4OCC_2TZ
MDM2,4ODE_2U0
MDM2,4ODF_2U1
MDM2,4OGN_2U5
MDM2,4OGT_2U6
MDM2,4OGV_2U7
MDM2,4OQ3_2V8
MDM2,4QO4_35S
MDM2,4QOC_35T
MDM2,4UMN_0EH
MDM2,4ZFI_4NJ
MDM2,4ZGK_4NX
MDM2,4ZYC_4SS
MDM2,4ZYF_4T4
MDM2,4ZYI_4TH
MDM2,5AFG_LAY
MDM2,5AFG_P07
MDM2,5C5A_NUT
MDM2,5J7F_6GG
MDM2,5J7G_6GG
MDM2,5LAV_6SK
MDM2,5LAW_6SJ
MDM2,5LAY_6SS
MDM2,5LAZ_6ST
MDM2,5LN2_6ZT
MDM2,5OAI_B5K
MDM2,5OC8_9QW
MDM2,5TRF_7HC
MDM2,5VK0_9E7
MDM2,5VK1_9E7
MDM2,5XXK_0EH
MDM2,5XXK_6CW
MDM2,5Z02_NUT
MDM2,5ZXF_NUT
MDM2,6AAW_0EH
MDM2,6AAW_DTR
MDM2,6GGN_EYH
MDM2,6H22_FL5
MDM2,6I3S_H28
MDM2,6KZU_DTY
MDM2,6KZU_E03
MDM2,6KZU_TDF
MDM2,6Q96_HRE
MDM2,6Q9H_HRH
MDM2,6Q9L_HTZ
MDM2,6Q9O_HU8
MDM2,6Q9Q_HUE
MDM2,6Q9Q_O4B
MDM2,6Q9S_O4B_1
MDM2,6Q9S_O4B_2
MDM2,6Q9S_O4B_3
MDM2,6Q9S_O4B_4
MDM2,6Q9U_HRE
MDM2,6Q9U_O4B
MDM2,6Q9W_HRT
MDM2,6Q9W_O4B_1
MDM2,6Q9W_O4B_2
MDM2,6Q9Y_HRQ
MDM2,6V4E_0EH
MDM2,6V4G_0EH
MDM2,6Y4Q_O9E
MDM2,7BIR_TUZ
MDM2,7BIT_TV5
MDM2,7BIV_TUW
MDM2,7BJ0_TVH
MDM2,7BJ6_TVK
MDM2,7BMG_U3Z
MDM2,7C3Q_NUT
MDM2,7C3Q_O4B
MDM2,7C3Y_NUT
MDM2,7C3Y_O4B
MDM2,7C44_NUT
MDM2,7C44_O4B
MDM2,7KJM_D0C
MDM2,7KJM_DAR
MDM2,7KJM_DPN
MDM2,7KJM_DTR
MDM2,7KJM_DTY
MDM2,7KJN_D0C
MDM2,7KJN_DAR
MDM2,7KJN_DPN
MDM2,7KJN_DTR
MDM2,7KJN_DTY
MDM2,7NA1_1GI
MDM2,7NA2_1I0
MDM2,7NA3_1I3
MDM2,7NA4_1I9
MDM2,7NUS_BIF_1
MDM2,7NUS_BIF_2
MDM2,7QDQ_AU0
MDM2,8AEU_M0L
MDM2,8F0Z_DHI
MDM2,8F0Z_DPN_1
MDM2,8F0Z_DPN_2
MDM2,8F0Z_DTR
MDM2,8F0Z_DTY
MDM2,8F0Z_WHL
MDM2,8F10_DHI
MDM2,8F10_DPN
MDM2,8F10_DTR
MDM2,8F10_DTY
MDM2,8F10_WHL
MDM2,8F12_DTR
MDM2,8F12_DTY
MDM2,8F12_WHL
MDM2,8F13_DTR
MDM2,8F13_DTY
MDM2,8F13_WHL
MDM2,8GCG_A1A_1
MDM2,8GCG_A1A_2
MDM2,8GCG_A1A_3
MDM2,8GCG_FX9
MDM2,8GJS_0EH
MDM2,8HDG_NUT
MDM2,8HDG_O4B
MDM2,8IA5_NUT
MDM2,8IA5_O4B
MDM2,8PWC_G7I
MDM2,9GFK_B21_2
PARKIN,1HP0_AD3
PARKIN,1MEX_RAC
PARKIN,1NC9_IMI
PARKIN,1R1C_REP
PARKIN,1YVM_TMG
PARKIN,2EWG_M0N
PARKIN,2FNW_REP
PARKIN,2I19_1BY
PARKIN,2YMV_FNR
PARKIN,3BLD_PRF
PARKIN,3F28_S7B
PARKIN,3F2P_S3B
PARKIN,3FCQ_M3S
PARKIN,3FGD_BYA
PARKIN,3FLF_UB3
PARKIN,3FV4_1U4
PARKIN,3FVP_UB2
PARKIN,3FXP_D38
PARKIN,3FZ0_BTB
PARKIN,3PB5_F63
PARKIN,3PGI_F41
PARKIN,3PI0_F91
PARKIN,3PLL_F06
PARKIN,3PM4_F5N
PARKIN,4C3O_NFU
PARKIN,4FMS_BDP
PARKIN,4FMS_C8E_1
PARKIN,4FMS_C8E_2
PARKIN,4FMS_C8E_3
PARKIN,4FMS_C8E_4
PARKIN,4FOZ_C8E_1
PARKIN,4FOZ_C8E_2
PARKIN,4FOZ_C8E_3
PARKIN,4FOZ_C8E_4
PARKIN,4FOZ_C8E_5
PARKIN,4FOZ_C8E_6
PARKIN,4FOZ_C8E_7
PARKIN,4FOZ_C8E_8
PARKIN,4FOZ_C8E_9
PARKIN,4I71_AGV
PARKIN,4I72_UA2
PARKIN,4I73_MBY
PARKIN,4I74_MBY
PARKIN,5KSZ_GCP
PARKIN,6NEP_PHI
RNF4,2XEU_FRU
SOCS2,7ZLM_JIH
SOCS2,7ZLN_JI9
SOCS2,7ZLO_JI0
SOCS2,7ZLP_JHR
SOCS2,7ZLR_JH9
SOCS2,7ZLS_JH9
TRIM21,7HLA_A06_2
TRIM21,7HLB_S9S
TRIM21,7HLC_UWS
TRIM21,7HLD_U0S
TRIM21,7HLE_UXG
TRIM21,7HLF_A18
TRIM21,7HLG_A10
TRIM21,7HLI_A12
TRIM21,7HLJ_TU6
TRIM21,7HLK_UUP
TRIM21,7HLL_J4Q
TRIM21,7HLN_A1A
TRIM21,7HLO_A02
TRIM21,7HLP_A34_1
TRIM21,7HLP_A34_2
TRIM21,7HLQ_JMM
TRIM21,7HLT_K1G_1
TRIM21,7HLT_K1G_2
TRIM21,7HLU_S0V_1
TRIM21,7HLU_S0V_2
TRIM21,7HLV_A28_2
TRIM21,7HLW_A31
TRIM21,7HLX_UXA
TRIM21,7HM0_A09
TRIM21,7HM1_VWV
TRIM21,7HM2_NZJ
TRIM21,7HM3_K6U
TRIM21,7HM4_VW4
TRIM21,7HM5_Q4L
TRIM21,7HM6_A11
TRIM21,7HM7_A08
TRIM21,7HM8_UVA
TRIM21,7HM9_A14
TRIM21,7HMA_LV4
TRIM21,7HMB_B1J
TRIM21,7HMD_H04
TRIM21,7HME_RXS
TRIM21,7HMF_RZJ_1
TRIM21,7HMF_RZJ_2
TRIM21,7HMG_WKS
TRIM21,7HMI_A07
TRIM21,7HMJ_K1P
TRIM21,7HMK_SFY
TRIM21,7HMM_W0Y
TRIM21,7HMO_O1M
TRIM21,7HMP_ZQA_2
TRIM21,7HMQ_A1A
TRIM21,7HMR_A03
TRIM21,7HMS_T6J
TRIM21,7HMT_A04
TRIM21,7HMU_W1A
TRIM21,7HMV_U2R
TRIM21,7HMW_S7G
TRIM21,7HMX_WJA
TRIM21,7HMY_ZTQ
TRIM21,7HMZ_A35
TRIM21,7HN0_Q49
TRIM21,7HN1_A13
TRIM21,7HN2_A20
TRIM21,7HN3_A01
TRIM21,7HN4_VZY
TRIM21,7HN5_JFM
TRIM21,7HN6_A17
TRIM21,7HN7_K2M
TRIM21,7HN8_A23_1
TRIM21,7HN8_A23_2
TRIM21,7HN9_A26
TRIM21,7HNA_WGM
TRIM21,7HNB_T9Q
TRIM21,7HNC_TV9
TRIM21,7HNE_A24
TRIM21,7HNF_A21
TRIM21,7HNG_O3D
TRIM21,7HNH_A16
TRIM21,7HNI_NUA
TRIM21,7HNJ_A1A
TRIM21,7HNK_WKG
TRIM21,7HNL_RWS
TRIM21,7HNM_A29
TRIM21,7HNN_JGP
TRIM21,7HNO_RV4
TRIM21,7HNP_NUY
TRIM21,7HNQ_GX4
TRIM21,7HNR_NTV
TRIM21,7HNS_LQP
TRIM21,7HNU_GQJ
TRIM21,7HNW_A30
TRIM21,7HNX_WHP
TRIM21,7HO0_A1A
TRIM21,7HO1_A25
TRIM21,7HO3_A32
TRIM21,7HO4_LL0
TRIM21,7HO5_UXD
TRIM21,7HO6_A15
TRIM21,7HO7_JFP
TRIM21,7HO8_O1J
TRIM21,7HO9_A1A
TRIM21,7HOA_WNY
TRIM21,8Y58_PMZ
TRIM21,9EK5_A42
TRIM21,9M3N_A61
TRIM21,9Q9O_B00
TRIM21,9Q9P_B01
TRIM21,9Q9Q_A95
TRIM21,9Q9R_B02
TRIM21,9QBA_A89
VHL,3ZRC_L8B_1
VHL,3ZTC_TR0_1
VHL,3ZTD_ZTD_1
VHL,3ZUN_ZUN_1
VHL,4AWJ_V6F_1
VHL,4B95_UCK_1
VHL,4B9K_TG0_1
VHL,4BKS_X6C_1
VHL,4BKT_QD0_1
VHL,4W9C_3JG_1
VHL,4W9D_3JK_1
VHL,4W9E_3JT_1
VHL,4W9F_3JU_1
VHL,4W9G_3JV_1
VHL,4W9H_3JF_1
VHL,4W9I_3JS_1
VHL,4W9J_3JH_1
VHL,4W9K_3JO_1
VHL,4W9L_3JJ_1
VHL,5LLI_6Z3_1
VHL,5NVV_9BT_1
VHL,5NVW_9BW_1
VHL,5NVX_4YY_1
VHL,5NVY_9B5_1
VHL,5NVZ_9BN_1
VHL,5NW0_9BK_1
VHL,5NW1_9BH_1
VHL,5NW2_9B8_1
VHL,6FMI_DV2_1
VHL,6FMJ_DV5_1
VHL,6FMK_DV8_1
VHL,6GFY_EXH_1
VHL,6GFZ_EXE_1
VHL,6GMR_F4K
VHL,8BDI_QF7_1
VHL,8BDJ_QE0_1
VHL,8BDL_QF3_1
VHL,8BDM_QE9_1
VHL,8BDN_QFR_1
VHL,8BDO_QFF_1
VHL,8CQE_VFO_1
VHL,8CQK_VYQ_1
VHL,8CQL_VH3_1
VHL,8EI3_WHL
VHL,8P0F_WBN_1
VHL,8QCU_REI
VHL,8QCU_VHL_1
VHL,8QJS_VL6_1
VHL,8VL9_A1A
VHL,8VLB_3JF
VHL,8YMB_B17_1
VHL,9BOL_A1A_1
VHL,9D4B_A1A_1
VHL,9EQJ_A77_1
VHL,9EQM_A78
VHL,9F1M_A75_1
VHL,9F1N_A76_1
VHL,9GHX_REI
VHL,9GHX_VHL_1
VHL,9GIO_A84
VHL,9L6F_B18_1
VHL,9MR9_A44_1
VHL,9OIO_A51_1
VHL,9QE4_A99_1
VHL,9QE5_A98_1
XIAP,1TFQ_998
XIAP,1TFT_997
XIAP,2I3I_618
XIAP,2JK7_BI6
XIAP,2OPY_CO9
XIAP,3CLX_X22
XIAP,3CM2_X23
XIAP,3CM7_X22
XIAP,3EYL_SMK
XIAP,3F7H_419
XIAP,3F7I_G13
XIAP,3GT9_516
XIAP,3GTA_851
XIAP,3HL5_9JZ
XIAP,3MUP_SMK
XIAP,3OZ1_BMB
XIAP,3UW4_0DQ
XIAP,3UW4_CHG
XIAP,3UW5_0DQ
XIAP,3UW5_CHG
XIAP,4HY0_1AQ
XIAP,4KJU_1RH
XIAP,4KJV_1RK
XIAP,4WVS_4LZ
XIAP,4WVU_3V8
XIAP,4WVU_HOX
XIAP,5C0K_4WK
XIAP,5C0L_4WJ
XIAP,5C3H_4XE
XIAP,5C3K_4XF
XIAP,5C7A_4YE
XIAP,5C7B_4YD
XIAP,5C7C_4YC
XIAP,5C7D_4YF
XIAP,5C83_4YN
XIAP,5C84_4YL
XIAP,5M6E_7HT
XIAP,5M6F_7HU
XIAP,5M6H_7J6
XIAP,5M6L_7H9
XIAP,5M6M_7H8
XIAP,5M6N_7H9
XIAP,5OQW_A4E
XIAP,6EXW_C3K
XIAP,6EY2_C3T
XIAP,6H6Q_FUK
XIAP,6H6R_FUE
XIAP,7TRM_IUN
XIAP,8GH7_7PE
XIAP,8GH7_CHG
XIAP,8GH7_ZHW
cIAP1,1TFQ_998
cIAP1,1TFT_997
cIAP1,2I3I_618
cIAP1,2JK7_BI6
cIAP1,2OPY_CO9
cIAP1,3CLX_X22
cIAP1,3CM2_X23
cIAP1,3CM7_X22
cIAP1,3EYL_SMK
cIAP1,3F7H_419
cIAP1,3F7I_G13
cIAP1,3GT9_516
cIAP1,3GTA_851
cIAP1,3HL5_9JZ
cIAP1,3MUP_SMK
cIAP1,3OZ1_BMB
cIAP1,3UW4_0DQ
cIAP1,3UW4_CHG
cIAP1,3UW5_0DQ
cIAP1,3UW5_CHG
cIAP1,4HY0_1AQ
cIAP1,4HY4_1BG
cIAP1,4HY5_1AQ
cIAP1,4KJU_1RH
cIAP1,4KJV_1RK
cIAP1,4LGE_1Y0
cIAP1,4LGU_1YH
cIAP1,4MTI_2DX
cIAP1,4MU7_2DY
cIAP1,4WVU_3V8
cIAP1,4WVU_HOX
cIAP1,5C0K_4WK
cIAP1,5C0L_4WJ
cIAP1,5C3H_4XE
cIAP1,5C3K_4XF
cIAP1,5C7A_4YE
cIAP1,5C7B_4YD
cIAP1,5C7C_4YC
cIAP1,5C7D_4YF
cIAP1,5C83_4YN
cIAP1,5C84_4YL
cIAP1,5M6E_7HT
cIAP1,5M6F_7HU
cIAP1,5M6H_7J6
cIAP1,5M6L_7H9
cIAP1,5M6M_7H8
cIAP1,5M6N_7H9
cIAP1,5OQW_A4E
cIAP1,6EXW_C3K
cIAP1,6EY2_C3T
cIAP1,6H6Q_FUK
cIAP1,6H6R_FUE
cIAP1,7TRM_IUN
cIAP1,8GH7_7PE
cIAP1,8GH7_CHG
cIAP1,8GH7_ZHW
cIAP2,2I3I_618
cIAP2,2JK7_BI6
cIAP2,3CLX_X22
cIAP2,3CM2_X23
cIAP2,3CM7_X22
cIAP2,3EYL_SMK
cIAP2,3F7H_419
cIAP2,3F7I_G13
cIAP2,3GT9_516
cIAP2,3GTA_851
cIAP2,3MUP_SMK
cIAP2,3OZ1_BMB
cIAP2,3UW4_0DQ
cIAP2,3UW4_CHG
cIAP2,4HY0_1AQ
cIAP2,4HY4_1BG
cIAP2,4HY5_1AQ
cIAP2,4LGE_1Y0
cIAP2,4LGU_1YH
cIAP2,4MTI_2DX
cIAP2,4MU7_2DY
cIAP2,5M6N_7H9
cIAP2,6EXW_C3K
cIAP2,6EY2_C3T
cIAP2,7TRM_IUN
