MW,LogP,TPSA,HBA,HBD,Rotatable_Bonds,Ring_Count,Aromatic_Rings,Fraction_CSP3,Heavy_Atom_Count,Chiral_Atoms,Formal_Charge,QED,BertzCT,HallKierAlpha,Kappa1,Kappa2,Kappa3,NumSpiroAtoms,NumBridgeheadAtoms,NumAliphaticRings,NumSaturatedRings,NumHeteroAtoms,MolMR,SA_Score,Lipinski_Pass,Veber_Pass,Egan_Pass,Ghose_Pass,Muegge_Pass,RECRUITER_CODE,SMILES,PAINS_Hits,Brenk_Hits
249.26999999999998,0.4877999999999996,95.08000000000001,3,3,5,2,1,0.4166666666666667,18,1,0,0.6616195457883953,445.14250913689125,-2.11,12.34963134845644,5.482865645542789,2.96695563205396,0,0,1,0,6,63.722200000000015,,True,True,True,False,True,L00002,c1c(nc[nH]1)C[C@@H](C(=O)O)NC(=O)C2CC=CC2,None,isolated_alkene
249.26999999999998,0.4877999999999996,95.08000000000001,3,3,5,2,1,0.4166666666666667,18,1,0,0.6616195457883953,445.14250913689125,-2.11,12.34963134845644,5.482865645542789,2.96695563205396,0,0,1,0,6,63.722200000000015,,True,True,True,False,True,L00538,c1c(nc[nH]1)C[C@@H](C(=O)O)NC(=O)C2CC=CC2,None,isolated_alkene
249.26999999999998,0.4877999999999996,95.08000000000001,3,3,5,2,1,0.4166666666666667,18,1,0,0.6616195457883953,445.14250913689125,-2.11,12.34963134845644,5.482865645542789,2.96695563205396,0,0,1,0,6,63.722200000000015,,True,True,True,False,True,L00539,c1c(nc[nH]1)C[C@@H](C(=O)O)NC(=O)C2CC=CC2,None,isolated_alkene
249.26999999999998,0.4877999999999996,95.08000000000001,3,3,5,2,1,0.4166666666666667,18,1,0,0.6616195457883953,445.14250913689125,-2.11,12.34963134845644,5.482865645542789,2.96695563205396,0,0,1,0,6,63.722200000000015,,True,True,True,False,True,L00540,c1c(nc[nH]1)C[C@@H](C(=O)O)NC(=O)C2CC=CC2,None,isolated_alkene
414.49200000000025,-0.8961999999999946,114.30000000000003,10,2,25,0,0,1.0,28,0,0,0.18225983831941764,244.75087218611446,-0.39999999999999997,27.6,26.599999999999998,25.6,0,0,0,0,10,100.72360000000008,,True,False,True,False,True,L00753,C(COCCOCCOCCOCCOCCOCCOCCOCCO)O,None,Aliphatic_long_chain
251.26599999999996,0.5701699999999996,122.85999999999999,5,3,7,1,1,0.36363636363636365,18,1,1,0.37207882036921613,440.10647659111146,-2.24,13.823451776649746,7.157302037404319,4.731534385813149,0,0,0,0,7,63.400900000000014,,True,True,True,False,True,L00759,c1cc(ccc1C[C@@H](C(=O)O)N)OCCN=[N+]=N,azo_A(324),Aliphatic_long_chain; diazo_group; quaternary_nitrogen_3
157.173,-0.8472000000000002,71.17,5,2,4,1,1,0.6666666666666666,11,0,0,0.5970432183316189,211.34724188799422,-0.9400000000000002,8.159403578528828,4.046724751037516,2.284372684431081,0,0,0,0,5,37.6476,,True,True,True,False,False,L00757,c1c(nnn1CCCO)CO,None,None
414.49200000000025,-0.8961999999999946,114.30000000000003,10,2,25,0,0,1.0,28,0,0,0.18225983831941764,244.75087218611446,-0.39999999999999997,27.6,26.599999999999998,25.6,0,0,0,0,10,100.72360000000008,,True,False,True,False,True,L00754,C(COCCOCCOCCOCCOCCOCCOCCOCCO)O,None,Aliphatic_long_chain
258.23299999999995,0.08779999999999993,83.55000000000001,4,1,1,3,1,0.23076923076923078,19,1,0,0.7233587999857974,587.8241612955018,-2.5,11.58254200146092,4.012157586949831,1.6402235447815359,0,0,2,1,6,63.113700000000016,,True,True,True,False,True,L00003,c1ccc2c(c1)C(=O)N(C2=O)[C@H]3CCC(=O)NC3=O,None,phthalimide
258.23299999999995,0.08779999999999993,83.55000000000001,4,1,1,3,1,0.23076923076923078,19,1,0,0.7233587999857974,587.8241612955018,-2.5,11.58254200146092,4.012157586949831,1.6402235447815359,0,0,2,1,6,63.113700000000016,,True,True,True,False,True,L00564,c1ccc2c(c1)C(=O)N(C2=O)[C@H]3CCC(=O)NC3=O,None,phthalimide
258.23299999999995,0.08779999999999993,83.55000000000001,4,1,1,3,1,0.23076923076923078,19,1,0,0.7233587999857974,587.8241612955018,-2.5,11.58254200146092,4.012157586949831,1.6402235447815359,0,0,2,1,6,63.113700000000016,,True,True,True,False,True,L00565,c1ccc2c(c1)C(=O)N(C2=O)[C@H]3CCC(=O)NC3=O,None,phthalimide
258.23299999999995,0.08779999999999993,83.55000000000001,4,1,1,3,1,0.23076923076923078,19,1,0,0.7233587999857974,587.8241612955018,-2.5,11.58254200146092,4.012157586949831,1.6402235447815359,0,0,2,1,6,63.113700000000016,,True,True,True,False,True,L00566,c1ccc2c(c1)C(=O)N(C2=O)[C@H]3CCC(=O)NC3=O,None,phthalimide
258.23299999999995,0.08779999999999993,83.55000000000001,4,1,1,3,1,0.23076923076923078,19,1,0,0.7233587999857974,587.8241612955018,-2.5,11.58254200146092,4.012157586949831,1.6402235447815359,0,0,2,1,6,63.113700000000016,,True,True,True,False,True,L00567,c1ccc2c(c1)C(=O)N(C2=O)[C@H]3CCC(=O)NC3=O,None,phthalimide
258.23299999999995,0.08779999999999993,83.55000000000001,4,1,1,3,1,0.23076923076923078,19,1,0,0.7233587999857974,587.8241612955018,-2.5,11.58254200146092,4.012157586949831,1.6402235447815359,0,0,2,1,6,63.113700000000016,,True,True,True,False,True,L00568,c1ccc2c(c1)C(=O)N(C2=O)[C@H]3CCC(=O)NC3=O,None,phthalimide
258.23299999999995,0.08779999999999993,83.55000000000001,4,1,1,3,1,0.23076923076923078,19,1,0,0.7233587999857974,587.8241612955018,-2.5,11.58254200146092,4.012157586949831,1.6402235447815359,0,0,2,1,6,63.113700000000016,,True,True,True,False,True,L00569,c1ccc2c(c1)C(=O)N(C2=O)[C@H]3CCC(=O)NC3=O,None,phthalimide
258.23299999999995,0.08779999999999993,83.55000000000001,4,1,1,3,1,0.23076923076923078,19,1,0,0.7233587999857974,587.8241612955018,-2.5,11.58254200146092,4.012157586949831,1.6402235447815359,0,0,2,1,6,63.113700000000016,,True,True,True,False,True,L00570,c1ccc2c(c1)C(=O)N(C2=O)[C@H]3CCC(=O)NC3=O,None,phthalimide
258.23299999999995,0.08779999999999993,83.55000000000001,4,1,1,3,1,0.23076923076923078,19,1,0,0.7233587999857974,587.8241612955018,-2.5,11.58254200146092,4.012157586949831,1.6402235447815359,0,0,2,1,6,63.113700000000016,,True,True,True,False,True,L00571,c1ccc2c(c1)C(=O)N(C2=O)[C@H]3CCC(=O)NC3=O,None,phthalimide
275.34799999999996,2.6201,47.56,3,1,4,3,1,0.5625,20,1,0,0.9185493295282856,494.49539394598946,-1.71,13.281269762422207,5.732859086712495,2.738743049573185,0,0,2,2,4,76.24570000000004,,True,True,True,True,True,L00381,COc1ccc(cc1OC2CCCC2)[C@H]3CC(=O)NC3,None,None
258.23299999999995,0.08779999999999993,83.55000000000001,4,1,1,3,1,0.23076923076923078,19,1,0,0.7233587999857974,587.8241612955018,-2.5,11.58254200146092,4.012157586949831,1.6402235447815359,0,0,2,1,6,63.113700000000016,,True,True,True,False,True,L00572,c1ccc2c(c1)C(=O)N(C2=O)[C@H]3CCC(=O)NC3=O,None,phthalimide
258.23299999999995,0.08779999999999993,83.55000000000001,4,1,1,3,1,0.23076923076923078,19,1,0,0.7233587999857974,587.8241612955018,-2.5,11.58254200146092,4.012157586949831,1.6402235447815359,0,0,2,1,6,63.113700000000016,,True,True,True,False,True,L00573,c1ccc2c(c1)C(=O)N(C2=O)[C@H]3CCC(=O)NC3=O,None,phthalimide
258.23299999999995,0.08779999999999993,83.55000000000001,4,1,1,3,1,0.23076923076923078,19,1,0,0.7233587999857974,587.8241612955018,-2.5,11.58254200146092,4.012157586949831,1.6402235447815359,0,0,2,1,6,63.113700000000016,,True,True,True,False,True,L00574,c1ccc2c(c1)C(=O)N(C2=O)[C@H]3CCC(=O)NC3=O,None,phthalimide
307.218,-0.5621,155.70999999999998,6,3,4,2,1,0.16666666666666666,22,1,0,0.3820130667023042,712.671477180318,-3.3000000000000003,15.09578448298075,5.596201067918239,2.7484880048608185,0,0,1,1,10,69.07660000000001,,True,False,False,False,False,L00297,c1cc(c(c(c1)[N+](=O)[O-])C(=O)O)C(=O)N[C@H]2CC(=O)NC2=O,None,nitro_group; Oxygen-nitrogen_single_bond; phthalimide
289.203,-0.3941000000000003,126.69,6,1,2,3,1,0.16666666666666666,21,1,0,0.44832995792135005,740.5083537314476,-3.1,12.909822984268072,4.198552490639832,1.7057428362300586,0,0,2,1,9,65.1511,,True,True,True,True,True,L00298,c1cc2c(c(c1)[N+](=O)[O-])C(=O)N(C2=O)[C@H]3CC(=O)NC3=O,None,nitro_group; Oxygen-nitrogen_single_bond; phthalimide
258.23299999999995,0.08779999999999993,83.55000000000001,4,1,1,3,1,0.23076923076923078,19,1,0,0.7233587999857974,587.8241612955018,-2.5,11.58254200146092,4.012157586949831,1.6402235447815359,0,0,2,1,6,63.113700000000016,,True,True,True,False,True,L00575,c1ccc2c(c1)C(=O)N(C2=O)[C@H]3CCC(=O)NC3=O,None,phthalimide
259.22099999999995,-0.7201,109.57,5,2,1,3,1,0.16666666666666666,19,1,0,0.5106065454905981,652.3746228995453,-2.7,11.39379199140016,3.6444186886277072,1.443507085749031,0,0,2,1,7,62.9091,,True,True,True,False,True,L00294,c1cc2c(c(c1)N)C(=O)N(C2=O)[C@H]3CC(=O)NC3=O,None,aniline; phthalimide
258.23299999999995,0.08779999999999993,83.55000000000001,4,1,1,3,1,0.23076923076923078,19,1,0,0.7233587999857974,587.8241612955018,-2.5,11.58254200146092,4.012157586949831,1.6402235447815359,0,0,2,1,6,63.113700000000016,,True,True,True,False,True,L00576,c1ccc2c(c1)C(=O)N(C2=O)[C@H]3CCC(=O)NC3=O,None,phthalimide
232.23899999999998,-0.2396000000000002,75.27000000000001,3,2,3,2,1,0.25,17,1,0,0.7061822722890712,456.07836242750983,-2.17,11.319407152511545,4.77714057675928,2.9009674576420568,0,0,1,1,5,59.843400000000024,,True,True,True,False,True,L00302,c1ccc(cc1)CC(=O)N[C@H]2CC(=O)NC2=O,None,phthalimide
258.23299999999995,0.08779999999999993,83.55000000000001,4,1,1,3,1,0.23076923076923078,19,1,0,0.7233587999857974,587.8241612955018,-2.5,11.58254200146092,4.012157586949831,1.6402235447815359,0,0,2,1,6,63.113700000000016,,True,True,True,False,True,L00577,c1ccc2c(c1)C(=O)N(C2=O)[C@H]3CCC(=O)NC3=O,None,phthalimide
246.266,0.15049999999999997,75.27000000000001,3,2,4,2,1,0.3076923076923077,18,1,0,0.7425244096023913,470.38451760485765,-2.17,12.29121979644052,5.4421898532431054,3.162526312119113,0,0,1,1,5,64.46040000000004,,True,True,True,False,True,L00299,c1ccc(cc1)CCC(=O)N[C@H]2CC(=O)NC2=O,None,phthalimide
258.23299999999995,0.08779999999999993,83.55000000000001,4,1,1,3,1,0.23076923076923078,19,1,0,0.7233587999857974,587.8241612955018,-2.5,11.58254200146092,4.012157586949831,1.6402235447815359,0,0,2,1,6,63.113700000000016,,True,True,True,False,True,L00578,c1ccc2c(c1)C(=O)N(C2=O)[C@H]3CCC(=O)NC3=O,None,phthalimide
277.28000000000003,-0.21339999999999998,110.51999999999998,5,3,4,2,1,0.3076923076923077,20,1,0,0.6592742442643439,526.9227354999158,-2.4099999999999997,14.008764419260965,6.157409602318461,3.5464818779754936,0,0,1,1,7,69.20880000000001,,True,True,True,True,True,L00301,c1cc(ccc1CN)COC(=O)N[C@H]2CC(=O)NC2=O,None,phthalimide
258.23299999999995,0.08779999999999993,83.55000000000001,4,1,1,3,1,0.23076923076923078,19,1,0,0.7233587999857974,587.8241612955018,-2.5,11.58254200146092,4.012157586949831,1.6402235447815359,0,0,2,1,6,63.113700000000016,,True,True,True,False,True,L00579,c1ccc2c(c1)C(=O)N(C2=O)[C@H]3CCC(=O)NC3=O,None,phthalimide
241.247,-1.1202999999999985,96.53,5,3,3,2,0,0.7,17,2,0,0.5437944738646375,338.4427117278766,-1.6300000000000001,11.84377217961697,5.133193249468592,3.1621022398069294,0,0,2,2,7,57.06310000000002,,True,True,True,False,True,L00300,C1C[C@H](NC1)COC(=O)N[C@H]2CC(=O)NC2=O,None,phthalimide
258.23299999999995,0.08779999999999993,83.55000000000001,4,1,1,3,1,0.23076923076923078,19,1,0,0.7233587999857974,587.8241612955018,-2.5,11.58254200146092,4.012157586949831,1.6402235447815359,0,0,2,1,6,63.113700000000016,,True,True,True,False,True,L00580,c1ccc2c(c1)C(=O)N(C2=O)[C@H]3CCC(=O)NC3=O,None,phthalimide
255.274,-0.7301999999999988,96.53,5,3,3,2,0,0.7272727272727273,18,2,0,0.5777027481617862,352.197487923811,-1.6300000000000001,12.81730673024945,5.811255617204507,3.429019760467292,0,0,2,2,7,61.680100000000024,,True,True,True,False,True,L00305,C1C[C@@H](NC1)COC(=O)N[C@H]2CCC(=O)NC2=O,None,phthalimide
258.23299999999995,0.08779999999999993,83.55000000000001,4,1,1,3,1,0.23076923076923078,19,1,0,0.7233587999857974,587.8241612955018,-2.5,11.58254200146092,4.012157586949831,1.6402235447815359,0,0,2,1,6,63.113700000000016,,True,True,True,False,True,L00581,c1ccc2c(c1)C(=O)N(C2=O)[C@H]3CCC(=O)NC3=O,None,phthalimide
377.35300000000007,-0.19109999999999888,150.9,6,4,8,2,1,0.35294117647058826,27,1,0,0.4583566388057615,745.3988573496748,-3.4300000000000006,19.88897435234839,9.318138617957276,6.765778137220777,0,0,1,1,10,90.03390000000003,,True,False,False,True,False,L00303,c1cc(ccc1CNC(=O)CCC(=O)O)COC(=O)N[C@H]2CC(=O)NC2=O,None,phthalimide
258.23299999999995,0.08779999999999993,83.55000000000001,4,1,1,3,1,0.23076923076923078,19,1,0,0.7233587999857974,587.8241612955018,-2.5,11.58254200146092,4.012157586949831,1.6402235447815359,0,0,2,1,6,63.113700000000016,,True,True,True,False,True,L00582,c1ccc2c(c1)C(=O)N(C2=O)[C@H]3CCC(=O)NC3=O,None,phthalimide
283.328,0.03530000000000044,110.52000000000001,5,3,3,2,0,0.7692307692307693,20,1,0,0.6330934720425775,391.07750711629194,-1.63,14.772348740088205,6.693864511461339,4.192825911009307,0,0,2,2,7,70.58880000000002,,True,True,True,True,True,L00308,C1CC(=O)NC(=O)[C@H]1NC(=O)OCC2CCC(CC2)N,None,phthalimide
258.23299999999995,0.08779999999999993,83.55000000000001,4,1,1,3,1,0.23076923076923078,19,1,0,0.7233587999857974,587.8241612955018,-2.5,11.58254200146092,4.012157586949831,1.6402235447815359,0,0,2,1,6,63.113700000000016,,True,True,True,False,True,L00583,c1ccc2c(c1)C(=O)N(C2=O)[C@H]3CCC(=O)NC3=O,None,phthalimide
258.23299999999995,0.08779999999999993,83.55000000000001,4,1,1,3,1,0.23076923076923078,19,1,0,0.7233587999857974,587.8241612955018,-2.5,11.58254200146092,4.012157586949831,1.6402235447815359,0,0,2,1,6,63.113700000000016,,True,True,True,False,True,L00584,c1ccc2c(c1)C(=O)N(C2=O)[C@H]3CCC(=O)NC3=O,None,phthalimide
258.23299999999995,0.08779999999999993,83.55000000000001,4,1,1,3,1,0.23076923076923078,19,1,0,0.7233587999857974,587.8241612955018,-2.5,11.58254200146092,4.012157586949831,1.6402235447815359,0,0,2,1,6,63.113700000000016,,True,True,True,False,True,L00585,c1ccc2c(c1)C(=O)N(C2=O)[C@H]3CCC(=O)NC3=O,None,phthalimide
258.23299999999995,0.08779999999999993,83.55000000000001,4,1,1,3,1,0.23076923076923078,19,1,0,0.7233587999857974,587.8241612955018,-2.5,11.58254200146092,4.012157586949831,1.6402235447815359,0,0,2,1,6,63.113700000000016,,True,True,True,False,True,L00586,c1ccc2c(c1)C(=O)N(C2=O)[C@H]3CCC(=O)NC3=O,None,phthalimide
265.244,-0.057100000000000095,101.28999999999999,4,3,2,2,1,0.25,19,1,0,0.5148487224075436,559.1506318339563,-2.44,13.002608745284633,5.049061302259741,2.872466567392907,0,0,1,1,7,64.45030000000001,,True,True,True,False,True,L00462,c1cc(c(cc1N)F)C(=O)N[C@H]2CCC(=O)NC2=O,None,aniline; phthalimide
176.94100000000003,-2.0707000000000004,88.38000000000001,6,3,0,2,0,1.0,12,3,-1,0.3680776355782165,208.11512574993117,-0.17506493506493517,8.424400679669558,2.1937076856695237,1.0633478736834563,0,0,2,2,7,36.5134,,True,True,True,False,False,L00001,[B-]1(O[C@@H]2[C@H](CO[C@@]2(O1)C)O)(O)O,None,heavy_metal
176.94100000000003,-2.0707000000000004,88.38000000000001,6,3,0,2,0,1.0,12,3,-1,0.3680776355782165,208.11512574993117,-0.17506493506493517,8.424400679669558,2.1937076856695237,1.0633478736834563,0,0,2,2,7,36.5134,,True,True,True,False,False,L00491,[B-]1(O[C@@H]2[C@H](CO[C@@]2(O1)C)O)(O)O,None,heavy_metal
176.94100000000003,-2.0707000000000004,88.38000000000001,6,3,0,2,0,1.0,12,3,-1,0.3680776355782165,208.11512574993117,-0.17506493506493517,8.424400679669558,2.1937076856695237,1.0633478736834563,0,0,2,2,7,36.5134,,True,True,True,False,False,L00492,[B-]1(O[C@@H]2[C@H](CO[C@@]2(O1)C)O)(O)O,None,heavy_metal
249.26999999999998,0.4877999999999996,95.08000000000001,3,3,5,2,1,0.4166666666666667,18,1,0,0.6616195457883953,445.14250913689125,-2.11,12.34963134845644,5.482865645542789,2.96695563205396,0,0,1,0,6,63.722200000000015,,True,True,True,False,True,L00541,c1c(nc[nH]1)C[C@@H](C(=O)O)NC(=O)C2CC=CC2,None,isolated_alkene
249.26999999999998,0.4877999999999996,95.08000000000001,3,3,5,2,1,0.4166666666666667,18,1,0,0.6616195457883953,445.14250913689125,-2.11,12.34963134845644,5.482865645542789,2.96695563205396,0,0,1,0,6,63.722200000000015,,True,True,True,False,True,L00542,c1c(nc[nH]1)C[C@@H](C(=O)O)NC(=O)C2CC=CC2,None,isolated_alkene
249.26999999999998,0.4877999999999996,95.08000000000001,3,3,5,2,1,0.4166666666666667,18,1,0,0.6616195457883953,445.14250913689125,-2.11,12.34963134845644,5.482865645542789,2.96695563205396,0,0,1,0,6,63.722200000000015,,True,True,True,False,True,L00543,c1c(nc[nH]1)C[C@@H](C(=O)O)NC(=O)C2CC=CC2,None,isolated_alkene
249.26999999999998,0.4877999999999996,95.08000000000001,3,3,5,2,1,0.4166666666666667,18,1,0,0.6616195457883953,445.14250913689125,-2.11,12.34963134845644,5.482865645542789,2.96695563205396,0,0,1,0,6,63.722200000000015,,True,True,True,False,True,L00544,c1c(nc[nH]1)C[C@@H](C(=O)O)NC(=O)C2CC=CC2,None,isolated_alkene
176.94100000000003,-2.0707000000000004,88.38000000000001,6,3,0,2,0,1.0,12,3,-1,0.3680776355782165,208.11512574993117,-0.17506493506493517,8.424400679669558,2.1937076856695237,1.0633478736834563,0,0,2,2,7,36.5134,,True,True,True,False,False,L00493,[B-]1(O[C@@H]2[C@H](CO[C@@]2(O1)C)O)(O)O,None,heavy_metal
176.94100000000003,-2.0707000000000004,88.38000000000001,6,3,0,2,0,1.0,12,3,-1,0.3680776355782165,208.11512574993117,-0.17506493506493517,8.424400679669558,2.1937076856695237,1.0633478736834563,0,0,2,2,7,36.5134,,True,True,True,False,False,L00494,[B-]1(O[C@@H]2[C@H](CO[C@@]2(O1)C)O)(O)O,None,heavy_metal
176.94100000000003,-2.0707000000000004,88.38000000000001,6,3,0,2,0,1.0,12,3,-1,0.3680776355782165,208.11512574993117,-0.17506493506493517,8.424400679669558,2.1937076856695237,1.0633478736834563,0,0,2,2,7,36.5134,,True,True,True,False,False,L00495,[B-]1(O[C@@H]2[C@H](CO[C@@]2(O1)C)O)(O)O,None,heavy_metal
406.9350000000001,4.279520000000003,66.48,3,1,6,3,2,0.35,27,0,0,0.778051818537742,973.1872717435467,-2.0499999999999994,19.704437717066924,7.903825260298775,4.624913151389626,0,0,1,0,7,109.84250000000003,,True,True,True,True,True,L00005,CCCN1c2ccc(cc2CCC1=O)NS(=O)(=O)Cc3ccc(c(c3)Cl)C,None,None
406.9350000000001,4.279520000000003,66.48,3,1,6,3,2,0.35,27,0,0,0.778051818537742,973.1872717435467,-2.0499999999999994,19.704437717066924,7.903825260298775,4.624913151389626,0,0,1,0,7,109.84250000000003,,True,True,True,True,True,L00601,CCCN1c2ccc(cc2CCC1=O)NS(=O)(=O)Cc3ccc(c(c3)Cl)C,None,None
406.9350000000001,4.279520000000003,66.48,3,1,6,3,2,0.35,27,0,0,0.778051818537742,973.1872717435467,-2.0499999999999994,19.704437717066924,7.903825260298775,4.624913151389626,0,0,1,0,7,109.84250000000003,,True,True,True,True,True,L00602,CCCN1c2ccc(cc2CCC1=O)NS(=O)(=O)Cc3ccc(c(c3)Cl)C,None,None
406.9350000000001,4.279520000000003,66.48,3,1,6,3,2,0.35,27,0,0,0.778051818537742,973.1872717435467,-2.0499999999999994,19.704437717066924,7.903825260298775,4.624913151389626,0,0,1,0,7,109.84250000000003,,True,True,True,True,True,L00603,CCCN1c2ccc(cc2CCC1=O)NS(=O)(=O)Cc3ccc(c(c3)Cl)C,None,None
406.9350000000001,4.279520000000003,66.48,3,1,6,3,2,0.35,27,0,0,0.778051818537742,973.1872717435467,-2.0499999999999994,19.704437717066924,7.903825260298775,4.624913151389626,0,0,1,0,7,109.84250000000003,,True,True,True,True,True,L00604,CCCN1c2ccc(cc2CCC1=O)NS(=O)(=O)Cc3ccc(c(c3)Cl)C,None,None
406.9350000000001,4.279520000000003,66.48,3,1,6,3,2,0.35,27,0,0,0.778051818537742,973.1872717435467,-2.0499999999999994,19.704437717066924,7.903825260298775,4.624913151389626,0,0,1,0,7,109.84250000000003,,True,True,True,True,True,L00605,CCCN1c2ccc(cc2CCC1=O)NS(=O)(=O)Cc3ccc(c(c3)Cl)C,None,None
406.9350000000001,4.279520000000003,66.48,3,1,6,3,2,0.35,27,0,0,0.778051818537742,973.1872717435467,-2.0499999999999994,19.704437717066924,7.903825260298775,4.624913151389626,0,0,1,0,7,109.84250000000003,,True,True,True,True,True,L00606,CCCN1c2ccc(cc2CCC1=O)NS(=O)(=O)Cc3ccc(c(c3)Cl)C,None,None
176.94100000000003,-2.0707000000000004,88.38000000000001,6,3,0,2,0,1.0,12,3,-1,0.3680776355782165,208.11512574993117,-0.17506493506493517,8.424400679669558,2.1937076856695237,1.0633478736834563,0,0,2,2,7,36.5134,,True,True,True,False,False,L00496,[B-]1(O[C@@H]2[C@H](CO[C@@]2(O1)C)O)(O)O,None,heavy_metal
406.9350000000001,4.279520000000003,66.48,3,1,6,3,2,0.35,27,0,0,0.778051818537742,973.1872717435467,-2.0499999999999994,19.704437717066924,7.903825260298775,4.624913151389626,0,0,1,0,7,109.84250000000003,,True,True,True,True,True,L00607,CCCN1c2ccc(cc2CCC1=O)NS(=O)(=O)Cc3ccc(c(c3)Cl)C,None,None
406.9350000000001,4.279520000000003,66.48,3,1,6,3,2,0.35,27,0,0,0.778051818537742,973.1872717435467,-2.0499999999999994,19.704437717066924,7.903825260298775,4.624913151389626,0,0,1,0,7,109.84250000000003,,True,True,True,True,True,L00608,CCCN1c2ccc(cc2CCC1=O)NS(=O)(=O)Cc3ccc(c(c3)Cl)C,None,None
328.4960000000001,6.548900000000006,37.3,1,1,14,0,0,0.4090909090909091,24,0,0,0.3670786920502773,462.3615868473694,-2.0899999999999994,21.910000000000004,18.95782400765184,19.91,0,0,0,0,2,105.08580000000008,,True,False,False,False,False,L00264,CC\C=C/C\C=C/C\C=C/C\C=C/C\C=C/C\C=C/CCC(=O)O,None,isolated_alkene
328.4960000000001,6.548900000000006,37.3,1,1,14,0,0,0.4090909090909091,24,0,0,0.3670786920502773,462.3615868473694,-2.0899999999999994,21.910000000000004,18.95782400765184,19.91,0,0,0,0,2,105.08580000000008,,True,False,False,False,False,L00793,CC\C=C/C\C=C/C\C=C/C\C=C/C\C=C/C\C=C/CCC(=O)O,None,isolated_alkene
180.20999999999995,2.7830000000000004,25.78,2,0,0,3,3,0.0,14,0,0,0.49697997034545144,547.2925174892929,-1.96,7.444412301848199,2.7710289600439837,0.9729204896447569,0,0,0,0,2,57.04400000000002,,True,True,True,False,False,L00013,c1cc2ccc3cccnc3c2nc1,None,Polycyclic_aromatic_hydrocarbon_3
180.20999999999995,2.7830000000000004,25.78,2,0,0,3,3,0.0,14,0,0,0.49697997034545144,547.2925174892929,-1.96,7.444412301848199,2.7710289600439837,0.9729204896447569,0,0,0,0,2,57.04400000000002,,True,True,True,False,False,L00663,c1cc2ccc3cccnc3c2nc1,None,Polycyclic_aromatic_hydrocarbon_3
180.20999999999995,2.7830000000000004,25.78,2,0,0,3,3,0.0,14,0,0,0.49697997034545144,547.2925174892929,-1.96,7.444412301848199,2.7710289600439837,0.9729204896447569,0,0,0,0,2,57.04400000000002,,True,True,True,False,False,L00664,c1cc2ccc3cccnc3c2nc1,None,Polycyclic_aromatic_hydrocarbon_3
180.20999999999995,2.7830000000000004,25.78,2,0,0,3,3,0.0,14,0,0,0.49697997034545144,547.2925174892929,-1.96,7.444412301848199,2.7710289600439837,0.9729204896447569,0,0,0,0,2,57.04400000000002,,True,True,True,False,False,L00665,c1cc2ccc3cccnc3c2nc1,None,Polycyclic_aromatic_hydrocarbon_3
180.20999999999995,2.7830000000000004,25.78,2,0,0,3,3,0.0,14,0,0,0.49697997034545144,547.2925174892929,-1.96,7.444412301848199,2.7710289600439837,0.9729204896447569,0,0,0,0,2,57.04400000000002,,True,True,True,False,False,L00666,c1cc2ccc3cccnc3c2nc1,None,Polycyclic_aromatic_hydrocarbon_3
493.5720000000002,2.075549999999999,168.67,5,5,12,2,2,0.3333333333333333,36,1,0,0.10007584628843172,1036.3772890761309,-4.659999999999999,25.953680503251476,15.282515709227102,10.084317463067167,0,0,0,0,12,134.9335,,True,False,False,False,False,L00007,[H]/N=C(\NCCC[C@@H](C(=O)N(Cc1ccccc1)Cc2ccccc2)NC(=O)C[N-][N+]#N)/NC(=O)NC,None,Aliphatic_long_chain; Azo_group; imine_1; imine_2; Oxygen-nitrogen_single_bond
209.267,-0.40349999999999914,66.84,4,1,4,1,0,1.0,13,0,0,0.6378928881466795,232.87709722476774,-0.17000000000000007,10.907942322681215,4.898616330019288,5.197679281804256,0,0,1,1,6,48.29160000000003,,True,True,True,False,True,L00046,C1COCCN1CCCS(=O)(=O)O,None,Sulfonic_acid_2
166.176,1.4093999999999993,57.53,2,2,3,1,1,0.2222222222222222,12,0,0,0.7132847077406798,263.6070662599115,-1.51,8.585328884652048,3.7588733548338538,2.6172633656097566,0,0,0,0,3,44.063600000000015,,True,True,True,False,False,L00256,c1cc(ccc1CCC(=O)O)O,None,None
190.15399999999997,1.4911999999999999,67.51,3,1,1,2,2,0.0,14,0,0,0.7392030946871292,553.2957081415926,-2.1,8.496118021753501,2.990702947845806,1.2647844389606624,0,0,0,0,4,49.44330000000001,,True,True,True,False,False,L00192,c1ccc2c(c1)C(=O)C=C(O2)C(=O)O,None,None
167.197,0.59769,83.38,4,3,0,2,2,0.0,11,0,0,0.5014913838271434,441.3146575841347,-1.43,6.291056810075463,2.0257943511578227,0.8742647691024565,0,0,0,0,6,43.48579999999999,,True,True,True,False,False,L00086,c1c2c([nH]n1)NC(=S)N=C2N,None,Thiocarbonyl_group
152.24,0.10320000000000007,40.46,4,2,0,1,0,1.0,8,2,0,0.48310301263579136,68.43856189774725,0.6199999999999999,6.736009280742459,2.960887569557492,1.548525510944688,0,0,1,1,4,36.92960000000001,,True,True,True,False,False,L00218,C1[C@@H]([C@H](CSS1)O)O,None,disulphide
150.174,-0.9958,58.92,4,2,7,0,0,1.0,10,0,0,0.4571376225737072,49.70950594454669,-0.16,9.839999999999998,8.840000000000002,7.840000000000001,0,0,0,0,4,35.80959999999999,,True,True,True,False,False,L00024,C(COCCOCCO)O,None,Aliphatic_long_chain
177.17799999999997,2.3879200000000007,33.120000000000005,2,1,0,2,2,0.1,13,0,0,0.6697615652021531,467.67655358415965,-1.64,7.9810659712403496,2.6925643983083427,1.3268646791142802,0,0,0,0,3,48.102800000000016,,True,True,True,False,False,L00436,Cc1cc(c2cc(ccc2n1)F)O,None,None
180.159,1.1955999999999996,77.76,3,3,2,1,1,0.0,13,0,0,0.47162133314166776,354.632376249924,-1.9699999999999998,9.120661831368995,3.62041597443835,2.516894309601189,0,0,0,0,4,46.44140000000001,,True,True,True,False,False,L00216,c1cc(c(cc1\C=C\C(=O)O)O)O,catechol_A(92),catechol; Michael_acceptor_1
251.32999999999996,1.6006999999999998,55.32000000000001,5,0,6,1,1,0.6153846153846154,18,0,0,0.7187661566212672,384.9728719441331,-1.65,14.411162079510705,6.934520290244559,3.9797748678267575,0,0,0,0,5,70.69100000000005,,True,True,True,False,True,L00040,CCc1cc(nc(n1)N(C)CC(=O)OCC)CC,None,None
251.32999999999996,1.6006999999999998,55.32000000000001,5,0,6,1,1,0.6153846153846154,18,0,0,0.7187661566212672,384.9728719441331,-1.65,14.411162079510705,6.934520290244559,3.9797748678267575,0,0,0,0,5,70.69100000000005,,True,True,True,False,True,L00718,CCc1cc(nc(n1)N(C)CC(=O)OCC)CC,None,None
493.5720000000002,2.075549999999999,168.67,5,5,12,2,2,0.3333333333333333,36,1,0,0.10007584628843172,1036.3772890761309,-4.659999999999999,25.953680503251476,15.282515709227102,10.084317463067167,0,0,0,0,12,134.9335,,True,False,False,False,False,L00623,[H]/N=C(\NCCC[C@@H](C(=O)N(Cc1ccccc1)Cc2ccccc2)NC(=O)C[N-][N+]#N)/NC(=O)NC,None,Aliphatic_long_chain; Azo_group; imine_1; imine_2; Oxygen-nitrogen_single_bond
493.5720000000002,2.075549999999999,168.67,5,5,12,2,2,0.3333333333333333,36,1,0,0.10007584628843172,1036.3772890761309,-4.659999999999999,25.953680503251476,15.282515709227102,10.084317463067167,0,0,0,0,12,134.9335,,True,False,False,False,False,L00624,[H]/N=C(\NCCC[C@@H](C(=O)N(Cc1ccccc1)Cc2ccccc2)NC(=O)C[N-][N+]#N)/NC(=O)NC,None,Aliphatic_long_chain; Azo_group; imine_1; imine_2; Oxygen-nitrogen_single_bond
176.94100000000003,-2.0707000000000004,88.38000000000001,6,3,0,2,0,1.0,12,3,-1,0.3680776355782165,208.11512574993117,-0.17506493506493517,8.424400679669558,2.1937076856695237,1.0633478736834563,0,0,2,2,7,36.5134,,True,True,True,False,False,L00497,[B-]1(O[C@@H]2[C@H](CO[C@@]2(O1)C)O)(O)O,None,heavy_metal
249.26999999999998,0.4877999999999996,95.08000000000001,3,3,5,2,1,0.4166666666666667,18,1,0,0.6616195457883953,445.14250913689125,-2.11,12.34963134845644,5.482865645542789,2.96695563205396,0,0,1,0,6,63.722200000000015,,True,True,True,False,True,L00545,c1c(nc[nH]1)C[C@@H](C(=O)O)NC(=O)C2CC=CC2,None,isolated_alkene
249.26999999999998,0.4877999999999996,95.08000000000001,3,3,5,2,1,0.4166666666666667,18,1,0,0.6616195457883953,445.14250913689125,-2.11,12.34963134845644,5.482865645542789,2.96695563205396,0,0,1,0,6,63.722200000000015,,True,True,True,False,True,L00546,c1c(nc[nH]1)C[C@@H](C(=O)O)NC(=O)C2CC=CC2,None,isolated_alkene
249.26999999999998,0.4877999999999996,95.08000000000001,3,3,5,2,1,0.4166666666666667,18,1,0,0.6616195457883953,445.14250913689125,-2.11,12.34963134845644,5.482865645542789,2.96695563205396,0,0,1,0,6,63.722200000000015,,True,True,True,False,True,L00547,c1c(nc[nH]1)C[C@@H](C(=O)O)NC(=O)C2CC=CC2,None,isolated_alkene
249.26999999999998,0.4877999999999996,95.08000000000001,3,3,5,2,1,0.4166666666666667,18,1,0,0.6616195457883953,445.14250913689125,-2.11,12.34963134845644,5.482865645542789,2.96695563205396,0,0,1,0,6,63.722200000000015,,True,True,True,False,True,L00548,c1c(nc[nH]1)C[C@@H](C(=O)O)NC(=O)C2CC=CC2,None,isolated_alkene
249.26999999999998,0.4877999999999996,95.08000000000001,3,3,5,2,1,0.4166666666666667,18,1,0,0.6616195457883953,445.14250913689125,-2.11,12.34963134845644,5.482865645542789,2.96695563205396,0,0,1,0,6,63.722200000000015,,True,True,True,False,True,L00549,c1c(nc[nH]1)C[C@@H](C(=O)O)NC(=O)C2CC=CC2,None,isolated_alkene
249.26999999999998,0.4877999999999996,95.08000000000001,3,3,5,2,1,0.4166666666666667,18,1,0,0.6616195457883953,445.14250913689125,-2.11,12.34963134845644,5.482865645542789,2.96695563205396,0,0,1,0,6,63.722200000000015,,True,True,True,False,True,L00550,c1c(nc[nH]1)C[C@@H](C(=O)O)NC(=O)C2CC=CC2,None,isolated_alkene
249.26999999999998,0.4877999999999996,95.08000000000001,3,3,5,2,1,0.4166666666666667,18,1,0,0.6616195457883953,445.14250913689125,-2.11,12.34963134845644,5.482865645542789,2.96695563205396,0,0,1,0,6,63.722200000000015,,True,True,True,False,True,L00551,c1c(nc[nH]1)C[C@@H](C(=O)O)NC(=O)C2CC=CC2,None,isolated_alkene
493.5720000000002,2.075549999999999,168.67,5,5,12,2,2,0.3333333333333333,36,1,0,0.10007584628843172,1036.3772890761309,-4.659999999999999,25.953680503251476,15.282515709227102,10.084317463067167,0,0,0,0,12,134.9335,,True,False,False,False,False,L00625,[H]/N=C(\NCCC[C@@H](C(=O)N(Cc1ccccc1)Cc2ccccc2)NC(=O)C[N-][N+]#N)/NC(=O)NC,None,Aliphatic_long_chain; Azo_group; imine_1; imine_2; Oxygen-nitrogen_single_bond
493.5720000000002,2.075549999999999,168.67,5,5,12,2,2,0.3333333333333333,36,1,0,0.10007584628843172,1036.3772890761309,-4.659999999999999,25.953680503251476,15.282515709227102,10.084317463067167,0,0,0,0,12,134.9335,,True,False,False,False,False,L00626,[H]/N=C(\NCCC[C@@H](C(=O)N(Cc1ccccc1)Cc2ccccc2)NC(=O)C[N-][N+]#N)/NC(=O)NC,None,Aliphatic_long_chain; Azo_group; imine_1; imine_2; Oxygen-nitrogen_single_bond
209.267,-0.40349999999999914,66.84,4,1,4,1,0,1.0,13,0,0,0.6378928881466795,232.87709722476774,-0.17000000000000007,10.907942322681215,4.898616330019288,5.197679281804256,0,0,1,1,6,48.29160000000003,,True,True,True,False,True,L00727,C1COCCN1CCCS(=O)(=O)O,None,Sulfonic_acid_2
259.1979999999999,0.3186999999999998,120.85,3,4,5,1,1,0.3,17,1,0,0.5648750878050898,438.51440875026884,-1.2000000000000002,13.86329113924051,5.421883656509696,5.102331453581349,0,0,0,0,7,61.50530000000002,,True,True,True,False,True,L00025,c1cc(ccc1C[C@@H](C(=O)O)N)CP(=O)(O)O,None,phosphor
259.1979999999999,0.3186999999999998,120.85,3,4,5,1,1,0.3,17,1,0,0.5648750878050898,438.51440875026884,-1.2000000000000002,13.86329113924051,5.421883656509696,5.102331453581349,0,0,0,0,7,61.50530000000002,,True,True,True,False,True,L00697,c1cc(ccc1C[C@@H](C(=O)O)N)CP(=O)(O)O,None,phosphor
259.1979999999999,0.3186999999999998,120.85,3,4,5,1,1,0.3,17,1,0,0.5648750878050898,438.51440875026884,-1.2000000000000002,13.86329113924051,5.421883656509696,5.102331453581349,0,0,0,0,7,61.50530000000002,,True,True,True,False,True,L00698,c1cc(ccc1C[C@@H](C(=O)O)N)CP(=O)(O)O,None,phosphor
161.15699999999998,-1.0434999999999999,86.63000000000001,3,3,3,0,0,0.6666666666666666,11,2,0,0.4929354541842652,165.9652183115396,-1.1,9.900000000000002,3.9223854247581387,3.5664422186684623,0,0,0,0,5,36.9213,,True,True,True,False,False,L00400,C[C@H]([C@@H](C(=O)O)NC(=O)C)O,None,None
278.356,-0.642199999999999,82.26,4,4,8,1,1,0.42857142857142855,20,0,0,0.5096081327911819,390.30497326010345,-1.9200000000000002,16.135309734513275,9.058615311909263,6.306316486572994,0,0,0,0,6,77.98880000000004,,True,True,True,False,True,L00332,CNCC(=O)NCc1ccc(cc1)CNC(=O)CNC,None,None
278.356,-0.642199999999999,82.26,4,4,8,1,1,0.42857142857142855,20,0,0,0.5096081327911819,411.30497326010345,-1.9200000000000002,16.135309734513275,9.058615311909263,6.306316486572994,0,0,0,0,6,77.98880000000004,,True,True,True,False,True,L00333,CNCC(=O)NCc1cccc(c1)CNC(=O)CNC,None,None
179.19699999999997,-0.7838999999999996,100.61999999999999,4,3,5,0,0,0.6,11,1,0,0.5113260743866854,160.56140738249667,-0.75,10.25,4.974444444444444,5.6824324324324325,0,0,0,0,6,40.571999999999996,,True,True,True,False,False,L00208,C([C@@H](C(=O)O)N)SCC(=O)O,None,None
160.21699999999998,0.6274000000000001,75.35,2,3,4,0,0,0.8571428571428571,11,1,0,0.5641918730869233,125.6089812188626,-0.77,10.23,4.957261842365056,7.12325719111392,0,0,0,0,4,43.4579,,True,True,True,False,False,L00054,CC(C)C[C@@H](CNC(=O)O)N,None,None
188.231,-0.9483299999999992,125.22,3,5,6,0,0,0.7142857142857143,13,1,0,0.20865183996466422,183.33135567692545,-1.3,11.7,6.2419430838861665,7.073831775700934,0,0,0,0,6,49.379000000000005,,True,True,True,False,False,L00257,C(CCNC(=N)N)C[C@@H](C(=O)O)N,None,Aliphatic_long_chain; imine_1; imine_2
249.26999999999998,0.4877999999999996,95.08000000000001,3,3,5,2,1,0.4166666666666667,18,1,0,0.6616195457883953,445.14250913689125,-2.11,12.34963134845644,5.482865645542789,2.96695563205396,0,0,1,0,6,63.722200000000015,,True,True,True,False,True,L00552,c1c(nc[nH]1)C[C@@H](C(=O)O)NC(=O)C2CC=CC2,None,isolated_alkene
160.21699999999998,0.6274000000000001,75.35,2,3,4,0,0,0.8571428571428571,11,1,0,0.5641918730869233,125.6089812188626,-0.77,10.23,4.957261842365056,7.12325719111392,0,0,0,0,4,43.4579,,True,True,True,False,False,L00737,CC(C)C[C@@H](CNC(=O)O)N,None,None
160.21699999999998,0.6274000000000001,75.35,2,3,4,0,0,0.8571428571428571,11,1,0,0.5641918730869233,125.6089812188626,-0.77,10.23,4.957261842365056,7.12325719111392,0,0,0,0,4,43.4579,,True,True,True,False,False,L00738,CC(C)C[C@@H](CNC(=O)O)N,None,None
150.174,-0.9958,58.92,4,2,7,0,0,1.0,10,0,0,0.4571376225737072,49.70950594454669,-0.16,9.839999999999998,8.840000000000002,7.840000000000001,0,0,0,0,4,35.80959999999999,,True,True,True,False,False,L00694,C(COCCOCCO)O,None,Aliphatic_long_chain
150.174,-0.9958,58.92,4,2,7,0,0,1.0,10,0,0,0.4571376225737072,49.70950594454669,-0.16,9.839999999999998,8.840000000000002,7.840000000000001,0,0,0,0,4,35.80959999999999,,True,True,True,False,False,L00695,C(COCCOCCO)O,None,Aliphatic_long_chain
180.156,-3.3787999999999987,118.22000000000001,6,5,5,0,0,0.8333333333333334,12,4,0,0.28163781073046734,138.0,-0.5299999999999999,11.47,5.175013037303056,2.8388089924448727,0,0,0,0,6,37.17699999999999,,True,True,True,False,False,L00248,C([C@H]([C@H]([C@@H]([C@H](C=O)O)O)O)O)O,None,aldehyde
150.13,-2.5823,90.15,5,4,0,1,0,1.0,10,4,0,0.3042503204978373,102.6059378176129,-0.2,7.90204081632653,2.811342155009452,1.2778911564625854,0,0,1,1,5,29.979199999999988,,True,True,True,False,False,L00480,C1[C@H]([C@@H]([C@H]([C@@H](O1)O)O)O)O,None,None
176.94100000000003,-2.0707000000000004,88.38000000000001,6,3,0,2,0,1.0,12,3,-1,0.3680776355782165,208.11512574993117,-0.17506493506493517,8.424400679669558,2.1937076856695237,1.0633478736834563,0,0,2,2,7,36.5134,,True,True,True,False,False,L00498,[B-]1(O[C@@H]2[C@H](CO[C@@]2(O1)C)O)(O)O,None,heavy_metal
176.94100000000003,-2.0707000000000004,88.38000000000001,6,3,0,2,0,1.0,12,3,-1,0.3680776355782165,208.11512574993117,-0.17506493506493517,8.424400679669558,2.1937076856695237,1.0633478736834563,0,0,2,2,7,36.5134,,True,True,True,False,False,L00499,[B-]1(O[C@@H]2[C@H](CO[C@@]2(O1)C)O)(O)O,None,heavy_metal
176.94100000000003,-2.0707000000000004,88.38000000000001,6,3,0,2,0,1.0,12,3,-1,0.3680776355782165,208.11512574993117,-0.17506493506493517,8.424400679669558,2.1937076856695237,1.0633478736834563,0,0,2,2,7,36.5134,,True,True,True,False,False,L00500,[B-]1(O[C@@H]2[C@H](CO[C@@]2(O1)C)O)(O)O,None,heavy_metal
176.94100000000003,-2.0707000000000004,88.38000000000001,6,3,0,2,0,1.0,12,3,-1,0.3680776355782165,208.11512574993117,-0.17506493506493517,8.424400679669558,2.1937076856695237,1.0633478736834563,0,0,2,2,7,36.5134,,True,True,True,False,False,L00501,[B-]1(O[C@@H]2[C@H](CO[C@@]2(O1)C)O)(O)O,None,heavy_metal
248.285,3.4871000000000025,41.99,2,1,2,3,3,0.0,19,0,0,0.7539156450838603,722.9102718356872,-2.6799999999999993,11.412656509219886,4.9002405356772964,2.44825826609155,0,0,0,0,3,76.13820000000004,,True,True,True,False,True,L00328,c1ccc(cc1)C(=O)Nc2ccc3c(c2)cccn3,None,None
176.94100000000003,-2.0707000000000004,88.38000000000001,6,3,0,2,0,1.0,12,3,-1,0.3680776355782165,208.11512574993117,-0.17506493506493517,8.424400679669558,2.1937076856695237,1.0633478736834563,0,0,2,2,7,36.5134,,True,True,True,False,False,L00502,[B-]1(O[C@@H]2[C@H](CO[C@@]2(O1)C)O)(O)O,None,heavy_metal
231.29899999999995,2.7948000000000004,46.92,3,1,4,2,2,0.38461538461538464,17,0,0,0.8790810815626936,530.4441385123297,-1.84,11.639732379178513,4.993850304317793,2.301800758465901,0,0,0,0,4,68.94470000000003,,True,True,True,False,True,L00250,CCCn1c2ccccc2nc1NC(=O)CC,None,None
176.94100000000003,-2.0707000000000004,88.38000000000001,6,3,0,2,0,1.0,12,3,-1,0.3680776355782165,208.11512574993117,-0.17506493506493517,8.424400679669558,2.1937076856695237,1.0633478736834563,0,0,2,2,7,36.5134,,True,True,True,False,False,L00503,[B-]1(O[C@@H]2[C@H](CO[C@@]2(O1)C)O)(O)O,None,heavy_metal
176.94100000000003,-2.0707000000000004,88.38000000000001,6,3,0,2,0,1.0,12,3,-1,0.3680776355782165,208.11512574993117,-0.17506493506493517,8.424400679669558,2.1937076856695237,1.0633478736834563,0,0,2,2,7,36.5134,,True,True,True,False,False,L00504,[B-]1(O[C@@H]2[C@H](CO[C@@]2(O1)C)O)(O)O,None,heavy_metal
176.94100000000003,-2.0707000000000004,88.38000000000001,6,3,0,2,0,1.0,12,3,-1,0.3680776355782165,208.11512574993117,-0.17506493506493517,8.424400679669558,2.1937076856695237,1.0633478736834563,0,0,2,2,7,36.5134,,True,True,True,False,False,L00505,[B-]1(O[C@@H]2[C@H](CO[C@@]2(O1)C)O)(O)O,None,heavy_metal
245.253,3.0920200000000007,49.33,2,2,2,2,2,0.07142857142857142,18,0,0,0.8537028153163022,596.0979048590729,-2.3599999999999994,12.106323039940829,4.873880457282246,2.6568221965606567,0,0,0,0,4,67.19700000000002,,True,True,True,False,True,L00321,Cc1ccc(cc1O)NC(=O)c2cccc(c2)F,None,None
176.94100000000003,-2.0707000000000004,88.38000000000001,6,3,0,2,0,1.0,12,3,-1,0.3680776355782165,208.11512574993117,-0.17506493506493517,8.424400679669558,2.1937076856695237,1.0633478736834563,0,0,2,2,7,36.5134,,True,True,True,False,False,L00506,[B-]1(O[C@@H]2[C@H](CO[C@@]2(O1)C)O)(O)O,None,heavy_metal
176.94100000000003,-2.0707000000000004,88.38000000000001,6,3,0,2,0,1.0,12,3,-1,0.3680776355782165,208.11512574993117,-0.17506493506493517,8.424400679669558,2.1937076856695237,1.0633478736834563,0,0,2,2,7,36.5134,,True,True,True,False,False,L00507,[B-]1(O[C@@H]2[C@H](CO[C@@]2(O1)C)O)(O)O,None,heavy_metal
176.94100000000003,-2.0707000000000004,88.38000000000001,6,3,0,2,0,1.0,12,3,-1,0.3680776355782165,208.11512574993117,-0.17506493506493517,8.424400679669558,2.1937076856695237,1.0633478736834563,0,0,2,2,7,36.5134,,True,True,True,False,False,L00508,[B-]1(O[C@@H]2[C@H](CO[C@@]2(O1)C)O)(O)O,None,heavy_metal
176.94100000000003,-2.0707000000000004,88.38000000000001,6,3,0,2,0,1.0,12,3,-1,0.3680776355782165,208.11512574993117,-0.17506493506493517,8.424400679669558,2.1937076856695237,1.0633478736834563,0,0,2,2,7,36.5134,,True,True,True,False,False,L00509,[B-]1(O[C@@H]2[C@H](CO[C@@]2(O1)C)O)(O)O,None,heavy_metal
224.263,2.5178000000000007,38.05,3,1,2,3,3,0.07142857142857142,17,0,0,0.7259517589626054,640.6359092913607,-2.1299999999999994,10.051565927106024,4.032076068720933,1.7035210550351918,0,0,0,0,3,66.99280000000002,,True,True,True,False,True,L00285,c1ccc2c(c1)ncn2c3ccc(cc3)CO,None,None
212.24799999999996,2.9807000000000006,37.3,1,1,3,2,2,0.07142857142857142,16,0,0,0.8487600767385665,471.84834508395556,-2.0899999999999994,10.42855960264156,4.619630554976046,2.4797169488047768,0,0,0,0,2,63.217800000000025,,True,True,True,False,True,L00203,c1ccc(cc1)c2ccc(cc2)CC(=O)O,None,None
176.94100000000003,-2.0707000000000004,88.38000000000001,6,3,0,2,0,1.0,12,3,-1,0.3680776355782165,208.11512574993117,-0.17506493506493517,8.424400679669558,2.1937076856695237,1.0633478736834563,0,0,2,2,7,36.5134,,True,True,True,False,False,L00510,[B-]1(O[C@@H]2[C@H](CO[C@@]2(O1)C)O)(O)O,None,heavy_metal
176.94100000000003,-2.0707000000000004,88.38000000000001,6,3,0,2,0,1.0,12,3,-1,0.3680776355782165,208.11512574993117,-0.17506493506493517,8.424400679669558,2.1937076856695237,1.0633478736834563,0,0,2,2,7,36.5134,,True,True,True,False,False,L00511,[B-]1(O[C@@H]2[C@H](CO[C@@]2(O1)C)O)(O)O,None,heavy_metal
176.94100000000003,-2.0707000000000004,88.38000000000001,6,3,0,2,0,1.0,12,3,-1,0.3680776355782165,208.11512574993117,-0.17506493506493517,8.424400679669558,2.1937076856695237,1.0633478736834563,0,0,2,2,7,36.5134,,True,True,True,False,False,L00512,[B-]1(O[C@@H]2[C@H](CO[C@@]2(O1)C)O)(O)O,None,heavy_metal
176.94100000000003,-2.0707000000000004,88.38000000000001,6,3,0,2,0,1.0,12,3,-1,0.3680776355782165,208.11512574993117,-0.17506493506493517,8.424400679669558,2.1937076856695237,1.0633478736834563,0,0,2,2,7,36.5134,,True,True,True,False,False,L00513,[B-]1(O[C@@H]2[C@H](CO[C@@]2(O1)C)O)(O)O,None,heavy_metal
180.232,1.8871,48.14,4,1,1,2,2,0.125,12,0,0,0.7285742310609613,410.3501069254241,-1.29,7.364006115628107,2.6381691659136877,1.0985182192041532,0,0,0,0,4,50.58440000000001,,True,True,True,False,False,L00343,COc1ccc2c(c1)nc(s2)N,None,None
176.94100000000003,-2.0707000000000004,88.38000000000001,6,3,0,2,0,1.0,12,3,-1,0.3680776355782165,208.11512574993117,-0.17506493506493517,8.424400679669558,2.1937076856695237,1.0633478736834563,0,0,2,2,7,36.5134,,True,True,True,False,False,L00514,[B-]1(O[C@@H]2[C@H](CO[C@@]2(O1)C)O)(O)O,None,heavy_metal
176.94100000000003,-2.0707000000000004,88.38000000000001,6,3,0,2,0,1.0,12,3,-1,0.3680776355782165,208.11512574993117,-0.17506493506493517,8.424400679669558,2.1937076856695237,1.0633478736834563,0,0,2,2,7,36.5134,,True,True,True,False,False,L00515,[B-]1(O[C@@H]2[C@H](CO[C@@]2(O1)C)O)(O)O,None,heavy_metal
176.21899999999997,1.1309000000000002,46.33,2,1,0,2,1,0.3,13,0,0,0.6021974756464646,359.9424203140312,-1.51,8.104871400723463,2.763338518387002,1.370328957133467,0,0,1,0,3,50.78240000000002,,True,True,True,False,False,L00474,CC(=O)N1Cc2ccc(cc2C1)N,None,aniline
179.24800000000002,2.0955999999999997,41.57,3,1,2,2,2,0.25,12,0,0,0.7665921553337158,350.0264871159264,-1.1600000000000001,7.48714207450694,3.064709213345577,1.2510911763513988,0,0,0,0,4,49.07370000000002,,True,True,True,False,False,L00487,CCc1csc(n1)c2cnc[nH]2,None,None
179.24800000000002,2.0955999999999997,41.57,3,1,2,2,2,0.25,12,0,0,0.7665921553337158,350.0264871159264,-1.1600000000000001,7.48714207450694,3.064709213345577,1.2510911763513988,0,0,0,0,4,49.07370000000002,,True,True,True,False,False,L00808,CCc1csc(n1)c2cnc[nH]2,None,None
176.94100000000003,-2.0707000000000004,88.38000000000001,6,3,0,2,0,1.0,12,3,-1,0.3680776355782165,208.11512574993117,-0.17506493506493517,8.424400679669558,2.1937076856695237,1.0633478736834563,0,0,2,2,7,36.5134,,True,True,True,False,False,L00516,[B-]1(O[C@@H]2[C@H](CO[C@@]2(O1)C)O)(O)O,None,heavy_metal
176.94100000000003,-2.0707000000000004,88.38000000000001,6,3,0,2,0,1.0,12,3,-1,0.3680776355782165,208.11512574993117,-0.17506493506493517,8.424400679669558,2.1937076856695237,1.0633478736834563,0,0,2,2,7,36.5134,,True,True,True,False,False,L00517,[B-]1(O[C@@H]2[C@H](CO[C@@]2(O1)C)O)(O)O,None,heavy_metal
176.94100000000003,-2.0707000000000004,88.38000000000001,6,3,0,2,0,1.0,12,3,-1,0.3680776355782165,208.11512574993117,-0.17506493506493517,8.424400679669558,2.1937076856695237,1.0633478736834563,0,0,2,2,7,36.5134,,True,True,True,False,False,L00518,[B-]1(O[C@@H]2[C@H](CO[C@@]2(O1)C)O)(O)O,None,heavy_metal
176.94100000000003,-2.0707000000000004,88.38000000000001,6,3,0,2,0,1.0,12,3,-1,0.3680776355782165,208.11512574993117,-0.17506493506493517,8.424400679669558,2.1937076856695237,1.0633478736834563,0,0,2,2,7,36.5134,,True,True,True,False,False,L00519,[B-]1(O[C@@H]2[C@H](CO[C@@]2(O1)C)O)(O)O,None,heavy_metal
176.94100000000003,-2.0707000000000004,88.38000000000001,6,3,0,2,0,1.0,12,3,-1,0.3680776355782165,208.11512574993117,-0.17506493506493517,8.424400679669558,2.1937076856695237,1.0633478736834563,0,0,2,2,7,36.5134,,True,True,True,False,False,L00520,[B-]1(O[C@@H]2[C@H](CO[C@@]2(O1)C)O)(O)O,None,heavy_metal
176.94100000000003,-2.0707000000000004,88.38000000000001,6,3,0,2,0,1.0,12,3,-1,0.3680776355782165,208.11512574993117,-0.17506493506493517,8.424400679669558,2.1937076856695237,1.0633478736834563,0,0,2,2,7,36.5134,,True,True,True,False,False,L00521,[B-]1(O[C@@H]2[C@H](CO[C@@]2(O1)C)O)(O)O,None,heavy_metal
176.94100000000003,-2.0707000000000004,88.38000000000001,6,3,0,2,0,1.0,12,3,-1,0.3680776355782165,208.11512574993117,-0.17506493506493517,8.424400679669558,2.1937076856695237,1.0633478736834563,0,0,2,2,7,36.5134,,True,True,True,False,False,L00522,[B-]1(O[C@@H]2[C@H](CO[C@@]2(O1)C)O)(O)O,None,heavy_metal
176.94100000000003,-2.0707000000000004,88.38000000000001,6,3,0,2,0,1.0,12,3,-1,0.3680776355782165,208.11512574993117,-0.17506493506493517,8.424400679669558,2.1937076856695237,1.0633478736834563,0,0,2,2,7,36.5134,,True,True,True,False,False,L00523,[B-]1(O[C@@H]2[C@H](CO[C@@]2(O1)C)O)(O)O,None,heavy_metal
176.94100000000003,-2.0707000000000004,88.38000000000001,6,3,0,2,0,1.0,12,3,-1,0.3680776355782165,208.11512574993117,-0.17506493506493517,8.424400679669558,2.1937076856695237,1.0633478736834563,0,0,2,2,7,36.5134,,True,True,True,False,False,L00524,[B-]1(O[C@@H]2[C@H](CO[C@@]2(O1)C)O)(O)O,None,heavy_metal
176.94100000000003,-2.0707000000000004,88.38000000000001,6,3,0,2,0,1.0,12,3,-1,0.3680776355782165,208.11512574993117,-0.17506493506493517,8.424400679669558,2.1937076856695237,1.0633478736834563,0,0,2,2,7,36.5134,,True,True,True,False,False,L00525,[B-]1(O[C@@H]2[C@H](CO[C@@]2(O1)C)O)(O)O,None,heavy_metal
177.24699999999999,1.6736199999999999,29.1,1,1,3,1,1,0.36363636363636365,13,0,0,0.747311246458708,293.8966824587665,-1.3099999999999998,9.775543199315653,4.651378356698753,3.2792261677717693,0,0,0,0,2,53.566700000000026,,True,True,True,False,False,L00417,Cc1ccccc1CCNC(=O)C,None,None
176.94100000000003,-2.0707000000000004,88.38000000000001,6,3,0,2,0,1.0,12,3,-1,0.3680776355782165,208.11512574993117,-0.17506493506493517,8.424400679669558,2.1937076856695237,1.0633478736834563,0,0,2,2,7,36.5134,,True,True,True,False,False,L00526,[B-]1(O[C@@H]2[C@H](CO[C@@]2(O1)C)O)(O)O,None,heavy_metal
176.94100000000003,-2.0707000000000004,88.38000000000001,6,3,0,2,0,1.0,12,3,-1,0.3680776355782165,208.11512574993117,-0.17506493506493517,8.424400679669558,2.1937076856695237,1.0633478736834563,0,0,2,2,7,36.5134,,True,True,True,False,False,L00527,[B-]1(O[C@@H]2[C@H](CO[C@@]2(O1)C)O)(O)O,None,heavy_metal
176.94100000000003,-2.0707000000000004,88.38000000000001,6,3,0,2,0,1.0,12,3,-1,0.3680776355782165,208.11512574993117,-0.17506493506493517,8.424400679669558,2.1937076856695237,1.0633478736834563,0,0,2,2,7,36.5134,,True,True,True,False,False,L00528,[B-]1(O[C@@H]2[C@H](CO[C@@]2(O1)C)O)(O)O,None,heavy_metal
176.94100000000003,-2.0707000000000004,88.38000000000001,6,3,0,2,0,1.0,12,3,-1,0.3680776355782165,208.11512574993117,-0.17506493506493517,8.424400679669558,2.1937076856695237,1.0633478736834563,0,0,2,2,7,36.5134,,True,True,True,False,False,L00529,[B-]1(O[C@@H]2[C@H](CO[C@@]2(O1)C)O)(O)O,None,heavy_metal
175.19099999999997,1.5212999999999997,57.78,2,2,1,2,2,0.1111111111111111,13,0,0,0.6899345111749862,446.8114695530149,-1.8399999999999999,7.790843144044321,2.895010133611532,1.5109242748560792,0,0,0,0,4,50.39740000000001,,True,True,True,False,False,L00320,CC(=O)Nc1ccc2cn[nH]c2c1,None,None
206.205,0.9688199999999998,72.95000000000002,5,1,2,2,2,0.2222222222222222,15,0,0,0.7940644585556811,485.77361478336684,-2.11,9.445221241048015,3.5642490939988947,2.037708881277223,0,0,0,0,6,52.40120000000002,,True,True,True,False,True,L00423,Cc1cc(no1)C(=O)Nc2cnn(c2)C,None,None
176.94100000000003,-2.0707000000000004,88.38000000000001,6,3,0,2,0,1.0,12,3,-1,0.3680776355782165,208.11512574993117,-0.17506493506493517,8.424400679669558,2.1937076856695237,1.0633478736834563,0,0,2,2,7,36.5134,,True,True,True,False,False,L00530,[B-]1(O[C@@H]2[C@H](CO[C@@]2(O1)C)O)(O)O,None,heavy_metal
213.24,2.7256,54.02,2,2,2,2,2,0.0,16,0,0,0.8054091984666042,412.70479345074943,-2.3599999999999994,10.167785242915583,4.929027243087918,2.8139846453989157,0,0,0,0,4,63.32040000000003,,True,True,True,False,True,L00309,c1ccc(cc1)NC(=O)Nc2cccnc2,None,None
176.94100000000003,-2.0707000000000004,88.38000000000001,6,3,0,2,0,1.0,12,3,-1,0.3680776355782165,208.11512574993117,-0.17506493506493517,8.424400679669558,2.1937076856695237,1.0633478736834563,0,0,2,2,7,36.5134,,True,True,True,False,False,L00531,[B-]1(O[C@@H]2[C@H](CO[C@@]2(O1)C)O)(O)O,None,heavy_metal
242.27799999999996,1.7597,62.22,3,2,4,2,2,0.14285714285714285,18,0,0,0.8583530789522545,509.0770177063586,-2.36,12.106323039940829,5.816413911391583,3.3149156081687883,0,0,0,0,4,68.38100000000003,,True,True,True,False,True,L00341,c1ccnc(c1)C(=O)NCCc2ccc(cc2)O,None,None
176.94100000000003,-2.0707000000000004,88.38000000000001,6,3,0,2,0,1.0,12,3,-1,0.3680776355782165,208.11512574993117,-0.17506493506493517,8.424400679669558,2.1937076856695237,1.0633478736834563,0,0,2,2,7,36.5134,,True,True,True,False,False,L00532,[B-]1(O[C@@H]2[C@H](CO[C@@]2(O1)C)O)(O)O,None,heavy_metal
176.94100000000003,-2.0707000000000004,88.38000000000001,6,3,0,2,0,1.0,12,3,-1,0.3680776355782165,208.11512574993117,-0.17506493506493517,8.424400679669558,2.1937076856695237,1.0633478736834563,0,0,2,2,7,36.5134,,True,True,True,False,False,L00533,[B-]1(O[C@@H]2[C@H](CO[C@@]2(O1)C)O)(O)O,None,heavy_metal
176.94100000000003,-2.0707000000000004,88.38000000000001,6,3,0,2,0,1.0,12,3,-1,0.3680776355782165,208.11512574993117,-0.17506493506493517,8.424400679669558,2.1937076856695237,1.0633478736834563,0,0,2,2,7,36.5134,,True,True,True,False,False,L00534,[B-]1(O[C@@H]2[C@H](CO[C@@]2(O1)C)O)(O)O,None,heavy_metal
249.26999999999998,0.4877999999999996,95.08000000000001,3,3,5,2,1,0.4166666666666667,18,1,0,0.6616195457883953,445.14250913689125,-2.11,12.34963134845644,5.482865645542789,2.96695563205396,0,0,1,0,6,63.722200000000015,,True,True,True,False,True,L00553,c1c(nc[nH]1)C[C@@H](C(=O)O)NC(=O)C2CC=CC2,None,isolated_alkene
249.26999999999998,0.4877999999999996,95.08000000000001,3,3,5,2,1,0.4166666666666667,18,1,0,0.6616195457883953,445.14250913689125,-2.11,12.34963134845644,5.482865645542789,2.96695563205396,0,0,1,0,6,63.722200000000015,,True,True,True,False,True,L00554,c1c(nc[nH]1)C[C@@H](C(=O)O)NC(=O)C2CC=CC2,None,isolated_alkene
249.26999999999998,0.4877999999999996,95.08000000000001,3,3,5,2,1,0.4166666666666667,18,1,0,0.6616195457883953,445.14250913689125,-2.11,12.34963134845644,5.482865645542789,2.96695563205396,0,0,1,0,6,63.722200000000015,,True,True,True,False,True,L00555,c1c(nc[nH]1)C[C@@H](C(=O)O)NC(=O)C2CC=CC2,None,isolated_alkene
249.26999999999998,0.4877999999999996,95.08000000000001,3,3,5,2,1,0.4166666666666667,18,1,0,0.6616195457883953,445.14250913689125,-2.11,12.34963134845644,5.482865645542789,2.96695563205396,0,0,1,0,6,63.722200000000015,,True,True,True,False,True,L00556,c1c(nc[nH]1)C[C@@H](C(=O)O)NC(=O)C2CC=CC2,None,isolated_alkene
249.26999999999998,0.4877999999999996,95.08000000000001,3,3,5,2,1,0.4166666666666667,18,1,0,0.6616195457883953,445.14250913689125,-2.11,12.34963134845644,5.482865645542789,2.96695563205396,0,0,1,0,6,63.722200000000015,,True,True,True,False,True,L00557,c1c(nc[nH]1)C[C@@H](C(=O)O)NC(=O)C2CC=CC2,None,isolated_alkene
165.148,1.5474999999999999,55.230000000000004,3,1,1,2,2,0.125,12,0,0,0.6519337632952749,384.03032266698506,-1.7099999999999997,6.967210289014711,2.4059278892661076,0.8867260152631383,0,0,0,0,4,41.90420000000001,,True,True,True,False,False,L00233,COC(=O)c1cc2c([nH]1)cco2,None,None
198.67399999999998,3.0185000000000013,17.07,2,0,0,2,1,0.2222222222222222,12,0,0,0.6376761188693036,335.30046214401995,-0.4700000000000001,8.142990116617165,3.112077045657854,1.3660562402470127,0,0,1,0,3,51.123500000000014,,True,True,True,False,False,L00237,c1cc2c(cc1Cl)C(=O)CCS2,None,None
201.225,-1.0656999999999996,117.68999999999998,5,3,4,0,0,0.6666666666666666,11,1,0,0.39138314090222404,234.11208517174683,-0.3100000000000001,10.69,3.90441914542027,6.1027966976264185,0,0,0,0,8,39.617799999999995,,True,True,True,False,True,L00211,C([C@@H](C(=O)O)N)SS(=O)(=O)O,None,disulphide; Sulfonic_acid_2
282.3329999999999,-0.9459999999999973,86.61000000000001,7,2,16,0,0,1.0,19,0,0,0.35308031952272856,141.01332489488257,-0.28,18.72,17.72,17.719999999999995,0,0,0,0,7,68.26660000000004,,True,False,True,False,True,L00350,C(COCCOCCOCCOCCOCCO)O,None,Aliphatic_long_chain
493.5720000000002,2.075549999999999,168.67,5,5,12,2,2,0.3333333333333333,36,1,0,0.10007584628843172,1036.3772890761309,-4.659999999999999,25.953680503251476,15.282515709227102,10.084317463067167,0,0,0,0,12,134.9335,,True,False,False,False,False,L00627,[H]/N=C(\NCCC[C@@H](C(=O)N(Cc1ccccc1)Cc2ccccc2)NC(=O)C[N-][N+]#N)/NC(=O)NC,None,Aliphatic_long_chain; Azo_group; imine_1; imine_2; Oxygen-nitrogen_single_bond
493.5720000000002,2.075549999999999,168.67,5,5,12,2,2,0.3333333333333333,36,1,0,0.10007584628843172,1036.3772890761309,-4.659999999999999,25.953680503251476,15.282515709227102,10.084317463067167,0,0,0,0,12,134.9335,,True,False,False,False,False,L00628,[H]/N=C(\NCCC[C@@H](C(=O)N(Cc1ccccc1)Cc2ccccc2)NC(=O)C[N-][N+]#N)/NC(=O)NC,None,Aliphatic_long_chain; Azo_group; imine_1; imine_2; Oxygen-nitrogen_single_bond
493.5720000000002,2.075549999999999,168.67,5,5,12,2,2,0.3333333333333333,36,1,0,0.10007584628843172,1036.3772890761309,-4.659999999999999,25.953680503251476,15.282515709227102,10.084317463067167,0,0,0,0,12,134.9335,,True,False,False,False,False,L00629,[H]/N=C(\NCCC[C@@H](C(=O)N(Cc1ccccc1)Cc2ccccc2)NC(=O)C[N-][N+]#N)/NC(=O)NC,None,Aliphatic_long_chain; Azo_group; imine_1; imine_2; Oxygen-nitrogen_single_bond
176.94100000000003,-2.0707000000000004,88.38000000000001,6,3,0,2,0,1.0,12,3,-1,0.3680776355782165,208.11512574993117,-0.17506493506493517,8.424400679669558,2.1937076856695237,1.0633478736834563,0,0,2,2,7,36.5134,,True,True,True,False,False,L00535,[B-]1(O[C@@H]2[C@H](CO[C@@]2(O1)C)O)(O)O,None,heavy_metal
176.94100000000003,-2.0707000000000004,88.38000000000001,6,3,0,2,0,1.0,12,3,-1,0.3680776355782165,208.11512574993117,-0.17506493506493517,8.424400679669558,2.1937076856695237,1.0633478736834563,0,0,2,2,7,36.5134,,True,True,True,False,False,L00536,[B-]1(O[C@@H]2[C@H](CO[C@@]2(O1)C)O)(O)O,None,heavy_metal
249.26999999999998,0.4877999999999996,95.08000000000001,3,3,5,2,1,0.4166666666666667,18,1,0,0.6616195457883953,445.14250913689125,-2.11,12.34963134845644,5.482865645542789,2.96695563205396,0,0,1,0,6,63.722200000000015,,True,True,True,False,True,L00558,c1c(nc[nH]1)C[C@@H](C(=O)O)NC(=O)C2CC=CC2,None,isolated_alkene
249.26999999999998,0.4877999999999996,95.08000000000001,3,3,5,2,1,0.4166666666666667,18,1,0,0.6616195457883953,445.14250913689125,-2.11,12.34963134845644,5.482865645542789,2.96695563205396,0,0,1,0,6,63.722200000000015,,True,True,True,False,True,L00559,c1c(nc[nH]1)C[C@@H](C(=O)O)NC(=O)C2CC=CC2,None,isolated_alkene
249.26999999999998,0.4877999999999996,95.08000000000001,3,3,5,2,1,0.4166666666666667,18,1,0,0.6616195457883953,445.14250913689125,-2.11,12.34963134845644,5.482865645542789,2.96695563205396,0,0,1,0,6,63.722200000000015,,True,True,True,False,True,L00560,c1c(nc[nH]1)C[C@@H](C(=O)O)NC(=O)C2CC=CC2,None,isolated_alkene
249.26999999999998,0.4877999999999996,95.08000000000001,3,3,5,2,1,0.4166666666666667,18,1,0,0.6616195457883953,445.14250913689125,-2.11,12.34963134845644,5.482865645542789,2.96695563205396,0,0,1,0,6,63.722200000000015,,True,True,True,False,True,L00561,c1c(nc[nH]1)C[C@@H](C(=O)O)NC(=O)C2CC=CC2,None,isolated_alkene
493.5720000000002,2.075549999999999,168.67,5,5,12,2,2,0.3333333333333333,36,1,0,0.10007584628843172,1036.3772890761309,-4.659999999999999,25.953680503251476,15.282515709227102,10.084317463067167,0,0,0,0,12,134.9335,,True,False,False,False,False,L00630,[H]/N=C(\NCCC[C@@H](C(=O)N(Cc1ccccc1)Cc2ccccc2)NC(=O)C[N-][N+]#N)/NC(=O)NC,None,Aliphatic_long_chain; Azo_group; imine_1; imine_2; Oxygen-nitrogen_single_bond
493.5720000000002,2.075549999999999,168.67,5,5,12,2,2,0.3333333333333333,36,1,0,0.10007584628843172,1036.3772890761309,-4.659999999999999,25.953680503251476,15.282515709227102,10.084317463067167,0,0,0,0,12,134.9335,,True,False,False,False,False,L00631,[H]/N=C(\NCCC[C@@H](C(=O)N(Cc1ccccc1)Cc2ccccc2)NC(=O)C[N-][N+]#N)/NC(=O)NC,None,Aliphatic_long_chain; Azo_group; imine_1; imine_2; Oxygen-nitrogen_single_bond
176.94100000000003,-2.0707000000000004,88.38000000000001,6,3,0,2,0,1.0,12,3,-1,0.3680776355782165,208.11512574993117,-0.17506493506493517,8.424400679669558,2.1937076856695237,1.0633478736834563,0,0,2,2,7,36.5134,,True,True,True,False,False,L00537,[B-]1(O[C@@H]2[C@H](CO[C@@]2(O1)C)O)(O)O,None,heavy_metal
406.9350000000001,4.279520000000003,66.48,3,1,6,3,2,0.35,27,0,0,0.778051818537742,973.1872717435467,-2.0499999999999994,19.704437717066924,7.903825260298775,4.624913151389626,0,0,1,0,7,109.84250000000003,,True,True,True,True,True,L00609,CCCN1c2ccc(cc2CCC1=O)NS(=O)(=O)Cc3ccc(c(c3)Cl)C,None,None
406.9350000000001,4.279520000000003,66.48,3,1,6,3,2,0.35,27,0,0,0.778051818537742,973.1872717435467,-2.0499999999999994,19.704437717066924,7.903825260298775,4.624913151389626,0,0,1,0,7,109.84250000000003,,True,True,True,True,True,L00610,CCCN1c2ccc(cc2CCC1=O)NS(=O)(=O)Cc3ccc(c(c3)Cl)C,None,None
406.9350000000001,4.279520000000003,66.48,3,1,6,3,2,0.35,27,0,0,0.778051818537742,973.1872717435467,-2.0499999999999994,19.704437717066924,7.903825260298775,4.624913151389626,0,0,1,0,7,109.84250000000003,,True,True,True,True,True,L00611,CCCN1c2ccc(cc2CCC1=O)NS(=O)(=O)Cc3ccc(c(c3)Cl)C,None,None
406.9350000000001,4.279520000000003,66.48,3,1,6,3,2,0.35,27,0,0,0.778051818537742,973.1872717435467,-2.0499999999999994,19.704437717066924,7.903825260298775,4.624913151389626,0,0,1,0,7,109.84250000000003,,True,True,True,True,True,L00612,CCCN1c2ccc(cc2CCC1=O)NS(=O)(=O)Cc3ccc(c(c3)Cl)C,None,None
249.26999999999998,0.4877999999999996,95.08000000000001,3,3,5,2,1,0.4166666666666667,18,1,0,0.6616195457883953,445.14250913689125,-2.11,12.34963134845644,5.482865645542789,2.96695563205396,0,0,1,0,6,63.722200000000015,,True,True,True,False,True,L00562,c1c(nc[nH]1)C[C@@H](C(=O)O)NC(=O)C2CC=CC2,None,isolated_alkene
249.26999999999998,0.4877999999999996,95.08000000000001,3,3,5,2,1,0.4166666666666667,18,1,0,0.6616195457883953,445.14250913689125,-2.11,12.34963134845644,5.482865645542789,2.96695563205396,0,0,1,0,6,63.722200000000015,,True,True,True,False,True,L00563,c1c(nc[nH]1)C[C@@H](C(=O)O)NC(=O)C2CC=CC2,None,isolated_alkene
150.174,-0.9958,58.92,4,2,7,0,0,1.0,10,0,0,0.4571376225737072,49.70950594454669,-0.16,9.839999999999998,8.840000000000002,7.840000000000001,0,0,0,0,4,35.80959999999999,,True,True,True,False,False,L00696,C(COCCOCCO)O,None,Aliphatic_long_chain
414.49200000000025,-0.8961999999999946,114.30000000000003,10,2,25,0,0,1.0,28,0,0,0.18225983831941764,244.75087218611446,-0.39999999999999997,27.6,26.599999999999998,25.6,0,0,0,0,10,100.72360000000008,,True,False,True,False,True,L00096,C(COCCOCCOCCOCCOCCOCCOCCOCCO)O,None,Aliphatic_long_chain
251.26599999999996,0.5701699999999996,122.85999999999999,5,3,7,1,1,0.36363636363636365,18,1,1,0.37207882036921613,440.10647659111146,-2.24,13.823451776649746,7.157302037404319,4.731534385813149,0,0,0,0,7,63.400900000000014,,True,True,True,False,True,L00126,c1cc(ccc1C[C@@H](C(=O)O)N)OCCN=[N+]=N,azo_A(324),Aliphatic_long_chain; diazo_group; quaternary_nitrogen_3
157.173,-0.8472000000000002,71.17,5,2,4,1,1,0.6666666666666666,11,0,0,0.5970432183316189,211.34724188799422,-0.9400000000000002,8.159403578528828,4.046724751037516,2.284372684431081,0,0,0,0,5,37.6476,,True,True,True,False,False,L00119,c1c(nnn1CCCO)CO,None,None
