RECRUITER_CODE,PDB_IDs,StructureFirstLigand,SMILES
L00538,9QF1,A1I5T,CN(c1nnc(o1)c2c[nH]c3c2c(c(c(c3F)F)F)F)C(CCN4CCCC4)c5ccccn5
L00539,9QFS,A1I6J,c1c(c2c([nH]1)c(c(c(c2F)F)F)F)C(=O)NN3C(=O)C(NC3=O)C4CCCCC4
L00540,9QFY,A1I6I,CN(C)S(=O)(=O)CC1CCCN(C1)C(=O)c2c[nH]c3c2c(c(c(c3F)F)F)F
L00753,4EC4,0O6,CCC(C(=O)NC1C(CCC2CCC(N2C1=O)C(=O)NC(c3ccccc3)c4cn(nn4)CCCCc5ccc(cc5)CCCCn6cc(nn6)C(c7ccccc7)NC(=O)C8CCC9N8C(=O)C(C(CC9)CO)NC(=O)C(CC)NC)CO)NC
L00759,4WVS,SO4,[O-]S(=O)(=O)[O-]
L00757,4WVT,ZN,[Zn+2]
L00754,4EC4,0O6,CCC(C(=O)NC1C(CCC2CCC(N2C1=O)C(=O)NC(c3ccccc3)c4cn(nn4)CCCCc5ccc(cc5)CCCCn6cc(nn6)C(c7ccccc7)NC(=O)C8CCC9N8C(=O)C(C(CC9)CO)NC(=O)C(CC)NC)CO)NC
L00003,4CI1,EF2,c1ccc2c(c1)C(=O)N(C2=O)C3CCC(=O)NC3=O
L00564,4TZC,EF2,c1ccc2c(c1)C(=O)N(C2=O)C3CCC(=O)NC3=O
L00565,4V2Y,EF2,c1ccc2c(c1)C(=O)N(C2=O)C3CCC(=O)NC3=O
L00566,4V32,EF2,c1ccc2c(c1)C(=O)N(C2=O)C3CCC(=O)NC3=O
L00567,5AMH,EF2,c1ccc2c(c1)C(=O)N(C2=O)C3CCC(=O)NC3=O
L00568,5AMI,EF2,c1ccc2c(c1)C(=O)N(C2=O)C3CCC(=O)NC3=O
L00569,5AMJ,EF2,c1ccc2c(c1)C(=O)N(C2=O)C3CCC(=O)NC3=O
L00570,5AMK,EF2,c1ccc2c(c1)C(=O)N(C2=O)C3CCC(=O)NC3=O
L00571,5OH1,EF2,c1ccc2c(c1)C(=O)N(C2=O)C3CCC(=O)NC3=O
L00381,5OH8,ROL,COc1ccc(cc1OC2CCCC2)C3CC(=O)NC3
L00572,5YIZ,EF2,c1ccc2c(c1)C(=O)N(C2=O)C3CCC(=O)NC3=O
L00573,5YJ0,EF2,c1ccc2c(c1)C(=O)N(C2=O)C3CCC(=O)NC3=O
L00574,6R0S,JOE,c1cc(c(c(c1)[N+](=O)[O-])C(=O)O)C(=O)NC2CC(=O)NC2=O
L00297,6R0S,JOE,c1cc(c(c(c1)[N+](=O)[O-])C(=O)O)C(=O)NC2CC(=O)NC2=O
L00298,6R0S,JOE,c1cc(c(c(c1)[N+](=O)[O-])C(=O)O)C(=O)NC2CC(=O)NC2=O
L00575,6R0U,JO8,c1cc(c(c(c1)N)C(=O)NC2CC(=O)NC2=O)C(=O)O
L00294,6R0U,JO8,c1cc(c(c(c1)N)C(=O)NC2CC(=O)NC2=O)C(=O)O
L00576,6R12,EF2,c1ccc2c(c1)C(=O)N(C2=O)C3CCC(=O)NC3=O
L00302,6R12,EF2,c1ccc2c(c1)C(=O)N(C2=O)C3CCC(=O)NC3=O
L00577,6R13,EF2,c1ccc2c(c1)C(=O)N(C2=O)C3CCC(=O)NC3=O
L00299,6R13,EF2,c1ccc2c(c1)C(=O)N(C2=O)C3CCC(=O)NC3=O
L00578,6R18,JOQ,c1cc(ccc1CN)COC(=O)NC2CC(=O)NC2=O
L00301,6R18,JOQ,c1cc(ccc1CN)COC(=O)NC2CC(=O)NC2=O
L00579,6R19,EF2,c1ccc2c(c1)C(=O)N(C2=O)C3CCC(=O)NC3=O
L00300,6R19,EF2,c1ccc2c(c1)C(=O)N(C2=O)C3CCC(=O)NC3=O
L00580,6R1A,EF2,c1ccc2c(c1)C(=O)N(C2=O)C3CCC(=O)NC3=O
L00305,6R1A,EF2,c1ccc2c(c1)C(=O)N(C2=O)C3CCC(=O)NC3=O
L00581,6R1C,JOW,c1cc(ccc1CNC(=O)CCC(=O)O)COC(=O)NC2CC(=O)NC2=O
L00303,6R1C,JOW,c1cc(ccc1CNC(=O)CCC(=O)O)COC(=O)NC2CC(=O)NC2=O
L00582,6R1W,JPW,C1CC(CCC1COC(=O)NC2CCC(=O)NC2=O)N
L00308,6R1W,JPW,C1CC(CCC1COC(=O)NC2CCC(=O)NC2=O)N
L00583,7BQU,EF2,c1ccc2c(c1)C(=O)N(C2=O)C3CCC(=O)NC3=O
L00584,7PSO,835,CC1=Nc2cccc(c2C(=O)N1C3CCC(=O)NC3=O)N
L00585,8BC7,EF2,c1ccc2c(c1)C(=O)N(C2=O)C3CCC(=O)NC3=O
L00586,8OU3,W1T,c1cc(c(cc1N)F)C(=O)NC2CCC(=O)NC2=O
L00462,8OU3,W1T,c1cc(c(cc1N)F)C(=O)NC2CCC(=O)NC2=O
L00491,9DWV,A1BC8,COc1cscc1c2cn(nn2)C3CCC(=O)NC3=O
L00492,9DWW,A1BC8,COc1cscc1c2cn(nn2)C3CCC(=O)NC3=O
L00541,9GAO,A1IJM,CNC(=O)COc1ccc(cc1)C2CCC(=O)NC2=O
L00542,9GJQ,A1IMN,c1cc(cc2c1cc[nH]2)N3CCC(=O)NC3=O
L00543,9GY3,A1IQT,c1cc(cc(c1)C(=O)NCCN2CCC(CC2)NS(=O)(=O)N3CCC4(C3)CC(=O)NC4=O)c5cn6cc(ccc6n5)C(=O)NC7CCC7
L00544,9H59,A1ISP,CCNC1CCC2CCC1N2c3ccc4c(c3)C(=O)N(C4=O)C5CCC(=O)NC5=O
L00493,9NFQ,A1BX6,c1ccc(cc1)CS(=O)(=O)N2Cc3ccccc3CC2C(=O)NCc4ccn5c(c4)ncc5N6CCC(=O)NC6=O
L00494,9NFR,A1BYX,Cn1ccc(n1)COc2ccc(cc2)c3cccc(c3Cl)C4CCC(=O)NC4=O
L00495,9NGT,A1BC8,COc1cscc1c2cn(nn2)C3CCC(=O)NC3=O
L00601,9ODR,A1CAV,c1cc2c(c3c1C(=O)N(C3)C4CCC(=O)NC4=O)OCC25CCNCC5
L00602,9ODS,A1CAW,c1cn2c(cnc2c3c1C4(CCNCC4)CO3)N5C=CC(=O)NC5=O
L00603,9OHQ,A1CBH,Cn1ccc2c1nc(cc2CN3CCCC3)c4ccc5c(c4)CN(C5=O)C6CCC(=O)NC6=O
L00604,9OHR,A1CBG,c1cc2c(cc1c3cc(c4ccn(c4n3)C5COC5)CN6CCCC6)CN(C2=O)C7CCC(=O)NC7=O
L00605,9Q03,A1CM7,CC(C)(CCN1c2cc(ccc2N(C1=O)C)Nc3c(cnc(n3)N(C)C4CCN(CC4)c5ccc6c(c5)n(nc6C7CCC(=O)NC7=O)C)Cl)O
L00606,9Q22,A1CNP,c1ccc(cc1)CN2CCC(CC2)(c3ccc4c(c3)CN(C4=O)C5CCC(=O)NC5=O)O
L00496,9DLW,A1BAF,CC1CN(CC(N1C)C)c2ccc(cc2NC(=O)C3=CNC(=O)C=C3C(F)(F)F)c4cc(ccc4F)C(=O)NCCOCCOCCOCCOCCOCCOCCOCCOCCOCCNC(=O)C=Cc5c(c(c[nH]5)C(=O)NC(CC(=O)N)c6ccc(c(c6)Cl)F)c7ccc(cc7F)Cl
L00607,9PLY,A1CI0,COCCCNC(=O)C=Cc1c(c(c[nH]1)C(=O)NC(CC(=O)N)c2ccc(c(c2)Cl)F)c3ccc(cc3F)Cl
L00608,9Y76,A1CSX,c1cc(c(cc1C(CC(=O)N)NC(=O)c2c[nH]c(c2c3ccc(cc3F)Cl)c4cnn(c4)CCN5CCOCC5)Cl)F
L00264,5Y5C,HXA,CCC=CCC=CCC=CCC=CCC=CCC=CCCC(=O)O
L00793,5Y5C,HXA,CCC=CCC=CCC=CCC=CCC=CCC=CCCC(=O)O
L00013,7BKU,PHN,c1cc2ccc3cccnc3c2nc1
L00663,7H5V,PHN,c1cc2ccc3cccnc3c2nc1
L00664,7H5X,PHN,c1cc2ccc3cccnc3c2nc1
L00665,7H5Y,PHN,c1cc2ccc3cccnc3c2nc1
L00666,7H5Z,PHN,c1cc2ccc3cccnc3c2nc1
L00046,9I1S,MYC,c1c(cc(c(c1O)O)O)C2=C(C(=O)c3c(cc(cc3O2)O)O)O
L00256,5WHL,HPP,c1cc(ccc1CCC(=O)O)O
L00192,5WHO,AO7,c1ccc2c(c1)C(=O)C=C(O2)C(=O)O
L00086,5WIY,1XM,c1c2c([nH]n1)NC(=S)N=C2N
L00218,6V6Z,Q5Y,COc1ccc(cc1)S(=O)(=O)Nc2ccc(c3c2cccc3)N(CC(=O)O)S(=O)(=O)c4ccc(cc4)OC
L00024,7C5E,PGE,C(COCCOCCO)O
L00436,7OFD,VBW,Cc1cc(c2cc(ccc2n1)F)O
L00216,7YEN,DHC,c1cc(c(cc1C=CC(=O)O)O)O
L00040,8Q1Q,IZS,CCc1cc(nc(n1)N(C)CC(=O)OCC)CC
L00718,8Q1R,IZS,CCc1cc(nc(n1)N(C)CC(=O)OCC)CC
L00623,8XGK,A1LVB,Cc1ccc(cc1OCC(C)(C)C#N)C(C(C)C(=O)O)NC(=O)C(c2ccc(cc2)Cl)F
L00624,8XGV,A1LVC,CCOc1cccnc1Cc2ccc(cc2)C(C(=O)NC(c3ccc(cc3)C)C(C)C(=O)O)F
L00497,9DU7,A1BCT,CCC(=O)N1CCOCC1c2cc(cc(c2)Cl)c3ncnc(n3)N
L00545,9HWR,A1IX2,c1cc(cc(c1)OCC(=O)NC2CCCCC2)N3CCC(CC3)C(=O)O
L00546,9HWS,A1IX3,c1cc(cc2c1ccc(c2)OCC(=O)NC3CCCCCC3)CCC(=O)O
L00547,9HWT,A1IX4,Cc1cc2c(cc1C(CC(=O)O)c3ccc4ccc(cc4c3)OCC(=O)NC5CCCCCC5)OCO2
L00548,9HWU,A1IXY,c1cc(cc2c1ccc(c2)OCC(=O)NC3CCCCC3)C(CC(=O)O)c4ccc5c(c4)OCO5
L00549,9HWV,A1IXZ,c1cc(cc2c1ccc(c2)OCC(=O)NC3CCCC=C3)C(CC(=O)O)c4ccc5c(c4)OCO5
L00550,9HWW,A1IX0,c1cc(cc2c1ccc(c2)OCC(=O)NC3CCCCC3)C(CC(=O)O)c4ccc5c(c4)OCCO5
L00551,9HWX,A1IX1,c1cc(cc2c1ccc(c2)OCC(=O)NC3CCCCCC3)C(CC(=O)O)c4ccc5c(c4)OCCO5
L00625,9UO8,A1L9D,CCOc1ccc(cc1)S(=O)(=O)Nc2cc(c(c3c2cccc3)NS(=O)(=O)c4ccc(cc4)OCC)CC(=O)n5cccc5
L00626,9VD2,A1L99,COC1CC2(C1)CN(C2)c3cc(c(c(c3)Cl)C(=O)N4Cc5cccc(c5OC4)c6cc(c(cc6F)C(=O)O)N7C8CCC7COC8)Cl
L00727,2AXI,MPO,C1COCCN1CCCS(=O)(=O)O
L00025,2GV2,NONE,NONE
L00697,3FE7,NONE,NONE
L00698,3FEA,MPD,CC(CC(C)(C)O)O
L00400,5XXK,NONE,NONE
L00332,6T2D,M9E,CNCC(=O)NCc1ccc(cc1)CNC(=O)CNC
L00333,6T2F,M9H,CNCC(=O)NCc1cccc(c1)CNC(=O)CNC
L00208,7NUS,SO4,[O-]S(=O)(=O)[O-]
L00257,9GFC,NONE,NONE
L00737,9GFK,SO4,[O-]S(=O)(=O)[O-]
L00738,9GFK,SO4,[O-]S(=O)(=O)[O-]
L00694,2YMV,FNR,Cc1cc2c(cc1C)N(C3=C(N2)C(=O)NC(=O)N3)CC(C(C(COP(=O)(O)O)O)O)O
L00695,2YMV,FNR,Cc1cc2c(cc1C)N(C3=C(N2)C(=O)NC(=O)N3)CC(C(C(COP(=O)(O)O)O)O)O
L00248,3FXP,D38,CC(C)C(Cc1cn(nn1)Cc2ccc(cc2)C(=O)O)C(=O)NC(CCCCN)C(=O)O
L00480,5AOG,HEM,Cc1c2n3c(c1CCC(=O)O)C=C4C(=C(C5=[N]4[Fe]36[N]7=C(C=C8N6C(=C5)C(=C8C)C=C)C(=C(C7=C2)C)C=C)C)CCC(=O)O
L00498,7HLA,EPE,C1CN(CCN1CCO)CCS(=O)(=O)O
L00499,7HLA,EPE,C1CN(CCN1CCO)CCS(=O)(=O)O
L00500,7HLF,A1BE7,CCC1(CCN(C1)c2ccc(cn2)F)O
L00501,7HLG,A1BE8,CC1(CC(C1)Nc2c(cccn2)F)O
L00328,7HLH,LWD,c1ccc(cc1)C(=O)Nc2ccc3c(c2)cccn3
L00502,7HLI,A1BE9,CC(=O)N1CC2CCC1c3c2cccc3
L00250,7HLM,GTJ,CCCn1c2ccccc2nc1NC(=O)CC
L00503,7HLO,A1BFA,CC(=O)N1CCN(CC1)C(=O)N
L00504,7HLP,A1BFB,CCCC1=CC(=O)Oc2c1ccc(c2)OC(=O)C
L00505,7HLP,A1BFB,CCCC1=CC(=O)Oc2c1ccc(c2)OC(=O)C
L00321,7HLR,LKU,Cc1ccc(cc1O)NC(=O)c2cccc(c2)F
L00507,7HLV,A1BFD,c1csc(n1)NC(=O)CN2CCCC2=O
L00508,7HLV,A1BFD,c1csc(n1)NC(=O)CN2CCCC2=O
L00509,7HLW,A1BFF,CC(=O)N1CCCC(C1)CNS(=O)(=O)C
L00285,7HLY,JFS,c1ccc2c(c1)ncn2c3ccc(cc3)CO
L00203,7HLZ,BP4,c1ccc(cc1)c2ccc(cc2)CC(=O)O
L00510,7HM0,A1BFG,CC(=O)NCc1ccnc(c1)N(C)C
L00511,7HM6,A1BDJ,c1cc(ncc1F)NC2CCOCC2
L00512,7HM7,EPE,C1CN(CCN1CCO)CCS(=O)(=O)O
L00513,7HM9,A1BFI,CN(C)C(=O)c1ccc2c(c1)CCCN2
L00343,7HMC,NZ1,COc1ccc2c(c1)nc(s2)N
L00515,7HMI,A1BFK,CN(C)c1nc(on1)C2CCNCC2
L00474,7HML,X1J,CC(=O)N1Cc2ccc(cc2C1)N
L00487,7HMP,EPE,C1CN(CCN1CCO)CCS(=O)(=O)O
L00808,7HMP,EPE,C1CN(CCN1CCO)CCS(=O)(=O)O
L00516,7HMR,EPE,C1CN(CCN1CCO)CCS(=O)(=O)O
L00517,7HMT,A1BFM,CC(c1cnn(c1)C2CCCC2)O
L00518,7HMZ,A1BFN,c1cc(ccc1CC(=O)N2CCCC(C2)C(=O)O)F
L00519,7HN1,A1BFO,CCNC1CCN(CC1)c2ccncc2
L00520,7HN2,EPE,C1CN(CCN1CCO)CCS(=O)(=O)O
L00521,7HN3,EPE,C1CN(CCN1CCO)CCS(=O)(=O)O
L00522,7HN6,EPE,C1CN(CCN1CCO)CCS(=O)(=O)O
L00523,7HN8,A1BFS,CC#CCN(C)C1CCS(=O)(=O)CC1
L00524,7HN8,A1BFS,CC#CCN(C)C1CCS(=O)(=O)CC1
L00525,7HN9,A1BFT,CC1CCN(CC1OC)Cc2cncs2
L00417,7HND,U78,Cc1ccccc1CCNC(=O)C
L00526,7HNE,A1BFU,COC1CN(C1)S(=O)(=O)N2CCCC2
L00527,7HNF,EPE,C1CN(CCN1CCO)CCS(=O)(=O)O
L00528,7HNH,EPE,C1CN(CCN1CCO)CCS(=O)(=O)O
L00529,7HNM,A1BFX,CC1CN(C(CO1)C)C(=O)c2cnsn2
L00320,7HNT,LHR,CC(=O)Nc1ccc2cn[nH]c2c1
L00423,7HNV,UUM,Cc1cc(no1)C(=O)Nc2cnn(c2)C
L00530,7HNW,A1BFY,CS(=O)(=O)NC1CCOC2(C1)CCCC2
L00309,7HNY,K0G,c1ccc(cc1)NC(=O)Nc2cccnc2
L00531,7HO1,A1BFZ,Cc1c(cnn1C)C(C)NS(=O)(=O)C
L00341,7HO2,NUM,c1ccnc(c1)C(=O)NCCc2ccc(cc2)O
L00532,7HO3,A1BF0,CCC(=O)N1CCCC(C1)NS(=O)(=O)C
L00533,7HO6,A1BF1,c1ccc(cc1)CN2CC(=O)NC(=O)C2
L00534,9EK5,A1BLD,CCOc1cc(ccc1N2C(=Nc3ccc(cc3C2=O)F)CN4CCNCC4)Cl
L00553,9Q9O,A1I4Z,Cc1c(cn(n1)Cc2ccc(cc2)OC)c3cc(ccc3n4ccnc4)CNCc5ccc(cc5)C(=O)NC
L00554,9Q9P,A1I4X,CNC(=O)C(Cc1ccncc1)NC(=O)C2CC(CN2C(=O)CC(c3ccccc3OC)N)C4CCCCC4
L00555,9Q9Q,A1I4Y,CNC(=O)C(Cc1ccncc1)NC(=O)C2CC(CN2C(=O)CC(c3ccco3)N)C4CCCCC4
L00556,9Q9R,A1I4W,CNC(=O)C(Cc1ccncc1)NC(=O)C2CC(CN2C(=O)CC(c3ccccc3OCCOCCO)N)C4CCCCC4
L00557,9QBA,A1I41,CSc1cc(ccc1c2ccc(c(c2)S(=O)(=O)C)C(=O)NCC3CCCCC3)F
L00233,6GMN,F4E,COC(=O)c1cc2c([nH]1)cco2
L00237,6GMX,F7B,c1cc2c(cc1Cl)C(=O)CCS2
L00211,6I7R,FMT,C(=O)O
L00350,8BB3,Q3X,Cc1c(scn1)c2ccc(cc2)CNC(=O)C3CC(CN3C(=O)C(C(C)(C)C)NC(=O)CCOCCOCCOCCOCCNC(=O)c4ccc(cc4)c5ccc(c(c5)NC(=O)c6cnc(cc6C(F)(F)F)O)N7CCN(CC7)C)O
L00627,8YMB,A1LY0,Cc1c(sc-2c1C3=NC(CC(=O)NCCCCCCC(NC(=O)C4CC(CN4C(=O)C(NC(=O)CCCCCOc5ccc3cc5)C(C)(C)C)O)c6ccc(cc6)c7c(ncs7)C)c8n2c(nn8)C)C
L00535,9DTX,A1BB4,Cc1c(scn1)c2ccc(cc2)C(C)NC(=O)C3CC(CN3C(=O)C(c4cc(no4)OC(C)CN5CCC(C5)N6CCN7c8cc(nnc8NCC7C6)c9ccccc9O)C(C)C)O
L00536,9DTY,A1BB4,Cc1c(scn1)c2ccc(cc2)C(C)NC(=O)C3CC(CN3C(=O)C(c4cc(no4)OC(C)CN5CCC(C5)N6CCN7c8cc(nnc8NCC7C6)c9ccccc9O)C(C)C)O
L00558,9GIO,3JF,Cc1c(scn1)c2ccc(cc2)CNC(=O)C3CC(CN3C(=O)C(C(C)(C)C)NC(=O)C)O
L00559,9HYN,A1IYO,Cc1c(scn1)c2ccc(c(c2)OCCOCC[NH+]3CCN(CC3)CC4=CN5c6cccc(c6C(=O)N=C5N4C)Br)CNC(=O)C7CC(CN7C(=O)C(C(C)(C)C)NC(=O)C8(CC8)F)O
L00560,9HYO,A1IYN,Cc1c(scn1)c2ccc(c(c2)OCCOCCOCCN3CCN(CC3)c4nc5c(c(n4)N(C)C6CC6)CCN(CC5)C7=NC(=O)c8c(cccc8Br)O7)CNC(=O)C9CC(CN9C(=O)C(C(C)(C)C)NC(=O)C1(CC1)F)O
L00561,9HYP,A1IYM,Cc1c(scn1)c2ccc(c(c2)OCCCC[NH+]3CCC(CC3)c4ccc5c(c4)N(C6=NC(=O)c7c(cccc7Br)N56)C8CCCC8)CNC(=O)C9CC(CN9C(=O)C(C(C)(C)C)NC(=O)C1(CC1)F)O
L00631,9L6F,A1L66,Cc1c(cc2c(c1c3c(cc4c(c3OCc5ccc(cc5)c6cn(nn6)C(C(C)C)C(=O)N7CC(CC7C(=O)NC(CO)c8ccc(cc8)c9c(ncs9)C)O)nc(nc4N1CC3CC1CN3)OC1CCOCC1)C1CC1)cn[nH]2)F
L00537,9MR9,A1BNT,Cc1c(scn1)c2ccc(cc2)C(C)NC(=O)C3CC(CN3C(=O)C(C(C)(C)C)NC(=O)CN4CCN(CC4)c5cc(nnc5N)c6ccccc6O)O
L00611,9OIO,A1CBL,CC(C)N1CCN(CC1)Cc2ccccc2F
L00562,9QE4,A1I57,Cc1c(scn1)c2ccc(cc2)C(C)NC(=O)C3CC(CN3C(=O)C(C(C)(C)C)NC(=O)C4(CC4)F)O
L00563,9QE5,A1I58,Cc1c(scn1)c2ccc(cc2)C(C)NC(=O)C3CC(CN3C(=O)C4CCCCN4C(=O)C5(CC5)F)O
L00696,9RP9,PGE,C(COCCOCCO)O
L00096,4EC4,0O6,CCC(C(=O)NC1C(CCC2CCC(N2C1=O)C(=O)NC(c3ccccc3)c4cn(nn4)CCCCc5ccc(cc5)CCCCn6cc(nn6)C(c7ccccc7)NC(=O)C8CCC9N8C(=O)C(C(CC9)CO)NC(=O)C(CC)NC)CO)NC
L00126,4WVS,SO4,[O-]S(=O)(=O)[O-]
L00119,4WVT,ZN,[Zn+2]
