RECRUITER_CODE,PDB_IDs
L00538,9QF1
L00539,9QFS
L00540,9QFY
L00753,4EC4
L00759,4WVS
L00757,4WVT
L00754,4EC4
L00003,4CI1
L00564,4TZC
L00565,4V2Y
L00566,4V32
L00567,5AMH
L00568,5AMI
L00569,5AMJ
L00570,5AMK
L00571,5OH1
L00381,5OH8
L00572,5YIZ
L00573,5YJ0
L00574,6R0S
L00297,6R0S
L00298,6R0S
L00575,6R0U
L00294,6R0U
L00576,6R12
L00302,6R12
L00577,6R13
L00299,6R13
L00578,6R18
L00301,6R18
L00579,6R19
L00300,6R19
L00580,6R1A
L00305,6R1A
L00581,6R1C
L00303,6R1C
L00582,6R1W
L00308,6R1W
L00583,7BQU
L00584,7PSO
L00585,8BC7
L00586,8OU3
L00462,8OU3
L00491,9DWV
L00492,9DWW
L00541,9GAO
L00542,9GJQ
L00543,9GY3
L00544,9H59
L00493,9NFQ
L00494,9NFR
L00495,9NGT
L00601,9ODR
L00602,9ODS
L00603,9OHQ
L00604,9OHR
L00605,9Q03
L00606,9Q22
L00496,9DLW
L00607,9PLY
L00608,9Y76
L00264,5Y5C
L00793,5Y5C
L00013,7BKU
L00663,7H5V
L00664,7H5X
L00665,7H5Y
L00666,7H5Z
L00046,9I1S
L00256,5WHL
L00192,5WHO
L00086,5WIY
L00218,6V6Z
L00024,7C5E
L00436,7OFD
L00216,7YEN
L00040,8Q1Q
L00718,8Q1R
L00623,8XGK
L00624,8XGV
L00497,9DU7
L00545,9HWR
L00546,9HWS
L00547,9HWT
L00548,9HWU
L00549,9HWV
L00550,9HWW
L00551,9HWX
L00625,9UO8
L00626,9VD2
L00727,2AXI
L00025,2GV2
L00697,3FE7
L00698,3FEA
L00400,5XXK
L00332,6T2D
L00333,6T2F
L00208,7NUS
L00257,9GFC
L00737,9GFK
L00738,9GFK
L00694,2YMV
L00695,2YMV
L00248,3FXP
L00480,5AOG
L00498,7HLA
L00499,7HLA
L00500,7HLF
L00501,7HLG
L00328,7HLH
L00502,7HLI
L00250,7HLM
L00503,7HLO
L00504,7HLP
L00505,7HLP
L00321,7HLR
L00507,7HLV
L00508,7HLV
L00509,7HLW
L00285,7HLY
L00203,7HLZ
L00510,7HM0
L00511,7HM6
L00512,7HM7
L00513,7HM9
L00343,7HMC
L00515,7HMI
L00474,7HML
L00487,7HMP
L00808,7HMP
L00516,7HMR
L00517,7HMT
L00518,7HMZ
L00519,7HN1
L00520,7HN2
L00521,7HN3
L00522,7HN6
L00523,7HN8
L00524,7HN8
L00525,7HN9
L00417,7HND
L00526,7HNE
L00527,7HNF
L00528,7HNH
L00529,7HNM
L00320,7HNT
L00423,7HNV
L00530,7HNW
L00309,7HNY
L00531,7HO1
L00341,7HO2
L00532,7HO3
L00533,7HO6
L00534,9EK5
L00553,9Q9O
L00554,9Q9P
L00555,9Q9Q
L00556,9Q9R
L00557,9QBA
L00233,6GMN
L00237,6GMX
L00211,6I7R
L00350,8BB3
L00627,8YMB
L00535,9DTX
L00536,9DTY
L00558,9GIO
L00559,9HYN
L00560,9HYO
L00561,9HYP
L00631,9L6F
L00537,9MR9
L00611,9OIO
L00562,9QE4
L00563,9QE5
L00696,9RP9
L00096,4EC4
L00126,4WVS
L00119,4WVT
