RECRUITER_CODE,SMILES
L00002,c1c(nc[nH]1)C[C@@H](C(=O)O)NC(=O)C2CC=CC2
L00538,c1c(nc[nH]1)C[C@@H](C(=O)O)NC(=O)C2CC=CC2
L00539,c1c(nc[nH]1)C[C@@H](C(=O)O)NC(=O)C2CC=CC2
L00540,c1c(nc[nH]1)C[C@@H](C(=O)O)NC(=O)C2CC=CC2
L00753,C(COCCOCCOCCOCCOCCOCCOCCOCCO)O
L00759,c1cc(ccc1C[C@@H](C(=O)O)N)OCCN=[N+]=N
L00757,c1c(nnn1CCCO)CO
L00754,C(COCCOCCOCCOCCOCCOCCOCCOCCO)O
L00003,c1ccc2c(c1)C(=O)N(C2=O)[C@H]3CCC(=O)NC3=O
L00564,c1ccc2c(c1)C(=O)N(C2=O)[C@H]3CCC(=O)NC3=O
L00565,c1ccc2c(c1)C(=O)N(C2=O)[C@H]3CCC(=O)NC3=O
L00566,c1ccc2c(c1)C(=O)N(C2=O)[C@H]3CCC(=O)NC3=O
L00567,c1ccc2c(c1)C(=O)N(C2=O)[C@H]3CCC(=O)NC3=O
L00568,c1ccc2c(c1)C(=O)N(C2=O)[C@H]3CCC(=O)NC3=O
L00569,c1ccc2c(c1)C(=O)N(C2=O)[C@H]3CCC(=O)NC3=O
L00570,c1ccc2c(c1)C(=O)N(C2=O)[C@H]3CCC(=O)NC3=O
L00571,c1ccc2c(c1)C(=O)N(C2=O)[C@H]3CCC(=O)NC3=O
L00381,COc1ccc(cc1OC2CCCC2)[C@H]3CC(=O)NC3
L00572,c1ccc2c(c1)C(=O)N(C2=O)[C@H]3CCC(=O)NC3=O
L00573,c1ccc2c(c1)C(=O)N(C2=O)[C@H]3CCC(=O)NC3=O
L00574,c1ccc2c(c1)C(=O)N(C2=O)[C@H]3CCC(=O)NC3=O
L00297,c1cc(c(c(c1)[N+](=O)[O-])C(=O)O)C(=O)N[C@H]2CC(=O)NC2=O
L00298,c1cc2c(c(c1)[N+](=O)[O-])C(=O)N(C2=O)[C@H]3CC(=O)NC3=O
L00575,c1ccc2c(c1)C(=O)N(C2=O)[C@H]3CCC(=O)NC3=O
L00294,c1cc2c(c(c1)N)C(=O)N(C2=O)[C@H]3CC(=O)NC3=O
L00576,c1ccc2c(c1)C(=O)N(C2=O)[C@H]3CCC(=O)NC3=O
L00302,c1ccc(cc1)CC(=O)N[C@H]2CC(=O)NC2=O
L00577,c1ccc2c(c1)C(=O)N(C2=O)[C@H]3CCC(=O)NC3=O
L00299,c1ccc(cc1)CCC(=O)N[C@H]2CC(=O)NC2=O
L00578,c1ccc2c(c1)C(=O)N(C2=O)[C@H]3CCC(=O)NC3=O
L00301,c1cc(ccc1CN)COC(=O)N[C@H]2CC(=O)NC2=O
L00579,c1ccc2c(c1)C(=O)N(C2=O)[C@H]3CCC(=O)NC3=O
L00300,C1C[C@H](NC1)COC(=O)N[C@H]2CC(=O)NC2=O
L00580,c1ccc2c(c1)C(=O)N(C2=O)[C@H]3CCC(=O)NC3=O
L00305,C1C[C@@H](NC1)COC(=O)N[C@H]2CCC(=O)NC2=O
L00581,c1ccc2c(c1)C(=O)N(C2=O)[C@H]3CCC(=O)NC3=O
L00303,c1cc(ccc1CNC(=O)CCC(=O)O)COC(=O)N[C@H]2CC(=O)NC2=O
L00582,c1ccc2c(c1)C(=O)N(C2=O)[C@H]3CCC(=O)NC3=O
L00308,C1CC(=O)NC(=O)[C@H]1NC(=O)OCC2CCC(CC2)N
L00583,c1ccc2c(c1)C(=O)N(C2=O)[C@H]3CCC(=O)NC3=O
L00584,c1ccc2c(c1)C(=O)N(C2=O)[C@H]3CCC(=O)NC3=O
L00585,c1ccc2c(c1)C(=O)N(C2=O)[C@H]3CCC(=O)NC3=O
L00586,c1ccc2c(c1)C(=O)N(C2=O)[C@H]3CCC(=O)NC3=O
L00462,c1cc(c(cc1N)F)C(=O)N[C@H]2CCC(=O)NC2=O
L00001,[B-]1(O[C@@H]2[C@H](CO[C@@]2(O1)C)O)(O)O
L00491,[B-]1(O[C@@H]2[C@H](CO[C@@]2(O1)C)O)(O)O
L00492,[B-]1(O[C@@H]2[C@H](CO[C@@]2(O1)C)O)(O)O
L00541,c1c(nc[nH]1)C[C@@H](C(=O)O)NC(=O)C2CC=CC2
L00542,c1c(nc[nH]1)C[C@@H](C(=O)O)NC(=O)C2CC=CC2
L00543,c1c(nc[nH]1)C[C@@H](C(=O)O)NC(=O)C2CC=CC2
L00544,c1c(nc[nH]1)C[C@@H](C(=O)O)NC(=O)C2CC=CC2
L00493,[B-]1(O[C@@H]2[C@H](CO[C@@]2(O1)C)O)(O)O
L00494,[B-]1(O[C@@H]2[C@H](CO[C@@]2(O1)C)O)(O)O
L00495,[B-]1(O[C@@H]2[C@H](CO[C@@]2(O1)C)O)(O)O
L00005,CCCN1c2ccc(cc2CCC1=O)NS(=O)(=O)Cc3ccc(c(c3)Cl)C
L00601,CCCN1c2ccc(cc2CCC1=O)NS(=O)(=O)Cc3ccc(c(c3)Cl)C
L00602,CCCN1c2ccc(cc2CCC1=O)NS(=O)(=O)Cc3ccc(c(c3)Cl)C
L00603,CCCN1c2ccc(cc2CCC1=O)NS(=O)(=O)Cc3ccc(c(c3)Cl)C
L00604,CCCN1c2ccc(cc2CCC1=O)NS(=O)(=O)Cc3ccc(c(c3)Cl)C
L00605,CCCN1c2ccc(cc2CCC1=O)NS(=O)(=O)Cc3ccc(c(c3)Cl)C
L00606,CCCN1c2ccc(cc2CCC1=O)NS(=O)(=O)Cc3ccc(c(c3)Cl)C
L00496,[B-]1(O[C@@H]2[C@H](CO[C@@]2(O1)C)O)(O)O
L00607,CCCN1c2ccc(cc2CCC1=O)NS(=O)(=O)Cc3ccc(c(c3)Cl)C
L00608,CCCN1c2ccc(cc2CCC1=O)NS(=O)(=O)Cc3ccc(c(c3)Cl)C
L00264,CC\C=C/C\C=C/C\C=C/C\C=C/C\C=C/C\C=C/CCC(=O)O
L00793,CC\C=C/C\C=C/C\C=C/C\C=C/C\C=C/C\C=C/CCC(=O)O
L00013,c1cc2ccc3cccnc3c2nc1
L00663,c1cc2ccc3cccnc3c2nc1
L00664,c1cc2ccc3cccnc3c2nc1
L00665,c1cc2ccc3cccnc3c2nc1
L00666,c1cc2ccc3cccnc3c2nc1
L00007,[H]/N=C(\NCCC[C@@H](C(=O)N(Cc1ccccc1)Cc2ccccc2)NC(=O)C[N-][N+]#N)/NC(=O)NC
L00046,C1COCCN1CCCS(=O)(=O)O
L00256,c1cc(ccc1CCC(=O)O)O
L00192,c1ccc2c(c1)C(=O)C=C(O2)C(=O)O
L00086,c1c2c([nH]n1)NC(=S)N=C2N
L00218,C1[C@@H]([C@H](CSS1)O)O
L00024,C(COCCOCCO)O
L00436,Cc1cc(c2cc(ccc2n1)F)O
L00216,c1cc(c(cc1\C=C\C(=O)O)O)O
L00040,CCc1cc(nc(n1)N(C)CC(=O)OCC)CC
L00718,CCc1cc(nc(n1)N(C)CC(=O)OCC)CC
L00623,[H]/N=C(\NCCC[C@@H](C(=O)N(Cc1ccccc1)Cc2ccccc2)NC(=O)C[N-][N+]#N)/NC(=O)NC
L00624,[H]/N=C(\NCCC[C@@H](C(=O)N(Cc1ccccc1)Cc2ccccc2)NC(=O)C[N-][N+]#N)/NC(=O)NC
L00497,[B-]1(O[C@@H]2[C@H](CO[C@@]2(O1)C)O)(O)O
L00545,c1c(nc[nH]1)C[C@@H](C(=O)O)NC(=O)C2CC=CC2
L00546,c1c(nc[nH]1)C[C@@H](C(=O)O)NC(=O)C2CC=CC2
L00547,c1c(nc[nH]1)C[C@@H](C(=O)O)NC(=O)C2CC=CC2
L00548,c1c(nc[nH]1)C[C@@H](C(=O)O)NC(=O)C2CC=CC2
L00549,c1c(nc[nH]1)C[C@@H](C(=O)O)NC(=O)C2CC=CC2
L00550,c1c(nc[nH]1)C[C@@H](C(=O)O)NC(=O)C2CC=CC2
L00551,c1c(nc[nH]1)C[C@@H](C(=O)O)NC(=O)C2CC=CC2
L00625,[H]/N=C(\NCCC[C@@H](C(=O)N(Cc1ccccc1)Cc2ccccc2)NC(=O)C[N-][N+]#N)/NC(=O)NC
L00626,[H]/N=C(\NCCC[C@@H](C(=O)N(Cc1ccccc1)Cc2ccccc2)NC(=O)C[N-][N+]#N)/NC(=O)NC
L00727,C1COCCN1CCCS(=O)(=O)O
L00025,c1cc(ccc1C[C@@H](C(=O)O)N)CP(=O)(O)O
L00697,c1cc(ccc1C[C@@H](C(=O)O)N)CP(=O)(O)O
L00698,c1cc(ccc1C[C@@H](C(=O)O)N)CP(=O)(O)O
L00400,C[C@H]([C@@H](C(=O)O)NC(=O)C)O
L00332,CNCC(=O)NCc1ccc(cc1)CNC(=O)CNC
L00333,CNCC(=O)NCc1cccc(c1)CNC(=O)CNC
L00208,C([C@@H](C(=O)O)N)SCC(=O)O
L00054,CC(C)C[C@@H](CNC(=O)O)N
L00257,C(CCNC(=N)N)C[C@@H](C(=O)O)N
L00552,c1c(nc[nH]1)C[C@@H](C(=O)O)NC(=O)C2CC=CC2
L00737,CC(C)C[C@@H](CNC(=O)O)N
L00738,CC(C)C[C@@H](CNC(=O)O)N
L00694,C(COCCOCCO)O
L00695,C(COCCOCCO)O
L00248,C([C@H]([C@H]([C@@H]([C@H](C=O)O)O)O)O)O
L00480,C1[C@H]([C@@H]([C@H]([C@@H](O1)O)O)O)O
L00498,[B-]1(O[C@@H]2[C@H](CO[C@@]2(O1)C)O)(O)O
L00499,[B-]1(O[C@@H]2[C@H](CO[C@@]2(O1)C)O)(O)O
L00500,[B-]1(O[C@@H]2[C@H](CO[C@@]2(O1)C)O)(O)O
L00501,[B-]1(O[C@@H]2[C@H](CO[C@@]2(O1)C)O)(O)O
L00328,c1ccc(cc1)C(=O)Nc2ccc3c(c2)cccn3
L00502,[B-]1(O[C@@H]2[C@H](CO[C@@]2(O1)C)O)(O)O
L00250,CCCn1c2ccccc2nc1NC(=O)CC
L00503,[B-]1(O[C@@H]2[C@H](CO[C@@]2(O1)C)O)(O)O
L00504,[B-]1(O[C@@H]2[C@H](CO[C@@]2(O1)C)O)(O)O
L00505,[B-]1(O[C@@H]2[C@H](CO[C@@]2(O1)C)O)(O)O
L00321,Cc1ccc(cc1O)NC(=O)c2cccc(c2)F
L00506,[B-]1(O[C@@H]2[C@H](CO[C@@]2(O1)C)O)(O)O
L00507,[B-]1(O[C@@H]2[C@H](CO[C@@]2(O1)C)O)(O)O
L00508,[B-]1(O[C@@H]2[C@H](CO[C@@]2(O1)C)O)(O)O
L00509,[B-]1(O[C@@H]2[C@H](CO[C@@]2(O1)C)O)(O)O
L00285,c1ccc2c(c1)ncn2c3ccc(cc3)CO
L00203,c1ccc(cc1)c2ccc(cc2)CC(=O)O
L00510,[B-]1(O[C@@H]2[C@H](CO[C@@]2(O1)C)O)(O)O
L00511,[B-]1(O[C@@H]2[C@H](CO[C@@]2(O1)C)O)(O)O
L00512,[B-]1(O[C@@H]2[C@H](CO[C@@]2(O1)C)O)(O)O
L00513,[B-]1(O[C@@H]2[C@H](CO[C@@]2(O1)C)O)(O)O
L00343,COc1ccc2c(c1)nc(s2)N
L00514,[B-]1(O[C@@H]2[C@H](CO[C@@]2(O1)C)O)(O)O
L00515,[B-]1(O[C@@H]2[C@H](CO[C@@]2(O1)C)O)(O)O
L00474,CC(=O)N1Cc2ccc(cc2C1)N
L00487,CCc1csc(n1)c2cnc[nH]2
L00808,CCc1csc(n1)c2cnc[nH]2
L00516,[B-]1(O[C@@H]2[C@H](CO[C@@]2(O1)C)O)(O)O
L00517,[B-]1(O[C@@H]2[C@H](CO[C@@]2(O1)C)O)(O)O
L00518,[B-]1(O[C@@H]2[C@H](CO[C@@]2(O1)C)O)(O)O
L00519,[B-]1(O[C@@H]2[C@H](CO[C@@]2(O1)C)O)(O)O
L00520,[B-]1(O[C@@H]2[C@H](CO[C@@]2(O1)C)O)(O)O
L00521,[B-]1(O[C@@H]2[C@H](CO[C@@]2(O1)C)O)(O)O
L00522,[B-]1(O[C@@H]2[C@H](CO[C@@]2(O1)C)O)(O)O
L00523,[B-]1(O[C@@H]2[C@H](CO[C@@]2(O1)C)O)(O)O
L00524,[B-]1(O[C@@H]2[C@H](CO[C@@]2(O1)C)O)(O)O
L00525,[B-]1(O[C@@H]2[C@H](CO[C@@]2(O1)C)O)(O)O
L00417,Cc1ccccc1CCNC(=O)C
L00526,[B-]1(O[C@@H]2[C@H](CO[C@@]2(O1)C)O)(O)O
L00527,[B-]1(O[C@@H]2[C@H](CO[C@@]2(O1)C)O)(O)O
L00528,[B-]1(O[C@@H]2[C@H](CO[C@@]2(O1)C)O)(O)O
L00529,[B-]1(O[C@@H]2[C@H](CO[C@@]2(O1)C)O)(O)O
L00320,CC(=O)Nc1ccc2cn[nH]c2c1
L00423,Cc1cc(no1)C(=O)Nc2cnn(c2)C
L00530,[B-]1(O[C@@H]2[C@H](CO[C@@]2(O1)C)O)(O)O
L00309,c1ccc(cc1)NC(=O)Nc2cccnc2
L00531,[B-]1(O[C@@H]2[C@H](CO[C@@]2(O1)C)O)(O)O
L00341,c1ccnc(c1)C(=O)NCCc2ccc(cc2)O
L00532,[B-]1(O[C@@H]2[C@H](CO[C@@]2(O1)C)O)(O)O
L00533,[B-]1(O[C@@H]2[C@H](CO[C@@]2(O1)C)O)(O)O
L00534,[B-]1(O[C@@H]2[C@H](CO[C@@]2(O1)C)O)(O)O
L00553,c1c(nc[nH]1)C[C@@H](C(=O)O)NC(=O)C2CC=CC2
L00554,c1c(nc[nH]1)C[C@@H](C(=O)O)NC(=O)C2CC=CC2
L00555,c1c(nc[nH]1)C[C@@H](C(=O)O)NC(=O)C2CC=CC2
L00556,c1c(nc[nH]1)C[C@@H](C(=O)O)NC(=O)C2CC=CC2
L00557,c1c(nc[nH]1)C[C@@H](C(=O)O)NC(=O)C2CC=CC2
L00233,COC(=O)c1cc2c([nH]1)cco2
L00237,c1cc2c(cc1Cl)C(=O)CCS2
L00211,C([C@@H](C(=O)O)N)SS(=O)(=O)O
L00350,C(COCCOCCOCCOCCOCCO)O
L00627,[H]/N=C(\NCCC[C@@H](C(=O)N(Cc1ccccc1)Cc2ccccc2)NC(=O)C[N-][N+]#N)/NC(=O)NC
L00628,[H]/N=C(\NCCC[C@@H](C(=O)N(Cc1ccccc1)Cc2ccccc2)NC(=O)C[N-][N+]#N)/NC(=O)NC
L00629,[H]/N=C(\NCCC[C@@H](C(=O)N(Cc1ccccc1)Cc2ccccc2)NC(=O)C[N-][N+]#N)/NC(=O)NC
L00535,[B-]1(O[C@@H]2[C@H](CO[C@@]2(O1)C)O)(O)O
L00536,[B-]1(O[C@@H]2[C@H](CO[C@@]2(O1)C)O)(O)O
L00558,c1c(nc[nH]1)C[C@@H](C(=O)O)NC(=O)C2CC=CC2
L00559,c1c(nc[nH]1)C[C@@H](C(=O)O)NC(=O)C2CC=CC2
L00560,c1c(nc[nH]1)C[C@@H](C(=O)O)NC(=O)C2CC=CC2
L00561,c1c(nc[nH]1)C[C@@H](C(=O)O)NC(=O)C2CC=CC2
L00630,[H]/N=C(\NCCC[C@@H](C(=O)N(Cc1ccccc1)Cc2ccccc2)NC(=O)C[N-][N+]#N)/NC(=O)NC
L00631,[H]/N=C(\NCCC[C@@H](C(=O)N(Cc1ccccc1)Cc2ccccc2)NC(=O)C[N-][N+]#N)/NC(=O)NC
L00537,[B-]1(O[C@@H]2[C@H](CO[C@@]2(O1)C)O)(O)O
L00609,CCCN1c2ccc(cc2CCC1=O)NS(=O)(=O)Cc3ccc(c(c3)Cl)C
L00610,CCCN1c2ccc(cc2CCC1=O)NS(=O)(=O)Cc3ccc(c(c3)Cl)C
L00611,CCCN1c2ccc(cc2CCC1=O)NS(=O)(=O)Cc3ccc(c(c3)Cl)C
L00612,CCCN1c2ccc(cc2CCC1=O)NS(=O)(=O)Cc3ccc(c(c3)Cl)C
L00562,c1c(nc[nH]1)C[C@@H](C(=O)O)NC(=O)C2CC=CC2
L00563,c1c(nc[nH]1)C[C@@H](C(=O)O)NC(=O)C2CC=CC2
L00696,C(COCCOCCO)O
L00096,C(COCCOCCOCCOCCOCCOCCOCCOCCO)O
L00126,c1cc(ccc1C[C@@H](C(=O)O)N)OCCN=[N+]=N
L00119,c1c(nnn1CCCO)CO
