RECRUITER_CODE,MasterRecruiter
L00001,L00001
L00491,L00001
L00492,L00001
L00493,L00001
L00494,L00001
L00495,L00001
L00496,L00001
L00497,L00001
L00498,L00001
L00499,L00001
L00500,L00001
L00501,L00001
L00502,L00001
L00503,L00001
L00504,L00001
L00505,L00001
L00506,L00001
L00507,L00001
L00508,L00001
L00509,L00001
L00510,L00001
L00511,L00001
L00512,L00001
L00513,L00001
L00514,L00001
L00515,L00001
L00516,L00001
L00517,L00001
L00518,L00001
L00519,L00001
L00520,L00001
L00521,L00001
L00522,L00001
L00523,L00001
L00524,L00001
L00525,L00001
L00526,L00001
L00527,L00001
L00528,L00001
L00529,L00001
L00530,L00001
L00531,L00001
L00532,L00001
L00533,L00001
L00534,L00001
L00535,L00001
L00536,L00001
L00537,L00001
L00002,L00002
L00538,L00002
L00539,L00002
L00540,L00002
L00541,L00002
L00542,L00002
L00543,L00002
L00544,L00002
L00545,L00002
L00546,L00002
L00547,L00002
L00548,L00002
L00549,L00002
L00550,L00002
L00551,L00002
L00552,L00002
L00553,L00002
L00554,L00002
L00555,L00002
L00556,L00002
L00557,L00002
L00558,L00002
L00559,L00002
L00560,L00002
L00561,L00002
L00562,L00002
L00563,L00002
L00003,L00003
L00564,L00003
L00565,L00003
L00566,L00003
L00567,L00003
L00568,L00003
L00569,L00003
L00570,L00003
L00571,L00003
L00572,L00003
L00573,L00003
L00574,L00003
L00575,L00003
L00576,L00003
L00577,L00003
L00578,L00003
L00579,L00003
L00580,L00003
L00581,L00003
L00582,L00003
L00583,L00003
L00584,L00003
L00585,L00003
L00586,L00003
L00004,L00004
L00587,L00004
L00588,L00004
L00589,L00004
L00590,L00004
L00591,L00004
L00592,L00004
L00593,L00004
L00594,L00004
L00595,L00004
L00596,L00004
L00597,L00004
L00598,L00004
L00599,L00004
L00600,L00004
L00005,L00005
L00601,L00005
L00602,L00005
L00603,L00005
L00604,L00005
L00605,L00005
L00606,L00005
L00607,L00005
L00608,L00005
L00609,L00005
L00610,L00005
L00611,L00005
L00612,L00005
L00006,L00006
L00613,L00006
L00614,L00006
L00615,L00006
L00616,L00006
L00617,L00006
L00618,L00006
L00619,L00006
L00620,L00006
L00621,L00006
L00622,L00006
L00007,L00007
L00623,L00007
L00624,L00007
L00625,L00007
L00626,L00007
L00627,L00007
L00628,L00007
L00629,L00007
L00630,L00007
L00631,L00007
L00008,L00008
L00632,L00008
L00633,L00008
L00634,L00008
L00635,L00008
L00636,L00008
L00637,L00008
L00638,L00008
L00639,L00008
L00640,L00008
L00009,L00009
L00641,L00009
L00642,L00009
L00643,L00009
L00644,L00009
L00645,L00009
L00646,L00009
L00647,L00009
L00010,L00010
L00648,L00010
L00649,L00010
L00650,L00010
L00651,L00010
L00652,L00010
L00011,L00011
L00653,L00011
L00654,L00011
L00655,L00011
L00656,L00011
L00657,L00011
L00012,L00012
L00658,L00012
L00659,L00012
L00660,L00012
L00661,L00012
L00662,L00012
L00013,L00013
L00663,L00013
L00664,L00013
L00665,L00013
L00666,L00013
L00014,L00014
L00667,L00014
L00668,L00014
L00669,L00014
L00015,L00015
L00670,L00015
L00671,L00015
L00672,L00015
L00016,L00016
L00673,L00016
L00674,L00016
L00675,L00016
L00017,L00017
L00676,L00017
L00677,L00017
L00678,L00017
L00018,L00018
L00679,L00018
L00680,L00018
L00681,L00018
L00019,L00019
L00682,L00019
L00683,L00019
L00684,L00019
L00020,L00020
L00685,L00020
L00686,L00020
L00021,L00021
L00687,L00021
L00688,L00021
L00022,L00022
L00689,L00022
L00690,L00022
L00023,L00023
L00691,L00023
L00692,L00023
L00693,L00023
L00024,L00024
L00694,L00024
L00695,L00024
L00696,L00024
L00025,L00025
L00697,L00025
L00698,L00025
L00026,L00026
L00699,L00026
L00027,L00027
L00700,L00027
L00028,L00028
L00701,L00028
L00702,L00028
L00703,L00028
L00704,L00028
L00030,L00030
L00705,L00030
L00031,L00031
L00706,L00031
L00707,L00031
L00708,L00031
L00709,L00031
L00032,L00032
L00710,L00032
L00033,L00033
L00711,L00033
L00034,L00034
L00712,L00034
L00035,L00035
L00713,L00035
L00036,L00036
L00714,L00036
L00037,L00037
L00715,L00037
L00038,L00038
L00716,L00038
L00039,L00039
L00717,L00039
L00040,L00040
L00718,L00040
L00041,L00041
L00719,L00041
L00042,L00042
L00720,L00042
L00721,L00042
L00722,L00042
L00723,L00042
L00043,L00043
L00724,L00043
L00044,L00044
L00725,L00044
L00045,L00045
L00726,L00045
L00046,L00046
L00727,L00046
L00047,L00047
L00728,L00047
L00048,L00048
L00729,L00048
L00051,L00051
L00730,L00051
L00052,L00052
L00731,L00052
L00732,L00052
L00733,L00052
L00734,L00052
L00735,L00052
L00053,L00053
L00736,L00053
L00054,L00054
L00737,L00054
L00738,L00054
L00056,L00056
L00739,L00056
L00740,L00056
L00741,L00056
L00742,L00056
L00743,L00056
L00058,L00058
L00744,L00058
L00067,L00067
L00745,L00067
L00080,L00080
L00746,L00080
L00081,L00081
L00747,L00081
L00087,L00087
L00748,L00087
L00088,L00088
L00749,L00088
L00092,L00092
L00750,L00092
L00093,L00093
L00751,L00093
L00094,L00094
L00752,L00094
L00096,L00096
L00753,L00096
L00754,L00096
L00108,L00108
L00755,L00108
L00756,L00108
L00119,L00119
L00757,L00119
L00125,L00125
L00758,L00125
L00126,L00126
L00759,L00126
L00132,L00132
L00760,L00132
L00133,L00133
L00761,L00133
L00134,L00134
L00762,L00134
L00135,L00135
L00763,L00135
L00136,L00136
L00764,L00136
L00137,L00137
L00765,L00137
L00138,L00138
L00766,L00138
L00139,L00139
L00767,L00139
L00140,L00140
L00768,L00140
L00141,L00141
L00769,L00141
L00143,L00143
L00770,L00143
L00771,L00143
L00162,L00162
L00772,L00162
L00164,L00164
L00773,L00164
L00165,L00165
L00774,L00165
L00166,L00166
L00775,L00166
L00173,L00173
L00776,L00173
L00174,L00174
L00777,L00174
L00184,L00184
L00778,L00184
L00188,L00188
L00779,L00188
L00199,L00199
L00780,L00199
L00781,L00199
L00200,L00200
L00782,L00200
L00202,L00202
L00783,L00202
L00784,L00202
L00205,L00205
L00785,L00205
L00786,L00205
L00206,L00206
L00787,L00206
L00788,L00206
L00209,L00209
L00789,L00209
L00215,L00215
L00790,L00215
L00245,L00245
L00791,L00245
L00246,L00246
L00792,L00246
L00264,L00264
L00793,L00264
L00266,L00266
L00794,L00266
L00272,L00272
L00795,L00272
L00274,L00274
L00796,L00274
L00797,L00274
L00280,L00280
L00798,L00280
L00310,L00310
L00799,L00310
L00385,L00385
L00800,L00385
L00386,L00386
L00801,L00386
L00446,L00446
L00802,L00446
L00447,L00447
L00803,L00447
L00449,L00449
L00804,L00449
L00473,L00473
L00805,L00473
L00475,L00475
L00806,L00475
L00807,L00475
L00487,L00487
L00808,L00487
