RECRUITER_CODE,Ligase,PDB_ID,Ligand,Variant,PDB_File
L00003,CRBN,4CI1,EF2,1,4CI1_EF2.pdb
L00004,CRBN,8RDP,A66,1,8RDP_A66.pdb
L00006,CRBN,4CI3,Y70,1,4CI3_Y70.pdb
L00008,MDM2,4HG7,NUT,1,4HG7_NUT.pdb
L00009,MDM2,3V3B,0EH,1,NOT_FOUND
L00010,HUWE1,2ALZ,DCP,1,2ALZ_DCP.pdb
L00011,CRBN,4CI2,LVY,1,4CI2_LVY.pdb
L00012,CRBN,8D7U,QFC,1,8D7U_QFC.pdb
L00013,HUWE1,7BKU,PHN,1,NOT_FOUND
L00014,MDM2,2AXI,6CW,1,2AXI_6CW.pdb
L00015,HUWE1,3Q8P,8OG,1,3Q8P_8OG.pdb
L00016,CRBN,5V3O,8W7,1,5V3O_8W7.pdb
L00018,HUWE1,3G6X,DGT,1,3G6X_DGT.pdb
L00019,HUWE1,3H4B,DTP,1,3H4B_DTP.pdb
L00020,HUWE1,3G6V,3DR,1,3G6V_3DR.pdb
L00021,VHL,4W9H,3JF,1,4W9H_3JF_1.pdb
L00022,DCAF15,6Q0W,EF6,1,6Q0W_EF6.pdb
L00023,KEAP1,7XM2,GFD,1,7XM2_GFD_1.pdb
L00024,KEAP1,7C5E,PGE,1,NOT_FOUND
L00025,MDM2,2GV2,PM3,1,NOT_FOUND
L00026,MDM2,3U15,03M,1,3U15_03M.pdb
L00027,HUWE1,5KT2,0KX,1,5KT2_0KX.pdb
L00028,XIAP,4HY0,1AQ,1,4HY0_1AQ.pdb
L00029,CHIP,4FWO,5GP,1,4FWO_5GP.pdb
L00030,MDM2,5J7F,6GG,1,5J7F_6GG.pdb
L00031,XIAP,5M6L,7H9,1,5M6L_7H9.pdb
L00032,CRBN,5HXB,85C,1,5HXB_85C.pdb
L00033,MDM2,5VK0,9E7,1,5VK0_9E7.pdb
L00034,CHIP,9R1P,B07,1,9R1P_B07.pdb
L00035,HUWE1,4EYH,DG8,1,4EYH_DG8.pdb
L00036,HUWE1,2DPI,EDA,1,2DPI_EDA.pdb
L00037,VHL,6GMQ,F4K,1,NOT_FOUND
L00038,KEAP1,3VNG,FUU,1,3VNG_FUU.pdb
L00039,MDM2,6Q96,HRE,1,6Q96_HRE.pdb
L00040,KEAP1,8Q1Q,IZS,1,NOT_FOUND
L00041,SOCS2,7ZLR,JH9,1,7ZLR_JH9.pdb
L00042,DCAF1,8OG5,LQH,1,8OG5_LQH_1.pdb
L00043,CRBN,7U8F,LWK,1,7U8F_LWK.pdb
L00044,PARKIN,4I73,MBY,1,4I73_MBY.pdb
L00045,CRBN,8TNQ,MIQ,1,8TNQ_MIQ.pdb
L00046,HUWE1,9I1S,MPO,1,9I1S_MPO.pdb
L00047,DCAF15,6PAI,O6M,1,6PAI_O6M.pdb
L00048,KEAP1,6UF0,Q5Y,1,NOT_FOUND
L00051,CRBN,7LPS,RN9,1,7LPS_RN9.pdb
L00052,XIAP,3EYL,SMK,1,3EYL_SMK.pdb
L00053,HUWE1,7BKW,U1E,1,7BKW_U1E.pdb
L00056,XIAP,3CLX,X22,1,3CLX_X22.pdb
L00057,MDM2,3TU1,07G,1,3TU1_07G.pdb
L00058,KEAP1,6TYM,08A,1,6TYM_08A_1.pdb
L00059,HUWE1,4EBC,0OH,1,4EBC_0OH.pdb
L00060,HUWE1,4EBD,0OJ,1,4EBD_0OJ.pdb
L00061,KEAP1,5FNT,0PL,1,5FNT_0PL.pdb
L00062,MDM2,4ERE,0R2,1,4ERE_0R2.pdb
L00063,MDM2,4ERF,0R3,1,4ERF_0R3.pdb
L00064,MDM2,4HBM,0Y7,1,4HBM_0Y7.pdb
L00065,KEAP1,4IFN,12O,1,4IFN_12O.pdb
L00067,cIAP1,4HY4,1BG,1,4HY4_1BG.pdb
L00068,PARKIN,2I19,1BY,1,2I19_1BY.pdb
L00069,HUWE1,5EYO,1CC,1,5EYO_1CC.pdb
L00070,MDM2,7NA1,1GI,1,7NA1_1GI.pdb
L00071,MDM2,7NA2,1I0,1,7NA2_1I0.pdb
L00072,MDM2,7NA3,1I3,1,7NA3_1I3.pdb
L00073,MDM2,7NA4,1I9,1,7NA4_1I9.pdb
L00074,MDM2,4JV7,1MN,1,4JV7_1MN.pdb
L00075,MDM2,4JV9,1MO,1,4JV9_1MO.pdb
L00076,MDM2,4JVE,1MQ,1,4JVE_1MQ.pdb
L00077,MDM2,4JVR,1MT,1,4JVR_1MT.pdb
L00078,MDM2,4JWR,1MY,1,4JWR_1MY.pdb
L00079,MDM2,4JSC,1OY,1,4JSC_1OY.pdb
L00080,XIAP,4KJU,1RH,1,4KJU_1RH.pdb
L00081,XIAP,4KJV,1RK,1,4KJV_1RK.pdb
L00082,PARKIN,3FV4,1U4,1,3FV4_1U4.pdb
L00083,KEAP1,4L7B,1VV,1,4L7B_1VV.pdb
L00084,KEAP1,4L7C,1VW,1,4L7C_1VW.pdb
L00085,KEAP1,4L7D,1VX,1,4L7D_1VX.pdb
L00086,KEAP1,5WIY,1XM,1,NOT_FOUND
L00087,cIAP1,4LGE,1Y0,1,4LGE_1Y0.pdb
L00088,cIAP1,4LGU,1YH,1,4LGU_1YH.pdb
L00089,MDM2,4LWT,20Q,1,4LWT_20Q.pdb
L00090,MDM2,4LWU,20U,1,4LWU_20U.pdb
L00091,MDM2,4LWV,20W,1,4LWV_20W.pdb
L00092,MDM2,4MDQ,28W,1,4MDQ_28W_1.pdb
L00093,cIAP1,4MTI,2DX,1,4MTI_2DX.pdb
L00094,cIAP1,4MU7,2DY,1,4MU7_2DY.pdb
L00095,KEAP1,4N1B,2FS,1,4N1B_2FS.pdb
L00096,XIAP,4EC4,2PE,1,NOT_FOUND
L00097,MDM2,4OAS,2SW,1,4OAS_2SW.pdb
L00098,MDM2,4OBA,2TW,1,4OBA_2TW.pdb
L00099,MDM2,4OCC,2TZ,1,4OCC_2TZ.pdb
L00100,MDM2,4ODE,2U0,1,4ODE_2U0.pdb
L00101,MDM2,4ODF,2U1,1,4ODF_2U1.pdb
L00102,MDM2,4OGN,2U5,1,4OGN_2U5.pdb
L00103,MDM2,4OGT,2U6,1,4OGT_2U6.pdb
L00104,MDM2,4OGV,2U7,1,4OGV_2U7.pdb
L00105,MDM2,4OQ3,2V8,1,4OQ3_2V8.pdb
L00106,MDM2,4QO4,35S,1,4QO4_35S.pdb
L00107,MDM2,4QOC,35T,1,4QOC_35T.pdb
L00108,XIAP,3F7G,389,389,NOT_FOUND
L00109,CHIP,6H54,3FD,1,6H54_3FD.pdb
L00110,VHL,4W9C,3JG,1,4W9C_3JG_1.pdb
L00111,VHL,4W9J,3JH,1,4W9J_3JH_1.pdb
L00112,VHL,4W9L,3JJ,1,4W9L_3JJ_1.pdb
L00113,VHL,4W9D,3JK,1,4W9D_3JK_1.pdb
L00114,VHL,4W9K,3JO,1,4W9K_3JO_1.pdb
L00115,VHL,4W9I,3JS,1,4W9I_3JS_1.pdb
L00116,VHL,4W9E,3JT,1,4W9E_3JT_1.pdb
L00117,VHL,4W9F,3JU,1,4W9F_3JU_1.pdb
L00118,VHL,4W9G,3JV,1,4W9G_3JV_1.pdb
L00120,KEAP1,4XMB,41P,1,4XMB_41P.pdb
L00125,KEAP1,4IN4,4ID,1,4IN4_4ID_1.pdb
L00126,XIAP,4WVS,4LZ,1,4WVS_4LZ.pdb
L00127,MDM2,4ZFI,4NJ,1,4ZFI_4NJ.pdb
L00128,MDM2,4ZGK,4NX,1,4ZGK_4NX.pdb
L00129,MDM2,4ZYC,4SS,1,4ZYC_4SS.pdb
L00130,MDM2,4ZYF,4T4,1,4ZYF_4T4.pdb
L00131,MDM2,4ZYI,4TH,1,4ZYI_4TH.pdb
L00132,XIAP,5C0L,4WJ,1,5C0L_4WJ.pdb
L00133,XIAP,5C0K,4WK,1,5C0K_4WK.pdb
L00134,XIAP,5C3H,4XE,1,5C3H_4XE.pdb
L00135,XIAP,5C3K,4XF,1,5C3K_4XF.pdb
L00136,XIAP,5C7C,4YC,1,5C7C_4YC.pdb
L00137,XIAP,5C7B,4YD,1,5C7B_4YD.pdb
L00138,XIAP,5C7A,4YE,1,5C7A_4YE.pdb
L00139,XIAP,5C7D,4YF,1,5C7D_4YF.pdb
L00140,XIAP,5C84,4YL,1,5C84_4YL.pdb
L00141,XIAP,5C83,4YN,1,5C83_4YN.pdb
L00142,VHL,5NVX,4YY,1,5NVX_4YY_1.pdb
L00143,XIAP,3GT9,516,516,3GT9_516.pdb
L00144,KEAP1,5CGJ,51M,1,5CGJ_51M.pdb
L00145,KEAP1,5DAF,58E,1,5DAF_58E.pdb
L00146,KEAP1,7P5F,5QZ,1,7P5F_5QZ.pdb
L00147,KEAP1,7P5P,5RB,1,7P5P_5RB.pdb
L00148,KEAP1,7P5N,5RQ,1,7P5N_5RQ.pdb
L00149,KEAP1,7P58,5UI,1,7P58_5UI.pdb
L00150,KEAP1,7P5K,5UZ,1,7P5K_5UZ.pdb
L00151,KEAP1,7P5E,5VX,1,7P5E_5VX.pdb
L00152,KEAP1,7P5I,5X9,1,7P5I_5X9.pdb
L00153,CRBN,5YJ1,6EL,1,5YJ1_6EL.pdb
L00154,HUWE1,3OSN,6OG,1,3OSN_6OG.pdb
L00155,MDM2,5LAW,6SJ,1,5LAW_6SJ.pdb
L00156,MDM2,5LAV,6SK,1,5LAV_6SK.pdb
L00157,MDM2,5LAY,6SS,1,5LAY_6SS.pdb
L00158,MDM2,5LAZ,6ST,1,5LAZ_6ST.pdb
L00159,VHL,5LLI,6Z3,1,5LLI_6Z3_1.pdb
L00160,MDM2,5LN2,6ZT,1,5LN2_6ZT.pdb
L00161,KEAP1,5FZJ,75K,1,5FZJ_75K.pdb
L00162,XIAP,5M6M,7H8,1,5M6M_7H8.pdb
L00163,MDM2,5TRF,7HC,1,5TRF_7HC.pdb
L00164,XIAP,5M6E,7HT,1,5M6E_7HT.pdb
L00165,XIAP,5M6F,7HU,1,5M6F_7HU.pdb
L00166,XIAP,5M6H,7J6,1,5M6H_7J6.pdb
L00167,CRBN,7PJK,7SE,1,7PJK_7SE.pdb
L00168,HUWE1,5X5M,7YU,1,5X5M_7YU.pdb
L00169,CRBN,7PSO,835,835,7PSO_835.pdb
L00170,KEAP1,7Q6Q,8ZL,1,7Q6Q_8ZL.pdb
L00171,KEAP1,7Q6S,91M,1,7Q6S_91M.pdb
L00172,KEAP1,7Q5H,92I,1,7Q5H_92I.pdb
L00173,XIAP,1TFT,997,997,1TFT_997.pdb
L00174,XIAP,1TFQ,998,998,1TFQ_998.pdb
L00175,VHL,5NVY,9B5,1,5NVY_9B5_1.pdb
L00176,VHL,5NW2,9B8,1,5NW2_9B8_1.pdb
L00177,VHL,5NW1,9BH,1,5NW1_9BH_1.pdb
L00178,VHL,5NW0,9BK,1,5NW0_9BK_1.pdb
L00179,VHL,5NVZ,9BN,1,5NVZ_9BN_1.pdb
L00180,VHL,5NVV,9BT,1,5NVV_9BT_1.pdb
L00181,VHL,5NVW,9BW,1,5NVW_9BW_1.pdb
L00182,CRBN,7SHH,9FT,1,7SHH_9FT.pdb
L00183,KEAP1,7Q8R,9IB,1,7Q8R_9IB.pdb
L00184,XIAP,3HL5,9JZ,1,3HL5_9JZ.pdb
L00185,KEAP1,7Q96,9P0,1,7Q96_9P0.pdb
L00186,MDM2,5OC8,9QW,1,5OC8_9QW.pdb
L00187,CRBN,5OH1,9UQ,1,NOT_FOUND
L00188,XIAP,5OQW,A4E,1,5OQW_A4E.pdb
L00189,PARKIN,1HP0,AD3,1,1HP0_AD3.pdb
L00190,HUWE1,3GV5,ADI,1,3GV5_ADI.pdb
L00191,PARKIN,4I71,AGV,1,4I71_AGV.pdb
L00192,KEAP1,5WHO,AO7,1,NOT_FOUND
L00193,CHIP,4FWN,AQP,1,4FWN_AQP.pdb
L00194,MDM2,7QDQ,AU0,1,7QDQ_AU0.pdb
L00195,KEAP1,9HWQ,B0A,1,9HWQ_B0A.pdb
L00196,DCAF1,7SSE,B1I,1,7SSE_B1I.pdb
L00197,TRIM21,7HMB,B1J,1,7HMB_B1J.pdb
L00198,MDM2,5OAI,B5K,1,5OAI_B5K.pdb
L00199,XIAP,2JK7,BI6,1,2JK7_BI6.pdb
L00200,MDM2,7NUS,BIF,1,7NUS_BIF_1.pdb
L00201,MDM2,4DIJ,BLF,1,4DIJ_BLF.pdb
L00202,XIAP,3OZ1,BMB,1,3OZ1_BMB.pdb
L00203,TRIM21,7HLZ,BP4,1,NOT_FOUND
L00204,PARKIN,3FGD,BYA,1,3FGD_BYA.pdb
L00205,XIAP,6EXW,C3K,1,6EXW_C3K.pdb
L00206,XIAP,6EY2,C3T,1,6EY2_C3T.pdb
L00207,CHIP,4FWR,C5P,1,4FWR_C5P.pdb
L00208,MDM2,7NUS,CCS,1,NOT_FOUND
L00209,XIAP,2OPY,CO9,1,2OPY_CO9.pdb
L00210,MDM2,5WTS,CRO,1,NOT_FOUND
L00211,VHL,6I7R,CSU,1,NOT_FOUND
L00212,PARKIN,3FXP,D38,1,3FXP_D38.pdb
L00213,HUWE1,7RCU,D5M,1,NOT_FOUND
L00214,KEAP1,6FFM,D8N,1,6FFM_D8N.pdb
L00215,HUWE1,5QBK,D97,1,5QBK_D97_1.pdb
L00216,KEAP1,7YEN,DHC,1,NOT_FOUND
L00217,MDM2,1T4E,DIZ,1,1T4E_DIZ.pdb
L00218,KEAP1,6V6Z,DTD,1,NOT_FOUND
L00219,CRBN,4V31,DUR,1,4V31_DUR.pdb
L00220,VHL,6FMI,DV2,1,6FMI_DV2_1.pdb
L00221,VHL,6FMJ,DV5,1,6FMJ_DV5_1.pdb
L00222,VHL,6FMK,DV8,1,6FMK_DV8_1.pdb
L00223,KEAP1,6FMQ,DYW,1,6FMQ_DYW.pdb
L00224,MDM2,6KZU,E03,1,6KZU_E03.pdb
L00226,HUWE1,4FS2,EFG,1,4FS2_EFG.pdb
L00227,HUWE1,6C8C,EQ7,1,6C8C_EQ7.pdb
L00228,VHL,6GFZ,EXE,1,6GFZ_EXE_1.pdb
L00229,VHL,6GFY,EXH,1,6GFY_EXH_1.pdb
L00230,MDM2,6GGN,EYH,1,6GGN_EYH.pdb
L00231,PARKIN,3PLL,F06,1,3PLL_F06.pdb
L00232,PARKIN,3PGI,F41,1,3PGI_F41.pdb
L00233,VHL,6GMN,F4E,1,NOT_FOUND
L00234,CRBN,7BQV,F4U,1,7BQV_F4U.pdb
L00235,PARKIN,3PM4,F5N,1,3PM4_F5N.pdb
L00236,PARKIN,3PB5,F63,1,3PB5_F63.pdb
L00237,VHL,6GMX,F7B,1,NOT_FOUND
L00238,PARKIN,3PI0,F91,1,3PI0_F91.pdb
L00239,HUWE1,7HJY,FA0,1,7HJY_FA0.pdb
L00240,KEAP1,5FZN,FB2,1,5FZN_FB2.pdb
L00241,MDM2,6H22,FL5,1,6H22_FL5.pdb
L00242,HUWE1,5OG7,FLK,1,5OG7_FLK.pdb
L00243,PARKIN,2YMV,FNR,1,2YMV_FNR.pdb
L00244,RNF4,2XEU,FRU,1,2XEU_FRU.pdb
L00245,XIAP,6H6R,FUE,1,6H6R_FUE.pdb
L00246,XIAP,6H6Q,FUK,1,6H6Q_FUK.pdb
L00247,PARKIN,5KSZ,GCP,1,5KSZ_GCP.pdb
L00248,PARKIN,3FXP,GLO,1,NOT_FOUND
L00249,TRIM21,7HNU,GQJ,1,7HNU_GQJ.pdb
L00250,TRIM21,7HLM,GTJ,1,NOT_FOUND
L00251,TRIM21,7HNQ,GX4,1,7HNQ_GX4.pdb
L00252,KEAP1,6HWS,GX8,1,6HWS_GX8.pdb
L00253,TRIM21,7HMD,H04,1,7HMD_H04.pdb
L00254,MDM2,6I3S,H28,1,6I3S_H28.pdb
L00255,MDM2,3IUX,HIA,1,3IUX_HIA.pdb
L00256,KEAP1,5WHL,HPP,1,NOT_FOUND
L00257,MDM2,9GFC,HRG,1,NOT_FOUND
L00258,MDM2,6Q9H,HRH,1,6Q9H_HRH.pdb
L00259,MDM2,6Q9Y,HRQ,1,6Q9Y_HRQ.pdb
L00260,MDM2,6Q9W,HRT,1,6Q9W_HRT.pdb
L00261,MDM2,6Q9L,HTZ,1,6Q9L_HTZ.pdb
L00262,MDM2,6Q9O,HU8,1,6Q9O_HU8.pdb
L00263,MDM2,6Q9Q,HUE,1,6Q9Q_HUE.pdb
L00264,HUWE1,5Y5C,HXA,1,5Y5C_HXA_1.pdb
L00265,MDM2,4JRG,I09,1,4JRG_I09.pdb
L00266,MDM2,4J74,I18,1,4J74_I18_1.pdb
L00267,MDM2,4J7E,I29,1,4J7E_I29.pdb
L00268,MDM2,4J7D,I31,1,4J7D_I31.pdb
L00269,PARKIN,5AOG,IAC,1,5AOG_IAC.pdb
L00270,PARKIN,1NC9,IMI,1,1NC9_IMI.pdb
L00272,MDM2,1RV1,IMZ,1,1RV1_IMZ_1.pdb
L00273,KEAP1,4IQK,IQK,1,4IQK_IQK.pdb
L00274,XIAP,7TRM,IUN,1,7TRM_IUN.pdb
L00275,HUWE1,3WZ8,IXV,1,3WZ8_IXV.pdb
L00276,HUWE1,3WZ7,IXY,1,3WZ7_IXY.pdb
L00277,TRIM21,7HLL,J4Q,1,7HLL_J4Q.pdb
L00278,KEAP1,6QMC,J6H,1,6QMC_J6H.pdb
L00279,KEAP1,6QMJ,J6K,1,6QMJ_J6K.pdb
L00280,KEAP1,6QMD,J6N,1,6QMD_J6N_1.pdb
L00281,KEAP1,6QME,J6Q,1,6QME_J6Q.pdb
L00282,KEAP1,6QMK,J8H,1,6QMK_J8H.pdb
L00283,TRIM21,7HN5,JFM,1,7HN5_JFM.pdb
L00284,TRIM21,7HO7,JFP,1,7HO7_JFP.pdb
L00285,TRIM21,7HLY,JFS,1,NOT_FOUND
L00286,TRIM21,7HNN,JGP,1,7HNN_JGP.pdb
L00287,SOCS2,7ZLP,JHR,1,7ZLP_JHR.pdb
L00288,SOCS2,7ZLO,JI0,1,7ZLO_JI0.pdb
L00289,SOCS2,7ZLN,JI9,1,7ZLN_JI9.pdb
L00290,SOCS2,7ZLM,JIH,1,7ZLM_JIH.pdb
L00291,TRIM21,7HLQ,JMM,1,7HLQ_JMM.pdb
L00292,CRBN,6R0Q,JNW,1,6R0Q_JNW.pdb
L00293,CRBN,6R0V,JO2,1,6R0V_JO2.pdb
L00294,CRBN,6R0U,JO5,1,NOT_FOUND
L00295,CRBN,6R0U,JO8,1,NOT_FOUND
L00296,CRBN,6R11,JOB,1,6R11_JOB.pdb
L00297,CRBN,6R0S,JOE,1,NOT_FOUND
L00298,CRBN,6R0S,JOH,1,NOT_FOUND
L00299,CRBN,6R13,JOK,1,NOT_FOUND
L00300,CRBN,6R19,JON,1,NOT_FOUND
L00301,CRBN,6R18,JOQ,1,NOT_FOUND
L00302,CRBN,6R12,JOT,1,NOT_FOUND
L00303,CRBN,6R1C,JOW,1,NOT_FOUND
L00304,CRBN,6R1D,JP5,1,6R1D_JP5.pdb
L00305,CRBN,6R1A,JP8,1,NOT_FOUND
L00306,CRBN,6R1K,JPB,1,6R1K_JPB.pdb
L00307,CRBN,6R1X,JPQ,1,6R1X_JPQ.pdb
L00308,CRBN,6R1W,JPW,1,NOT_FOUND
L00309,TRIM21,7HNY,K0G,1,NOT_FOUND
L00310,TRIM21,7HLT,K1G,1,7HLT_K1G_1.pdb
L00311,TRIM21,7HMJ,K1P,1,7HMJ_K1P.pdb
L00312,MDM2,3LBK,K23,1,3LBK_K23.pdb
L00313,TRIM21,7HN7,K2M,1,7HN7_K2M.pdb
L00314,KEAP1,4ZY3,K67,1,4ZY3_K67.pdb
L00315,TRIM21,7HM3,K6U,1,7HM3_K6U.pdb
L00316,KEAP1,8A46,L5F,1,8A46_L5F.pdb
L00317,KEAP1,5FNU,L6I,1,5FNU_L6I.pdb
L00318,VHL,3ZRC,L8B,1,3ZRC_L8B_1.pdb
L00319,MDM2,5AFG,LAY,1,5AFG_LAY.pdb
L00320,TRIM21,7HNT,LHR,1,NOT_FOUND
L00321,TRIM21,7HLR,LKU,1,NOT_FOUND
L00322,TRIM21,7HO4,LL0,1,7HO4_LL0.pdb
L00323,KEAP1,6SP1,LQ8,1,6SP1_LQ8.pdb
L00324,KEAP1,6SP4,LQK,1,6SP4_LQK.pdb
L00325,TRIM21,7HNS,LQP,1,7HNS_LQP.pdb
L00326,MDM2,3W69,LTZ,1,3W69_LTZ.pdb
L00327,TRIM21,7HMA,LV4,1,7HMA_LV4.pdb
L00328,TRIM21,7HLH,LWD,1,NOT_FOUND
L00329,MDM2,8AEU,M0L,1,8AEU_M0L.pdb
L00330,PARKIN,2EWG,M0N,1,2EWG_M0N.pdb
L00331,PARKIN,3FCQ,M3S,1,3FCQ_M3S.pdb
L00332,MDM2,6T2D,M9E,1,NOT_FOUND
L00333,MDM2,6T2F,M9H,1,NOT_FOUND
L00334,MDM2,3LBL,MI6,1,3LBL_MI6.pdb
L00335,CRBN,8AOP,MW6,1,8AOP_MW6.pdb
L00336,DCAF1,7UFV,N6O,1,7UFV_N6O.pdb
L00337,CRBN,8AOQ,N8F,1,8AOQ_N8F.pdb
L00338,PARKIN,4C3O,NFU,1,4C3O_NFU.pdb
L00339,TRIM21,7HNR,NTV,1,7HNR_NTV.pdb
L00340,TRIM21,7HNI,NUA,1,7HNI_NUA.pdb
L00341,TRIM21,7HO2,NUM,1,NOT_FOUND
L00342,TRIM21,7HNP,NUY,1,7HNP_NUY.pdb
L00343,TRIM21,7HMC,NZ1,1,NOT_FOUND
L00344,TRIM21,7HM2,NZJ,1,7HM2_NZJ.pdb
L00345,TRIM21,7HO8,O1J,1,7HO8_O1J.pdb
L00346,TRIM21,7HMO,O1M,1,7HMO_O1M.pdb
L00347,TRIM21,7HNG,O3D,1,7HNG_O3D.pdb
L00348,MDM2,6Y4Q,O9E,1,6Y4Q_O9E.pdb
L00349,MDM2,5AFG,P07,1,5AFG_P07.pdb
L00350,VHL,8BB3,P6G,1,NOT_FOUND
L00351,DCAF15,6Q0V,P7M,1,6Q0V_P7M.pdb
L00352,PARKIN,6NEP,PHI,1,6NEP_PHI.pdb
L00353,KEAP1,6TYP,PKG,1,6TYP_PKG.pdb
L00354,TRIM21,8Y58,PMZ,1,8Y58_PMZ.pdb
L00355,PARKIN,3BLD,PRF,1,3BLD_PRF.pdb
L00356,TRIM21,7HN0,Q49,1,7HN0_Q49.pdb
L00357,TRIM21,7HM5,Q4L,1,7HM5_Q4L.pdb
L00358,DCAF15,6UE5,Q5J,1,6UE5_Q5J.pdb
L00359,KEAP1,6UF0,Q5V,1,6UF0_Q5V.pdb
L00360,KEAP1,6Z6A,Q9E,1,6Z6A_Q9E.pdb
L00361,VHL,4BKT,QD0,1,4BKT_QD0_1.pdb
L00362,VHL,8BDJ,QE0,1,8BDJ_QE0_1.pdb
L00363,VHL,8BDM,QE9,1,8BDM_QE9_1.pdb
L00364,VHL,8BDL,QF3,1,8BDL_QF3_1.pdb
L00365,VHL,8BDI,QF7,1,8BDI_QF7_1.pdb
L00366,VHL,8BDO,QFF,1,8BDO_QFF_1.pdb
L00367,VHL,8BDN,QFR,1,8BDN_QFR_1.pdb
L00368,KEAP1,6ZEY,QGZ,1,6ZEY_QGZ.pdb
L00369,KEAP1,6ZF6,QH2,1,6ZF6_QH2.pdb
L00370,KEAP1,6ZF3,QH5,1,6ZF3_QH5.pdb
L00371,KEAP1,6ZF5,QH8,1,6ZF5_QH8.pdb
L00372,KEAP1,6ZEZ,QHH,1,6ZEZ_QHH.pdb
L00373,KEAP1,6ZF1,QHK,1,6ZF1_QHK.pdb
L00374,KEAP1,6ZEX,QHN,1,6ZEX_QHN.pdb
L00375,KEAP1,6ZF7,QHQ,1,6ZF7_QHQ.pdb
L00376,KEAP1,6ZF0,QHT,1,6ZF0_QHT.pdb
L00377,KEAP1,6ZF4,QHW,1,6ZF4_QHW.pdb
L00378,KEAP1,6ZF8,QHZ,1,6ZF8_QHZ.pdb
L00379,KEAP1,6ZF2,QJ5,1,6ZF2_QJ5.pdb
L00380,PARKIN,1MEX,RAC,1,1MEX_RAC.pdb
L00381,CRBN,5OH8,ROL,1,NOT_FOUND
L00382,TRIM21,7HNO,RV4,1,7HNO_RV4.pdb
L00383,TRIM21,7HNL,RWS,1,7HNL_RWS.pdb
L00384,TRIM21,7HME,RXS,1,7HME_RXS.pdb
L00385,TRIM21,7HMF,RZJ,1,7HMF_RZJ_1.pdb
L00386,TRIM21,7HLU,S0V,1,7HLU_S0V_1.pdb
L00387,KEAP1,5FNQ,S0W,1,5FNQ_S0W.pdb
L00388,PARKIN,3F2P,S3B,1,3F2P_S3B.pdb
L00389,PARKIN,3F28,S7B,1,3F28_S7B.pdb
L00390,TRIM21,7HMW,S7G,1,7HMW_S7G.pdb
L00391,TRIM21,7HLB,S9S,1,7HLB_S9S.pdb
L00392,TRIM21,7HMK,SFY,1,7HMK_SFY.pdb
L00393,KEAP1,8IVG,SGO,1,8IVG_SGO.pdb
L00394,KEAP1,8IVR,SIU,1,8IVR_SIU.pdb
L00395,KEAP1,4CXT,SXJ,1,4CXT_SXJ.pdb
L00396,KEAP1,8IXS,T6I,1,8IXS_T6I.pdb
L00397,TRIM21,7HMS,T6J,1,7HMS_T6J.pdb
L00398,TRIM21,7HNB,T9Q,1,7HNB_T9Q.pdb
L00399,VHL,4B9K,TG0,1,4B9K_TG0_1.pdb
L00400,MDM2,5XXK,THC,1,NOT_FOUND
L00401,MDM2,3TJ2,TJ2,1,3TJ2_TJ2.pdb
L00402,PARKIN,1YVM,TMG,1,1YVM_TMG.pdb
L00403,VHL,3ZTC,TR0,1,3ZTC_TR0_1.pdb
L00404,TRIM21,7HLJ,TU6,1,7HLJ_TU6.pdb
L00405,MDM2,7BIV,TUW,1,7BIV_TUW.pdb
L00406,MDM2,7BIR,TUZ,1,7BIR_TUZ.pdb
L00407,MDM2,7BIT,TV5,1,7BIT_TV5.pdb
L00408,TRIM21,7HNC,TV9,1,7HNC_TV9.pdb
L00409,MDM2,7BJ0,TVH,1,7BJ0_TVH.pdb
L00410,MDM2,7BJ6,TVK,1,7BJ6_TVK.pdb
L00411,KEAP1,5DAD,TX6,1,5DAD_TX6.pdb
L00412,TRIM21,7HLD,U0S,1,7HLD_U0S.pdb
L00413,HUWE1,7H5L,U1H,1,7H5L_U1H.pdb
L00414,TRIM21,7HMV,U2R,1,7HMV_U2R.pdb
L00415,CRBN,8TZX,U3I,1,8TZX_U3I.pdb
L00416,MDM2,7BMG,U3Z,1,7BMG_U3Z.pdb
L00417,TRIM21,7HND,U78,1,NOT_FOUND
L00418,PARKIN,4I72,UA2,1,4I72_UA2.pdb
L00419,PARKIN,3FVP,UB2,1,3FVP_UB2.pdb
L00420,PARKIN,3FLF,UB3,1,3FLF_UB3.pdb
L00421,VHL,4B95,UCK,1,4B95_UCK_1.pdb
L00422,HUWE1,3HBF,UDP,1,3HBF_UDP.pdb
L00423,TRIM21,7HNV,UUM,1,NOT_FOUND
L00424,TRIM21,7HLK,UUP,1,7HLK_UUP.pdb
L00425,TRIM21,7HM8,UVA,1,7HM8_UVA.pdb
L00426,TRIM21,7HLC,UWS,1,7HLC_UWS.pdb
L00427,TRIM21,7HLX,UXA,1,7HLX_UXA.pdb
L00428,TRIM21,7HO5,UXD,1,7HO5_UXD.pdb
L00429,TRIM21,7HLE,UXG,1,7HLE_UXG.pdb
L00430,CRBN,6XK9,V4M,1,6XK9_V4M.pdb
L00431,VHL,4AWJ,V6F,1,4AWJ_V6F_1.pdb
L00432,HUWE1,7RCU,V7J,1,7RCU_V7J.pdb
L00433,KEAP1,7OF9,VBK,1,7OF9_VBK.pdb
L00434,KEAP1,7OFE,VBQ,1,7OFE_VBQ.pdb
L00435,KEAP1,7OFA,VBT,1,7OFA_VBT.pdb
L00436,KEAP1,7OFD,VBW,1,NOT_FOUND
L00437,KEAP1,7OFF,VCB,1,7OFF_VCB.pdb
L00438,KEAP1,7OFB,VCN,1,7OFB_VCN.pdb
L00439,KEAP1,7OF8,VCQ,1,7OF8_VCQ.pdb
L00440,KEAP1,7OFC,VCT,1,7OFC_VCT.pdb
L00441,VHL,8CQE,VFO,1,8CQE_VFO_1.pdb
L00442,VHL,8CQL,VH3,1,8CQL_VH3_1.pdb
L00443,VHL,8QJS,VL6,1,8QJS_VL6_1.pdb
L00444,CHIP,7ODD,VLS,1,7ODD_VLS.pdb
L00445,DCAF1,8OGA,VLW,1,8OGA_VLW.pdb
L00446,DCAF1,8OG9,VM3,1,8OG9_VM3_1.pdb
L00447,DCAF1,8OG8,VM8,1,8OG8_VM8_1.pdb
L00448,DCAF1,8OG7,VMR,1,8OG7_VMR.pdb
L00449,DCAF1,8OGC,VMZ,1,8OGC_VMZ_1.pdb
L00450,DCAF1,8OGB,VN5,1,8OGB_VN5.pdb
L00451,CRBN,8OJH,VP9,1,8OJH_VP9.pdb
L00452,TRIM21,7HM4,VW4,1,7HM4_VW4.pdb
L00453,TRIM21,7HM1,VWV,1,7HM1_VWV.pdb
L00454,VHL,8CQK,VYQ,1,8CQK_VYQ_1.pdb
L00455,MDM2,3VZV,VZV,1,3VZV_VZV.pdb
L00456,TRIM21,7HN4,VZY,1,7HN4_VZY.pdb
L00457,TRIM21,7HMM,W0Y,1,7HMM_W0Y.pdb
L00458,CRBN,8OUA,W0Z,1,8OUA_W0Z.pdb
L00459,TRIM21,7HMU,W1A,1,7HMU_W1A.pdb
L00460,CRBN,8OU9,W1B,1,8OU9_W1B.pdb
L00461,CRBN,8OU7,W1F,1,8OU7_W1F.pdb
L00462,CRBN,8OU3,W1T,1,NOT_FOUND
L00463,CRBN,8OU5,W1X,1,8OU5_W1X.pdb
L00464,CRBN,8OU6,W26,1,8OU6_W26.pdb
L00465,CRBN,8OU4,W2F,1,8OU4_W2F.pdb
L00466,VHL,8P0F,WBN,1,8P0F_WBN_1.pdb
L00467,TRIM21,7HNA,WGM,1,7HNA_WGM.pdb
L00468,TRIM21,7HNX,WHP,1,7HNX_WHP.pdb
L00469,TRIM21,7HMX,WJA,1,7HMX_WJA.pdb
L00470,TRIM21,7HNK,WKG,1,7HNK_WKG.pdb
L00471,TRIM21,7HMG,WKS,1,7HMG_WKS.pdb
L00472,TRIM21,7HOA,WNY,1,7HOA_WNY.pdb
L00473,MDM2,3LBJ,WW8,1,3LBJ_WW8_1.pdb
L00474,TRIM21,7HML,X1J,1,NOT_FOUND
L00475,XIAP,3CM2,X23,1,3CM2_X23.pdb
L00476,VHL,4BKS,X6C,1,4BKS_X6C_1.pdb
L00477,DCAF1,8F8E,XJI,1,8F8E_XJI.pdb
L00478,KEAP1,5FNR,XMS,1,5FNR_XMS.pdb
L00479,KEAP1,5GIT,XXT,1,5GIT_XXT.pdb
L00481,KEAP1,5FNS,XYY,1,5FNS_XYY.pdb
L00482,MDM2,4MDN,Y30,1,4MDN_Y30.pdb
L00483,MDM2,3JZK,YIN,1,3JZK_YIN.pdb
L00484,DCAF16,8G46,YK3,1,8G46_YK3.pdb
L00485,CRBN,8G66,YOT,1,8G66_YOT.pdb
L00486,CRBN,8RDQ,YQO,1,8RDQ_YQO.pdb
L00487,TRIM21,7HMP,ZQA,1,NOT_FOUND
L00488,VHL,3ZTD,ZTD,1,3ZTD_ZTD_1.pdb
L00489,TRIM21,7HMY,ZTQ,1,7HMY_ZTQ.pdb
L00490,VHL,3ZUN,ZUN,1,3ZUN_ZUN_1.pdb
L00491,CRBN,9DWV,A36,1,9DWV_A36.pdb
L00492,CRBN,9DWW,A37,1,9DWW_A37.pdb
L00493,CRBN,9NFQ,A43,1,9NFQ_A43.pdb
L00494,CRBN,9NFR,A39,1,9NFR_A39.pdb
L00495,CRBN,9NGT,A38,1,9NGT_A38.pdb
L00496,DCAF1,9DLW,A47,1,9DLW_A47.pdb
L00497,KEAP1,9DU7,A41,1,9DU7_A41.pdb
L00498,TRIM21,7HLA,A05,2,NOT_FOUND
L00499,TRIM21,7HLA,A06,2,7HLA_A06_2.pdb
L00500,TRIM21,7HLF,A18,1,7HLF_A18.pdb
L00501,TRIM21,7HLG,A10,1,7HLG_A10.pdb
L00502,TRIM21,7HLI,A12,1,7HLI_A12.pdb
L00503,TRIM21,7HLO,A02,1,7HLO_A02.pdb
L00504,TRIM21,7HLP,A33,1,NOT_FOUND
L00505,TRIM21,7HLP,A34,1,7HLP_A34_1.pdb
L00507,TRIM21,7HLV,A27,2,NOT_FOUND
L00508,TRIM21,7HLV,A28,2,7HLV_A28_2.pdb
L00509,TRIM21,7HLW,A31,1,7HLW_A31.pdb
L00510,TRIM21,7HM0,A09,1,7HM0_A09.pdb
L00511,TRIM21,7HM6,A11,1,7HM6_A11.pdb
L00512,TRIM21,7HM7,A08,1,7HM7_A08.pdb
L00513,TRIM21,7HM9,A14,1,7HM9_A14.pdb
L00515,TRIM21,7HMI,A07,1,7HMI_A07.pdb
L00516,TRIM21,7HMR,A03,1,7HMR_A03.pdb
L00517,TRIM21,7HMT,A04,1,7HMT_A04.pdb
L00518,TRIM21,7HMZ,A35,1,7HMZ_A35.pdb
L00519,TRIM21,7HN1,A13,1,7HN1_A13.pdb
L00520,TRIM21,7HN2,A20,1,7HN2_A20.pdb
L00521,TRIM21,7HN3,A01,1,7HN3_A01.pdb
L00522,TRIM21,7HN6,A17,1,7HN6_A17.pdb
L00523,TRIM21,7HN8,A22,1,NOT_FOUND
L00524,TRIM21,7HN8,A23,1,7HN8_A23_1.pdb
L00525,TRIM21,7HN9,A26,1,7HN9_A26.pdb
L00526,TRIM21,7HNE,A24,1,7HNE_A24.pdb
L00527,TRIM21,7HNF,A21,1,7HNF_A21.pdb
L00528,TRIM21,7HNH,A16,1,7HNH_A16.pdb
L00529,TRIM21,7HNM,A29,1,7HNM_A29.pdb
L00530,TRIM21,7HNW,A30,1,7HNW_A30.pdb
L00531,TRIM21,7HO1,A25,1,7HO1_A25.pdb
L00532,TRIM21,7HO3,A32,1,7HO3_A32.pdb
L00533,TRIM21,7HO6,A15,1,7HO6_A15.pdb
L00534,TRIM21,9EK5,A42,1,9EK5_A42.pdb
L00535,VHL,9DTX,A45,1,9DTX_A45.pdb
L00536,VHL,9DTY,A46,1,9DTY_A46_1.pdb
L00537,VHL,9MR9,A44,1,9MR9_A44_1.pdb
L00538,CHIP,9QF1,A91,1,9QF1_A91.pdb
L00539,CHIP,9QFS,A87,1,9QFS_A87.pdb
L00540,CHIP,9QFY,A88,1,9QFY_A88.pdb
L00541,CRBN,9GAO,A82,1,9GAO_A82.pdb
L00542,CRBN,9GJQ,A81,1,9GJQ_A81.pdb
L00543,CRBN,9GY3,B03,1,9GY3_B03.pdb
L00544,CRBN,9H59,A86,1,9H59_A86.pdb
L00545,KEAP1,9HWR,A83,1,9HWR_A83.pdb
L00546,KEAP1,9HWS,A85,1,9HWS_A85.pdb
L00547,KEAP1,9HWT,A96,1,9HWT_A96.pdb
L00548,KEAP1,9HWU,A92,1,9HWU_A92.pdb
L00549,KEAP1,9HWV,A93,1,9HWV_A93.pdb
L00550,KEAP1,9HWW,A94,1,9HWW_A94.pdb
L00551,KEAP1,9HWX,A97,1,9HWX_A97.pdb
L00553,TRIM21,9Q9O,B00,1,9Q9O_B00.pdb
L00554,TRIM21,9Q9P,B01,1,9Q9P_B01.pdb
L00555,TRIM21,9Q9Q,A95,1,9Q9Q_A95.pdb
L00556,TRIM21,9Q9R,B02,1,9Q9R_B02.pdb
L00557,TRIM21,9QBA,A89,1,9QBA_A89.pdb
L00558,VHL,9GIO,A84,1,9GIO_A84.pdb
L00559,VHL,9HYN,B04,1,9HYN_B04_1.pdb
L00560,VHL,9HYO,B06,1,9HYO_B06.pdb
L00561,VHL,9HYP,B05,1,9HYP_B05.pdb
L00562,VHL,9QE4,A99,1,9QE4_A99_1.pdb
L00563,VHL,9QE5,A98,1,9QE5_A98_1.pdb
L00564,CRBN,4TZC,EF2,1,4TZC_EF2.pdb
L00565,CRBN,4V2Y,EF2,1,4V2Y_EF2.pdb
L00566,CRBN,4V32,EF2,1,4V32_EF2.pdb
L00567,CRBN,5AMH,EF2,1,5AMH_EF2.pdb
L00568,CRBN,5AMI,EF2,1,5AMI_EF2.pdb
L00569,CRBN,5AMJ,EF2,1,5AMJ_EF2.pdb
L00570,CRBN,5AMK,EF2,1,NOT_FOUND
L00571,CRBN,5OH1,EF2,1,NOT_FOUND
L00572,CRBN,5YIZ,EF2,1,5YIZ_EF2.pdb
L00573,CRBN,5YJ0,EF2,1,5YJ0_EF2.pdb
L00574,CRBN,6R0S,EF2,1,NOT_FOUND
L00575,CRBN,6R0U,EF2,1,6R0U_EF2.pdb
L00576,CRBN,6R12,EF2,1,6R12_EF2.pdb
L00577,CRBN,6R13,EF2,1,6R13_EF2.pdb
L00578,CRBN,6R18,EF2,1,6R18_EF2.pdb
L00579,CRBN,6R19,EF2,1,6R19_EF2.pdb
L00580,CRBN,6R1A,EF2,1,6R1A_EF2.pdb
L00581,CRBN,6R1C,EF2,1,6R1C_EF2.pdb
L00582,CRBN,6R1W,EF2,1,6R1W_EF2.pdb
L00583,CRBN,7BQU,EF2,1,7BQU_EF2.pdb
L00584,CRBN,7PSO,EF2,1,7PSO_EF2.pdb
L00585,CRBN,8BC7,EF2,1,8BC7_EF2.pdb
L00586,CRBN,8OU3,EF2,1,8OU3_EF2.pdb
L00587,CRBN,8RDR,A67,1,8RDR_A67.pdb
L00588,CRBN,8RDS,A65,1,8RDS_A65.pdb
L00589,CRBN,8RDT,A68,1,8RDT_A68.pdb
L00590,CRBN,8RQ9,A79,1,8RQ9_A79.pdb
L00591,DCAF15,8ROX,A71,1,8ROX_A71.pdb
L00592,DCAF15,8ROY,A72,1,8ROY_A72.pdb
L00593,KEAP1,9ETX,A70,1,9ETX_A70.pdb
L00594,KEAP1,9ETY,A69,1,9ETY_A69.pdb
L00595,KEAP1,9F2P,A73,1,9F2P_A73.pdb
L00596,KEAP1,9F2Q,A74,1,9F2Q_A74.pdb
L00597,VHL,9EQJ,A77,1,9EQJ_A77_1.pdb
L00598,VHL,9EQM,A78,1,9EQM_A78.pdb
L00599,VHL,9F1M,A75,1,9F1M_A75_1.pdb
L00600,VHL,9F1N,A76,1,9F1N_A76_1.pdb
L00601,CRBN,9ODR,A53,1,9ODR_A53.pdb
L00602,CRBN,9ODS,A52,1,9ODS_A52.pdb
L00603,CRBN,9OHQ,A56,1,9OHQ_A56.pdb
L00604,CRBN,9OHR,A57,1,9OHR_A57.pdb
L00605,CRBN,9Q03,A60,1,9Q03_A60.pdb
L00606,CRBN,9Q22,A54,1,9Q22_A54.pdb
L00607,DCAF1,9PLY,A58,1,9PLY_A58.pdb
L00608,DCAF1,9Y76,A59,1,9Y76_A59.pdb
L00611,VHL,9OIO,A51,1,9OIO_A51_1.pdb
L00613,CRBN,4TZU,Y70,1,4TZU_Y70.pdb
L00614,CRBN,4V2Z,Y70,1,4V2Z_Y70.pdb
L00615,CRBN,6H0F,Y70,1,6H0F_Y70.pdb
L00616,CRBN,6H0G,Y70,1,6H0G_Y70.pdb
L00617,CRBN,6UML,Y70,1,6UML_Y70.pdb
L00618,CRBN,8D81,Y70,1,8D81_Y70.pdb
L00619,CRBN,8OIZ,Y70,1,8OIZ_Y70.pdb
L00620,CRBN,8TNP,Y70,1,8TNP_Y70.pdb
L00621,CRBN,8U16,Y70,1,8U16_Y70.pdb
L00622,CRBN,8U17,Y70,1,8U17_Y70.pdb
L00623,KEAP1,8XGK,B13,1,8XGK_B13.pdb
L00624,KEAP1,8XGV,B14,1,8XGV_B14.pdb
L00625,KEAP1,9UO8,B15,1,9UO8_B15.pdb
L00626,KEAP1,9VD2,B16,1,9VD2_B16.pdb
L00627,VHL,8YMB,B17,1,8YMB_B17_1.pdb
L00631,VHL,9L6F,B18,1,9L6F_B18_1.pdb
L00632,MDM2,4J3E,NUT,1,4J3E_NUT.pdb
L00633,MDM2,5C5A,NUT,1,5C5A_NUT.pdb
L00634,MDM2,5Z02,NUT,1,5Z02_NUT.pdb
L00635,MDM2,5ZXF,NUT,1,5ZXF_NUT.pdb
L00636,MDM2,7C3Q,NUT,1,7C3Q_NUT.pdb
L00637,MDM2,7C3Y,NUT,1,7C3Y_NUT.pdb
L00638,MDM2,7C44,NUT,1,7C44_NUT.pdb
L00639,MDM2,8HDG,NUT,1,8HDG_NUT.pdb
L00640,MDM2,8IA5,NUT,1,8IA5_NUT.pdb
L00641,MDM2,4N5T,0EH,1,4N5T_0EH.pdb
L00642,MDM2,4UMN,0EH,1,4UMN_0EH.pdb
L00643,MDM2,5XXK,0EH,1,5XXK_0EH.pdb
L00644,MDM2,6AAW,0EH,1,6AAW_0EH.pdb
L00645,MDM2,6V4E,0EH,1,6V4E_0EH.pdb
L00646,MDM2,6V4G,0EH,1,6V4G_0EH.pdb
L00647,MDM2,8GJS,0EH,1,8GJS_0EH.pdb
L00648,HUWE1,2DPI,DCP,1,2DPI_DCP.pdb
L00649,HUWE1,3GQC,DCP,1,3GQC_DCP.pdb
L00650,HUWE1,3Q8P,DCP,1,3Q8P_DCP.pdb
L00651,HUWE1,4EYH,DCP,1,4EYH_DCP.pdb
L00652,HUWE1,4FS2,DCP,1,4FS2_DCP.pdb
L00653,CRBN,4TZ4,LVY,1,4TZ4_LVY.pdb
L00654,CRBN,4V30,LVY,1,4V30_LVY.pdb
L00655,CRBN,5FQD,LVY,1,5FQD_LVY.pdb
L00656,CRBN,8RQA,LVY,1,8RQA_LVY.pdb
L00657,CRBN,9FJX,LVY,1,9FJX_LVY.pdb
L00658,CRBN,8D7V,QFC,1,8D7V_QFC.pdb
L00659,CRBN,8D7W,QFC,1,8D7W_QFC.pdb
L00660,CRBN,8D7Z,QFC,1,8D7Z_QFC.pdb
L00661,CRBN,8RQ8,QFC,1,8RQ8_QFC.pdb
L00662,CRBN,8RQC,QFC,1,8RQC_QFC.pdb
L00663,HUWE1,7H5V,PHN,1,NOT_FOUND
L00664,HUWE1,7H5X,PHN,1,NOT_FOUND
L00665,HUWE1,7H5Y,PHN,1,NOT_FOUND
L00666,HUWE1,7H5Z,PHN,1,NOT_FOUND
L00667,MDM2,2GV2,6CW,1,2GV2_6CW.pdb
L00668,MDM2,3FEA,6CW,1,3FEA_6CW.pdb
L00669,MDM2,5XXK,6CW,1,5XXK_6CW.pdb
L00670,HUWE1,3Q8Q,8OG,1,3Q8Q_8OG.pdb
L00671,HUWE1,3Q8R,8OG,1,3Q8R_8OG.pdb
L00672,HUWE1,3Q8S,8OG,1,3Q8S_8OG.pdb
L00673,CRBN,7PS9,8W7,1,7PS9_8W7.pdb
L00674,CRBN,8D80,8W7,1,8D80_8W7.pdb
L00675,CRBN,8U15,8W7,1,8U15_8W7.pdb
L00678,TRIM21,9M3N,A61,1,9M3N_A61.pdb
L00679,HUWE1,3GV8,DGT,1,3GV8_DGT.pdb
L00680,HUWE1,3H4D,DGT,1,3H4D_DGT.pdb
L00681,HUWE1,3Q8R,DGT,1,3Q8R_DGT.pdb
L00682,HUWE1,3Q8Q,DTP,1,3Q8Q_DTP.pdb
L00683,HUWE1,4EBE,DTP,1,4EBE_DTP.pdb
L00684,HUWE1,4EYI,DTP,1,4EYI_DTP.pdb
L00685,HUWE1,3G6X,3DR,1,3G6X_3DR.pdb
L00686,HUWE1,3G6Y,3DR,1,3G6Y_3DR.pdb
L00687,VHL,8VLB,3JF,1,8VLB_3JF.pdb
L00688,VHL,9GIO,3JF,1,NOT_FOUND
L00689,DCAF15,6SJ7,EF6,1,6SJ7_EF6.pdb
L00690,DCAF15,6UD7,EF6,1,6UD7_EF6.pdb
L00691,KEAP1,7XM2,GFD,2,7XM2_GFD_2.pdb
L00692,KEAP1,9J71,GFD,1,NOT_FOUND
L00693,KEAP1,9J7G,GFD,1,NOT_FOUND
L00694,PARKIN,2YMV,PGE,1,2YMV_PGE_1.pdb
L00695,PARKIN,2YMV,PGE,1,2YMV_PGE_1.pdb
L00696,VHL,9RP9,PGE,1,NOT_FOUND
L00697,MDM2,3FE7,PM3,1,NOT_FOUND
L00698,MDM2,3FEA,PM3,1,3FEA_PM3.pdb
L00699,MDM2,3VBG,03M,1,3VBG_03M.pdb
L00700,HUWE1,5KT6,0KX,1,5KT6_0KX.pdb
L00701,cIAP1,4HY0,1AQ,1,4HY0_1AQ.pdb
L00702,cIAP1,4HY5,1AQ,1,4HY5_1AQ.pdb
L00703,cIAP2,4HY0,1AQ,1,4HY0_1AQ.pdb
L00704,cIAP2,4HY5,1AQ,1,4HY5_1AQ.pdb
L00705,MDM2,5J7G,6GG,1,5J7G_6GG.pdb
L00706,XIAP,5M6N,7H9,1,5M6N_7H9.pdb
L00707,cIAP1,5M6L,7H9,1,5M6L_7H9.pdb
L00708,cIAP1,5M6N,7H9,1,5M6N_7H9.pdb
L00709,cIAP2,5M6N,7H9,1,5M6N_7H9.pdb
L00710,CRBN,9Q2D,85C,1,9Q2D_85C.pdb
L00711,MDM2,5VK1,9E7,1,5VK1_9E7.pdb
L00712,CRBN,9SAF,B08,1,9SAF_B08.pdb
L00713,HUWE1,4EYI,DG8,1,4EYI_DG8.pdb
L00714,HUWE1,2DPJ,EDA,1,2DPJ_EDA.pdb
L00715,VHL,6GMR,F4K,1,6GMR_F4K.pdb
L00716,KEAP1,3VNH,FUU,1,3VNH_FUU.pdb
L00717,MDM2,6Q9U,HRE,1,6Q9U_HRE.pdb
L00718,KEAP1,8Q1R,IZS,1,NOT_FOUND
L00719,SOCS2,7ZLS,JH9,1,7ZLS_JH9.pdb
L00720,DCAF1,8OG5,LQH,2,8OG5_LQH_2.pdb
L00721,DCAF1,8OG5,LQH,3,8OG5_LQH_3.pdb
L00722,DCAF1,8OG6,LQH,1,8OG6_LQH_1.pdb
L00723,DCAF1,8OG6,LQH,2,8OG6_LQH_2.pdb
L00724,CRBN,8DEY,LWK,1,8DEY_LWK.pdb
L00725,PARKIN,4I74,MBY,1,4I74_MBY.pdb
L00726,CRBN,8TNR,MIQ,1,8TNR_MIQ.pdb
L00727,MDM2,2AXI,MPO,1,NOT_FOUND
L00728,DCAF15,6Q0R,O6M,1,6Q0R_O6M.pdb
L00729,KEAP1,6V6Z,Q5Y,1,6V6Z_Q5Y.pdb
L00730,CRBN,9E2U,RN9,1,9E2U_RN9.pdb
L00731,XIAP,3MUP,SMK,1,3MUP_SMK.pdb
L00732,cIAP1,3EYL,SMK,1,3EYL_SMK.pdb
L00733,cIAP1,3MUP,SMK,1,3MUP_SMK.pdb
L00734,cIAP2,3EYL,SMK,1,3EYL_SMK.pdb
L00735,cIAP2,3MUP,SMK,1,3MUP_SMK.pdb
L00736,HUWE1,7BKY,U1E,1,7BKY_U1E.pdb
L00737,MDM2,9GFK,B20,2,NOT_FOUND
L00738,MDM2,9GFK,B21,2,9GFK_B21_2.pdb
L00739,XIAP,3CM7,X22,1,3CM7_X22.pdb
L00740,cIAP1,3CLX,X22,1,3CLX_X22.pdb
L00741,cIAP1,3CM7,X22,1,3CM7_X22.pdb
L00742,cIAP2,3CLX,X22,1,3CLX_X22.pdb
L00743,cIAP2,3CM7,X22,1,3CM7_X22.pdb
L00744,KEAP1,6TYM,08A,2,6TYM_08A_2.pdb
L00745,cIAP2,4HY4,1BG,1,4HY4_1BG.pdb
L00746,cIAP1,4KJU,1RH,1,4KJU_1RH.pdb
L00747,cIAP1,4KJV,1RK,1,4KJV_1RK.pdb
L00748,cIAP2,4LGE,1Y0,1,4LGE_1Y0.pdb
L00749,cIAP2,4LGU,1YH,1,4LGU_1YH.pdb
L00750,MDM2,4MDQ,28W,2,4MDQ_28W_2.pdb
L00751,cIAP2,4MTI,2DX,1,4MTI_2DX.pdb
L00752,cIAP2,4MU7,2DY,1,4MU7_2DY.pdb
L00753,cIAP1,4EC4,2PE,1,NOT_FOUND
L00754,cIAP2,4EC4,2PE,1,NOT_FOUND
L00755,cIAP1,3F7G,389,389,NOT_FOUND
L00756,cIAP2,3F7G,389,389,NOT_FOUND
L00758,KEAP1,4IN4,4ID,2,4IN4_4ID_2.pdb
L00759,cIAP1,4WVS,4LZ,1,NOT_FOUND
L00760,cIAP1,5C0L,4WJ,1,5C0L_4WJ.pdb
L00761,cIAP1,5C0K,4WK,1,5C0K_4WK.pdb
L00762,cIAP1,5C3H,4XE,1,5C3H_4XE.pdb
L00763,cIAP1,5C3K,4XF,1,5C3K_4XF.pdb
L00764,cIAP1,5C7C,4YC,1,5C7C_4YC.pdb
L00765,cIAP1,5C7B,4YD,1,5C7B_4YD.pdb
L00766,cIAP1,5C7A,4YE,1,5C7A_4YE.pdb
L00767,cIAP1,5C7D,4YF,1,5C7D_4YF.pdb
L00768,cIAP1,5C84,4YL,1,5C84_4YL.pdb
L00769,cIAP1,5C83,4YN,1,5C83_4YN.pdb
L00770,cIAP1,3GT9,516,516,3GT9_516.pdb
L00771,cIAP2,3GT9,516,516,3GT9_516.pdb
L00772,cIAP1,5M6M,7H8,1,5M6M_7H8.pdb
L00773,cIAP1,5M6E,7HT,1,5M6E_7HT.pdb
L00774,cIAP1,5M6F,7HU,1,5M6F_7HU.pdb
L00775,cIAP1,5M6H,7J6,1,5M6H_7J6.pdb
L00776,cIAP1,1TFT,997,997,1TFT_997.pdb
L00777,cIAP1,1TFQ,998,998,1TFQ_998.pdb
L00778,cIAP1,3HL5,9JZ,1,3HL5_9JZ.pdb
L00779,cIAP1,5OQW,A4E,1,5OQW_A4E.pdb
L00780,cIAP1,2JK7,BI6,1,2JK7_BI6.pdb
L00781,cIAP2,2JK7,BI6,1,2JK7_BI6.pdb
L00782,MDM2,7NUS,BIF,2,7NUS_BIF_2.pdb
L00783,cIAP1,3OZ1,BMB,1,3OZ1_BMB.pdb
L00784,cIAP2,3OZ1,BMB,1,3OZ1_BMB.pdb
L00785,cIAP1,6EXW,C3K,1,6EXW_C3K.pdb
L00786,cIAP2,6EXW,C3K,1,6EXW_C3K.pdb
L00787,cIAP1,6EY2,C3T,1,6EY2_C3T.pdb
L00788,cIAP2,6EY2,C3T,1,6EY2_C3T.pdb
L00789,cIAP1,2OPY,CO9,1,2OPY_CO9.pdb
L00790,HUWE1,5QBK,D97,2,5QBK_D97_2.pdb
L00791,cIAP1,6H6R,FUE,1,6H6R_FUE.pdb
L00792,cIAP1,6H6Q,FUK,1,6H6Q_FUK.pdb
L00793,HUWE1,5Y5C,HXA,1,5Y5C_HXA_1.pdb
L00794,MDM2,4J74,I18,2,4J74_I18_2.pdb
L00795,MDM2,1RV1,IMZ,2,1RV1_IMZ_2.pdb
L00796,cIAP1,7TRM,IUN,1,7TRM_IUN.pdb
L00797,cIAP2,7TRM,IUN,1,7TRM_IUN.pdb
L00798,KEAP1,6QMD,J6N,2,6QMD_J6N_2.pdb
L00799,TRIM21,7HLT,K1G,2,7HLT_K1G_2.pdb
L00800,TRIM21,7HMF,RZJ,2,7HMF_RZJ_2.pdb
L00801,TRIM21,7HLU,S0V,2,7HLU_S0V_2.pdb
L00802,DCAF1,8OG9,VM3,2,8OG9_VM3_2.pdb
L00803,DCAF1,8OG8,VM8,2,8OG8_VM8_2.pdb
L00804,DCAF1,8OGC,VMZ,2,8OGC_VMZ_2.pdb
L00805,MDM2,3LBJ,WW8,2,3LBJ_WW8_2.pdb
L00806,cIAP1,3CM2,X23,1,3CM2_X23.pdb
L00807,cIAP2,3CM2,X23,1,3CM2_X23.pdb
L00808,TRIM21,7HMP,ZQA,1,NOT_FOUND
L00808,TRIM21,7HMP,ZQA,2,7HMP_ZQA_2.pdb
