Scaffold_Hash,Scaffold_ID_Group
bec95c18,"CHIP_SCAF_1, HUWE1_SCAF_5"
5d57d650,"CHIP_SCAF_2, HUWE1_SCAF_4, PARKIN_SCAF_25"
dd2ba3e3,"CHIP_SCAF_3, HUWE1_SCAF_1"
fac55069,CHIP_SCAF_4
3fdb2b75,CHIP_SCAF_5
6d930456,"CHIP_SCAF_6, CRBN_SCAF_34, KEAP1_SCAF_55, MDM2_SCAF_76, TRIM21_SCAF_56, VHL_SCAF_29"
84480431,"CHIP_SCAF_7, CRBN_SCAF_36, HUWE1_SCAF_21, KEAP1_SCAF_11, MDM2_SCAF_5, PARKIN_SCAF_11, TRIM21_SCAF_2, XIAP_SCAF_14, cIAP1_SCAF_17"
855910bc,CRBN_SCAF_1
43f1414e,CRBN_SCAF_2
427a14f4,"CRBN_SCAF_3, HUWE1_SCAF_6"
cefeac87,CRBN_SCAF_4
afaf882a,CRBN_SCAF_5
5a155197,CRBN_SCAF_6
4909685b,CRBN_SCAF_7
ca830c99,CRBN_SCAF_8
273099a7,CRBN_SCAF_9
ab9faff6,CRBN_SCAF_10
fffd9473,CRBN_SCAF_11
a50edc35,CRBN_SCAF_12
0f8f30b6,CRBN_SCAF_13
b5d8c602,CRBN_SCAF_14
cd394483,CRBN_SCAF_15
848a5bd1,CRBN_SCAF_16
9ea40b00,CRBN_SCAF_17
629d8141,"CRBN_SCAF_18, HUWE1_SCAF_22"
ed7b80c0,CRBN_SCAF_19
6a2966dc,CRBN_SCAF_20
10b06a9f,CRBN_SCAF_21
9df3e0bf,CRBN_SCAF_22
b7614781,CRBN_SCAF_23
4556ee91,CRBN_SCAF_24
cdbc44ed,CRBN_SCAF_25
03da879d,CRBN_SCAF_26
477b27df,CRBN_SCAF_27
23d7282c,CRBN_SCAF_28
fd8a02f9,"CRBN_SCAF_29, DCAF15_SCAF_3, KEAP1_SCAF_53, VHL_SCAF_28"
9f3c713c,CRBN_SCAF_30
d99014c2,CRBN_SCAF_31
a55574c2,CRBN_SCAF_32
606001e6,"CRBN_SCAF_33, DCAF1_SCAF_10, KEAP1_SCAF_52, TRIM21_SCAF_1, VHL_SCAF_27"
d11e055c,"CRBN_SCAF_35, DCAF1_SCAF_11, VHL_SCAF_30"
6ea387f3,DCAF1_SCAF_1
697c0e3f,DCAF1_SCAF_2
2054ec20,DCAF1_SCAF_3
659ffb71,DCAF1_SCAF_4
f90df9ca,DCAF1_SCAF_5
aec72761,DCAF1_SCAF_6
db3864ed,DCAF1_SCAF_7
d91107e6,DCAF1_SCAF_8
6613fdd5,DCAF1_SCAF_9
d38cedba,DCAF15_SCAF_1
9caccf97,DCAF15_SCAF_2
3f8d288b,DCAF16_SCAF_1
457de220,HUWE1_SCAF_2
65795e83,"HUWE1_SCAF_3, RNF4_SCAF_1"
f5eb2f86,HUWE1_SCAF_7
cfa9a5d7,HUWE1_SCAF_8
997b697d,HUWE1_SCAF_9
3a594800,HUWE1_SCAF_10
bd615db5,HUWE1_SCAF_11
f7bf1bc0,HUWE1_SCAF_12
7718f69b,HUWE1_SCAF_13
3aca7c1e,HUWE1_SCAF_14
ea1e3ae9,HUWE1_SCAF_15
72a958c3,HUWE1_SCAF_16
bdfaa371,HUWE1_SCAF_17
5a256859,HUWE1_SCAF_18
88e5f8a8,HUWE1_SCAF_19
01f31866,HUWE1_SCAF_20
418e9198,"HUWE1_SCAF_23, KEAP1_SCAF_51, VHL_SCAF_26"
d28d1202,"HUWE1_SCAF_24, MDM2_SCAF_4"
ecbb6fde,KEAP1_SCAF_1
0b26e46c,KEAP1_SCAF_2
05912b3c,KEAP1_SCAF_3
311b46d0,KEAP1_SCAF_4
f5221fa3,KEAP1_SCAF_5
e51c3915,KEAP1_SCAF_6
58de46d6,KEAP1_SCAF_7
3e8a6e51,KEAP1_SCAF_8
200a7ad8,KEAP1_SCAF_9
8a66dc8b,KEAP1_SCAF_10
21fa3abd,KEAP1_SCAF_12
749cfe5e,KEAP1_SCAF_13
6690bd52,KEAP1_SCAF_14
ed248cf5,KEAP1_SCAF_15
fbf7beea,KEAP1_SCAF_16
5b76b7c4,KEAP1_SCAF_17
4122a3fc,KEAP1_SCAF_18
5f6bf38c,KEAP1_SCAF_19
0c9c5086,"KEAP1_SCAF_20, VHL_SCAF_4"
8941fde7,KEAP1_SCAF_21
7a05a74a,KEAP1_SCAF_22
d2b2082b,KEAP1_SCAF_23
784e9d43,KEAP1_SCAF_24
9743720e,KEAP1_SCAF_25
8ba0d4d3,KEAP1_SCAF_26
5b9dfb66,KEAP1_SCAF_27
601df7fa,KEAP1_SCAF_28
05d6bd3a,KEAP1_SCAF_29
d144aeed,KEAP1_SCAF_30
d8b09612,KEAP1_SCAF_31
545e0110,KEAP1_SCAF_32
9cdf7ded,"KEAP1_SCAF_33, PARKIN_SCAF_8, VHL_SCAF_31"
a78e8c0c,KEAP1_SCAF_34
9e365274,KEAP1_SCAF_35
6e858b26,"KEAP1_SCAF_36, PARKIN_SCAF_6, XIAP_SCAF_19, cIAP1_SCAF_22"
215388a7,KEAP1_SCAF_37
ff98e116,KEAP1_SCAF_38
b7d94b09,KEAP1_SCAF_39
8c37b4c2,KEAP1_SCAF_40
2dcdd72a,KEAP1_SCAF_41
4e40daf6,KEAP1_SCAF_42
fdc4993a,KEAP1_SCAF_43
732c4ad7,KEAP1_SCAF_44
ba7c36bc,KEAP1_SCAF_45
2ac424a4,KEAP1_SCAF_46
33214da9,KEAP1_SCAF_47
df70ed2d,KEAP1_SCAF_48
ba00abb2,KEAP1_SCAF_49
88d33583,KEAP1_SCAF_50
fdda635e,KEAP1_SCAF_54
d4571a39,"KEAP1_SCAF_56, TRIM21_SCAF_55"
657824d7,MDM2_SCAF_1
054011cd,MDM2_SCAF_2
76e053ce,"MDM2_SCAF_3, PARKIN_SCAF_23"
52704820,MDM2_SCAF_6
a9088d7c,MDM2_SCAF_7
a943107d,MDM2_SCAF_8
b6ffddda,MDM2_SCAF_9
547d16b0,MDM2_SCAF_10
e382b95a,MDM2_SCAF_11
9a1ef120,MDM2_SCAF_12
b20186f1,MDM2_SCAF_13
3c1e3220,MDM2_SCAF_14
22b7fbe5,MDM2_SCAF_15
931cf8e6,MDM2_SCAF_16
dffb209f,MDM2_SCAF_17
aa88e98f,MDM2_SCAF_18
84493f45,MDM2_SCAF_19
f5a6accc,MDM2_SCAF_20
9bb58abe,MDM2_SCAF_21
fdf443c4,MDM2_SCAF_22
81ca2531,MDM2_SCAF_23
ae829f54,MDM2_SCAF_24
576b7dc5,MDM2_SCAF_25
b7615f35,MDM2_SCAF_26
0974fe39,MDM2_SCAF_27
f2ef1c83,MDM2_SCAF_28
14ecf041,MDM2_SCAF_29
95dce6f8,MDM2_SCAF_30
200c7a51,MDM2_SCAF_31
ba39e885,MDM2_SCAF_32
b0a830e9,MDM2_SCAF_33
6cdfcc16,MDM2_SCAF_34
0a948780,MDM2_SCAF_35
fc3dd42b,MDM2_SCAF_36
d57286f6,MDM2_SCAF_37
33f38001,MDM2_SCAF_38
9ea96aba,MDM2_SCAF_39
48835cce,MDM2_SCAF_40
19cbd182,MDM2_SCAF_41
7d0a20e1,MDM2_SCAF_42
3f20c54c,MDM2_SCAF_43
73fd9f11,MDM2_SCAF_44
62de56c3,MDM2_SCAF_45
c8c269bd,MDM2_SCAF_46
64c81027,MDM2_SCAF_47
d60e61a2,MDM2_SCAF_48
f3654ef1,MDM2_SCAF_49
cf65167f,MDM2_SCAF_50
73ccda29,MDM2_SCAF_51
d9f8c9bc,MDM2_SCAF_52
4b6bd29d,MDM2_SCAF_53
4f89bf3a,MDM2_SCAF_54
dc0f23a0,MDM2_SCAF_55
e49e978b,MDM2_SCAF_56
248c0365,MDM2_SCAF_57
5217525e,MDM2_SCAF_58
1598960e,MDM2_SCAF_59
50205b12,MDM2_SCAF_60
95a32f76,MDM2_SCAF_61
9a3c10da,MDM2_SCAF_62
e4be4882,MDM2_SCAF_63
ea834380,MDM2_SCAF_64
b3d65f27,MDM2_SCAF_65
fb2e9aae,MDM2_SCAF_66
09182dfe,MDM2_SCAF_67
8dad697d,MDM2_SCAF_68
5dff3bdd,MDM2_SCAF_69
f9a97b1d,MDM2_SCAF_70
fdc27f1b,"MDM2_SCAF_71, TRIM21_SCAF_17"
44f91ce6,MDM2_SCAF_72
27f4bd90,MDM2_SCAF_73
303a45df,MDM2_SCAF_74
75f256af,MDM2_SCAF_75
d188eb66,PARKIN_SCAF_1
916ab13b,PARKIN_SCAF_2
8663ca34,PARKIN_SCAF_3
c80b03ef,PARKIN_SCAF_4
ceef9340,PARKIN_SCAF_5
cc888dd4,PARKIN_SCAF_7
4b18425e,PARKIN_SCAF_9
69306472,PARKIN_SCAF_10
c5895939,PARKIN_SCAF_12
cc62a689,PARKIN_SCAF_13
0d062fb7,PARKIN_SCAF_14
69c09a22,PARKIN_SCAF_15
44a24381,PARKIN_SCAF_16
fe4d3ce8,PARKIN_SCAF_17
51a339b3,PARKIN_SCAF_18
9315ad9d,PARKIN_SCAF_19
55c78e9f,PARKIN_SCAF_20
96990ef9,PARKIN_SCAF_21
ffd24f41,PARKIN_SCAF_22
66ab85a7,PARKIN_SCAF_24
2a7056c3,SOCS2_SCAF_1
d62d2319,TRIM21_SCAF_3
3f497d2a,TRIM21_SCAF_4
78c19104,TRIM21_SCAF_5
d36dd10f,TRIM21_SCAF_6
0352effe,TRIM21_SCAF_7
9026356b,TRIM21_SCAF_8
440a2599,TRIM21_SCAF_9
58840756,TRIM21_SCAF_10
03d306f1,TRIM21_SCAF_11
f48093b6,TRIM21_SCAF_12
42d11f8e,TRIM21_SCAF_13
46b2df0a,TRIM21_SCAF_14
04a504e5,TRIM21_SCAF_15
71e176b9,TRIM21_SCAF_16
266cb6e5,TRIM21_SCAF_18
476f01aa,TRIM21_SCAF_19
a12ded4e,TRIM21_SCAF_20
9dd65402,TRIM21_SCAF_21
0208c5f7,TRIM21_SCAF_22
d04a9143,TRIM21_SCAF_23
81294929,TRIM21_SCAF_24
4aa57ab9,TRIM21_SCAF_25
b12d2bae,TRIM21_SCAF_26
8cf2f5b0,TRIM21_SCAF_27
e0534dde,TRIM21_SCAF_28
975d2ac9,TRIM21_SCAF_29
e23354e6,TRIM21_SCAF_30
927a5aa0,TRIM21_SCAF_31
aaa797d1,TRIM21_SCAF_32
83ca8cdc,TRIM21_SCAF_33
4b4e1381,TRIM21_SCAF_34
838d76c6,TRIM21_SCAF_35
acf29944,TRIM21_SCAF_36
3c8c6edd,TRIM21_SCAF_37
c3f67ded,TRIM21_SCAF_38
8c4ac105,TRIM21_SCAF_39
7f020b71,TRIM21_SCAF_40
b1d4ae91,TRIM21_SCAF_41
78363d00,TRIM21_SCAF_42
dc044fcc,TRIM21_SCAF_43
d25f5123,TRIM21_SCAF_44
8b8606dd,TRIM21_SCAF_45
650cd44b,TRIM21_SCAF_46
d0803b34,TRIM21_SCAF_47
0ab95c98,TRIM21_SCAF_48
6b1feee5,TRIM21_SCAF_49
73a4b3a0,TRIM21_SCAF_50
3abb8de5,TRIM21_SCAF_51
5f981568,TRIM21_SCAF_52
1bfde91c,TRIM21_SCAF_53
501ba652,TRIM21_SCAF_54
1c68c6aa,VHL_SCAF_1
a206ee97,VHL_SCAF_2
547860ce,VHL_SCAF_3
74c61762,VHL_SCAF_5
7853869a,VHL_SCAF_6
2f4e06f9,VHL_SCAF_7
aa21f795,VHL_SCAF_8
5bc2018d,VHL_SCAF_9
f37980cf,VHL_SCAF_10
7b959f4d,VHL_SCAF_11
d38b8da6,VHL_SCAF_12
7125e221,VHL_SCAF_13
028501d0,VHL_SCAF_14
a0f74cc8,VHL_SCAF_15
cf71c7bd,VHL_SCAF_16
ba23acf6,VHL_SCAF_17
c37b8e41,VHL_SCAF_18
58d2bc36,VHL_SCAF_19
f4e5ab05,VHL_SCAF_20
bea0643f,VHL_SCAF_21
d76f166a,VHL_SCAF_22
b5755989,VHL_SCAF_23
d452ed21,VHL_SCAF_24
819f3ec1,VHL_SCAF_25
845c2a03,"XIAP_SCAF_1, cIAP1_SCAF_1"
cc07a361,"XIAP_SCAF_2, cIAP1_SCAF_2"
808aaf5a,"XIAP_SCAF_3, cIAP1_SCAF_3, cIAP2_SCAF_1"
05ed9593,"XIAP_SCAF_4, cIAP1_SCAF_4"
86112abb,"XIAP_SCAF_5, cIAP1_SCAF_5, cIAP2_SCAF_2"
e92730ce,"XIAP_SCAF_6, cIAP1_SCAF_6, cIAP2_SCAF_3"
dfdb2cfd,"XIAP_SCAF_7, cIAP1_SCAF_7, cIAP2_SCAF_4"
fcbdec10,"XIAP_SCAF_8, cIAP1_SCAF_8"
0e348e9a,"XIAP_SCAF_9, cIAP1_SCAF_9, cIAP2_SCAF_5"
e5f67adf,"XIAP_SCAF_10, cIAP1_SCAF_10, cIAP2_SCAF_6"
3aef03a4,"XIAP_SCAF_11, cIAP1_SCAF_11, cIAP2_SCAF_7"
8136ed5a,"XIAP_SCAF_12, cIAP1_SCAF_13"
ef4468ce,"XIAP_SCAF_13, cIAP1_SCAF_14"
e34d63fe,"XIAP_SCAF_15, cIAP1_SCAF_18"
7a4f034f,"XIAP_SCAF_16, cIAP1_SCAF_19"
fe17a566,"XIAP_SCAF_17, cIAP1_SCAF_20"
501d7a4f,"XIAP_SCAF_18, cIAP1_SCAF_21"
08273223,"XIAP_SCAF_20, cIAP1_SCAF_23"
af6f7d1d,"XIAP_SCAF_21, cIAP1_SCAF_24"
51c9b391,"XIAP_SCAF_22, cIAP1_SCAF_25"
916993d8,"XIAP_SCAF_23, cIAP1_SCAF_26"
5fb8894c,"XIAP_SCAF_24, cIAP1_SCAF_27"
b06583e1,"XIAP_SCAF_25, cIAP1_SCAF_28"
5b0666c1,"XIAP_SCAF_26, cIAP1_SCAF_29"
4f566597,"XIAP_SCAF_27, cIAP1_SCAF_30, cIAP2_SCAF_11"
0984263b,"XIAP_SCAF_28, cIAP1_SCAF_31"
1deaa7e0,"XIAP_SCAF_29, cIAP1_SCAF_32, cIAP2_SCAF_12"
cd292a78,"XIAP_SCAF_30, cIAP1_SCAF_33, cIAP2_SCAF_13"
93431998,"XIAP_SCAF_31, cIAP1_SCAF_34"
e824a4a1,"XIAP_SCAF_32, cIAP1_SCAF_35"
8a6ea694,"XIAP_SCAF_33, cIAP1_SCAF_36, cIAP2_SCAF_14"
86e5249e,"cIAP1_SCAF_12, cIAP2_SCAF_8"
1e9cfb1c,"cIAP1_SCAF_15, cIAP2_SCAF_9"
fc695298,"cIAP1_SCAF_16, cIAP2_SCAF_10"
