Unified_Scaffold_ID,Scaffold_Hash,Original_Scaffold_ID
LR-SCAF00001,bec95c18,CHIP_SCAF_1
LR-SCAF00001,bec95c18,HUWE1_SCAF_5
LR-SCAF00002,5d57d650,CHIP_SCAF_2
LR-SCAF00002,5d57d650,HUWE1_SCAF_4
LR-SCAF00002,5d57d650,PARKIN_SCAF_25
LR-SCAF00003,dd2ba3e3,CHIP_SCAF_3
LR-SCAF00003,dd2ba3e3,HUWE1_SCAF_1
LR-SCAF00004,fac55069,CHIP_SCAF_4
LR-SCAF00005,3fdb2b75,CHIP_SCAF_5
LR-SCAF00006,6d930456,CHIP_SCAF_6
LR-SCAF00006,6d930456,CRBN_SCAF_34
LR-SCAF00006,6d930456,KEAP1_SCAF_55
LR-SCAF00006,6d930456,MDM2_SCAF_76
LR-SCAF00006,6d930456,TRIM21_SCAF_56
LR-SCAF00006,6d930456,VHL_SCAF_29
LR-SCAF00007,84480431,CHIP_SCAF_7
LR-SCAF00007,84480431,CRBN_SCAF_36
LR-SCAF00007,84480431,HUWE1_SCAF_21
LR-SCAF00007,84480431,KEAP1_SCAF_11
LR-SCAF00007,84480431,MDM2_SCAF_5
LR-SCAF00007,84480431,PARKIN_SCAF_11
LR-SCAF00007,84480431,TRIM21_SCAF_2
LR-SCAF00007,84480431,XIAP_SCAF_14
LR-SCAF00007,84480431,cIAP1_SCAF_17
LR-SCAF00008,855910bc,CRBN_SCAF_1
LR-SCAF00009,43f1414e,CRBN_SCAF_2
LR-SCAF00010,427a14f4,CRBN_SCAF_3
LR-SCAF00010,427a14f4,HUWE1_SCAF_6
LR-SCAF00011,cefeac87,CRBN_SCAF_4
LR-SCAF00012,afaf882a,CRBN_SCAF_5
LR-SCAF00013,5a155197,CRBN_SCAF_6
LR-SCAF00014,4909685b,CRBN_SCAF_7
LR-SCAF00015,ca830c99,CRBN_SCAF_8
LR-SCAF00016,273099a7,CRBN_SCAF_9
LR-SCAF00017,ab9faff6,CRBN_SCAF_10
LR-SCAF00018,fffd9473,CRBN_SCAF_11
LR-SCAF00019,a50edc35,CRBN_SCAF_12
LR-SCAF00020,0f8f30b6,CRBN_SCAF_13
LR-SCAF00021,b5d8c602,CRBN_SCAF_14
LR-SCAF00022,cd394483,CRBN_SCAF_15
LR-SCAF00023,848a5bd1,CRBN_SCAF_16
LR-SCAF00024,9ea40b00,CRBN_SCAF_17
LR-SCAF00025,629d8141,CRBN_SCAF_18
LR-SCAF00025,629d8141,HUWE1_SCAF_22
LR-SCAF00026,ed7b80c0,CRBN_SCAF_19
LR-SCAF00027,6a2966dc,CRBN_SCAF_20
LR-SCAF00028,10b06a9f,CRBN_SCAF_21
LR-SCAF00029,9df3e0bf,CRBN_SCAF_22
LR-SCAF00030,b7614781,CRBN_SCAF_23
LR-SCAF00031,4556ee91,CRBN_SCAF_24
LR-SCAF00032,cdbc44ed,CRBN_SCAF_25
LR-SCAF00033,03da879d,CRBN_SCAF_26
LR-SCAF00034,477b27df,CRBN_SCAF_27
LR-SCAF00035,23d7282c,CRBN_SCAF_28
LR-SCAF00036,fd8a02f9,CRBN_SCAF_29
LR-SCAF00036,fd8a02f9,DCAF15_SCAF_3
LR-SCAF00036,fd8a02f9,KEAP1_SCAF_53
LR-SCAF00036,fd8a02f9,VHL_SCAF_28
LR-SCAF00037,9f3c713c,CRBN_SCAF_30
LR-SCAF00038,d99014c2,CRBN_SCAF_31
LR-SCAF00039,a55574c2,CRBN_SCAF_32
LR-SCAF00040,606001e6,CRBN_SCAF_33
LR-SCAF00040,606001e6,DCAF1_SCAF_10
LR-SCAF00040,606001e6,KEAP1_SCAF_52
LR-SCAF00040,606001e6,TRIM21_SCAF_1
LR-SCAF00040,606001e6,VHL_SCAF_27
LR-SCAF00041,d11e055c,CRBN_SCAF_35
LR-SCAF00041,d11e055c,DCAF1_SCAF_11
LR-SCAF00041,d11e055c,VHL_SCAF_30
LR-SCAF00042,6ea387f3,DCAF1_SCAF_1
LR-SCAF00043,697c0e3f,DCAF1_SCAF_2
LR-SCAF00044,2054ec20,DCAF1_SCAF_3
LR-SCAF00045,659ffb71,DCAF1_SCAF_4
LR-SCAF00046,f90df9ca,DCAF1_SCAF_5
LR-SCAF00047,aec72761,DCAF1_SCAF_6
LR-SCAF00048,db3864ed,DCAF1_SCAF_7
LR-SCAF00049,d91107e6,DCAF1_SCAF_8
LR-SCAF00050,6613fdd5,DCAF1_SCAF_9
LR-SCAF00051,d38cedba,DCAF15_SCAF_1
LR-SCAF00052,9caccf97,DCAF15_SCAF_2
LR-SCAF00053,3f8d288b,DCAF16_SCAF_1
LR-SCAF00054,457de220,HUWE1_SCAF_2
LR-SCAF00055,65795e83,HUWE1_SCAF_3
LR-SCAF00055,65795e83,RNF4_SCAF_1
LR-SCAF00056,f5eb2f86,HUWE1_SCAF_7
LR-SCAF00057,cfa9a5d7,HUWE1_SCAF_8
LR-SCAF00058,997b697d,HUWE1_SCAF_9
LR-SCAF00059,3a594800,HUWE1_SCAF_10
LR-SCAF00060,bd615db5,HUWE1_SCAF_11
LR-SCAF00061,f7bf1bc0,HUWE1_SCAF_12
LR-SCAF00062,7718f69b,HUWE1_SCAF_13
LR-SCAF00063,3aca7c1e,HUWE1_SCAF_14
LR-SCAF00064,ea1e3ae9,HUWE1_SCAF_15
LR-SCAF00065,72a958c3,HUWE1_SCAF_16
LR-SCAF00066,bdfaa371,HUWE1_SCAF_17
LR-SCAF00067,5a256859,HUWE1_SCAF_18
LR-SCAF00068,88e5f8a8,HUWE1_SCAF_19
LR-SCAF00069,01f31866,HUWE1_SCAF_20
LR-SCAF00070,418e9198,HUWE1_SCAF_23
LR-SCAF00070,418e9198,KEAP1_SCAF_51
LR-SCAF00070,418e9198,VHL_SCAF_26
LR-SCAF00071,d28d1202,HUWE1_SCAF_24
LR-SCAF00071,d28d1202,MDM2_SCAF_4
LR-SCAF00072,ecbb6fde,KEAP1_SCAF_1
LR-SCAF00073,0b26e46c,KEAP1_SCAF_2
LR-SCAF00074,05912b3c,KEAP1_SCAF_3
LR-SCAF00075,311b46d0,KEAP1_SCAF_4
LR-SCAF00076,f5221fa3,KEAP1_SCAF_5
LR-SCAF00077,e51c3915,KEAP1_SCAF_6
LR-SCAF00078,58de46d6,KEAP1_SCAF_7
LR-SCAF00079,3e8a6e51,KEAP1_SCAF_8
LR-SCAF00080,200a7ad8,KEAP1_SCAF_9
LR-SCAF00081,8a66dc8b,KEAP1_SCAF_10
LR-SCAF00082,21fa3abd,KEAP1_SCAF_12
LR-SCAF00083,749cfe5e,KEAP1_SCAF_13
LR-SCAF00084,6690bd52,KEAP1_SCAF_14
LR-SCAF00085,ed248cf5,KEAP1_SCAF_15
LR-SCAF00086,fbf7beea,KEAP1_SCAF_16
LR-SCAF00087,5b76b7c4,KEAP1_SCAF_17
LR-SCAF00088,4122a3fc,KEAP1_SCAF_18
LR-SCAF00089,5f6bf38c,KEAP1_SCAF_19
LR-SCAF00090,0c9c5086,KEAP1_SCAF_20
LR-SCAF00090,0c9c5086,VHL_SCAF_4
LR-SCAF00091,8941fde7,KEAP1_SCAF_21
LR-SCAF00092,7a05a74a,KEAP1_SCAF_22
LR-SCAF00093,d2b2082b,KEAP1_SCAF_23
LR-SCAF00094,784e9d43,KEAP1_SCAF_24
LR-SCAF00095,9743720e,KEAP1_SCAF_25
LR-SCAF00096,8ba0d4d3,KEAP1_SCAF_26
LR-SCAF00097,5b9dfb66,KEAP1_SCAF_27
LR-SCAF00098,601df7fa,KEAP1_SCAF_28
LR-SCAF00099,05d6bd3a,KEAP1_SCAF_29
LR-SCAF00100,d144aeed,KEAP1_SCAF_30
LR-SCAF00101,d8b09612,KEAP1_SCAF_31
LR-SCAF00102,545e0110,KEAP1_SCAF_32
LR-SCAF00103,9cdf7ded,KEAP1_SCAF_33
LR-SCAF00103,9cdf7ded,PARKIN_SCAF_8
LR-SCAF00103,9cdf7ded,VHL_SCAF_31
LR-SCAF00104,a78e8c0c,KEAP1_SCAF_34
LR-SCAF00105,9e365274,KEAP1_SCAF_35
LR-SCAF00106,6e858b26,KEAP1_SCAF_36
LR-SCAF00106,6e858b26,PARKIN_SCAF_6
LR-SCAF00106,6e858b26,XIAP_SCAF_19
LR-SCAF00106,6e858b26,cIAP1_SCAF_22
LR-SCAF00107,215388a7,KEAP1_SCAF_37
LR-SCAF00108,ff98e116,KEAP1_SCAF_38
LR-SCAF00109,b7d94b09,KEAP1_SCAF_39
LR-SCAF00110,8c37b4c2,KEAP1_SCAF_40
LR-SCAF00111,2dcdd72a,KEAP1_SCAF_41
LR-SCAF00112,4e40daf6,KEAP1_SCAF_42
LR-SCAF00113,fdc4993a,KEAP1_SCAF_43
LR-SCAF00114,732c4ad7,KEAP1_SCAF_44
LR-SCAF00115,ba7c36bc,KEAP1_SCAF_45
LR-SCAF00116,2ac424a4,KEAP1_SCAF_46
LR-SCAF00117,33214da9,KEAP1_SCAF_47
LR-SCAF00118,df70ed2d,KEAP1_SCAF_48
LR-SCAF00119,ba00abb2,KEAP1_SCAF_49
LR-SCAF00120,88d33583,KEAP1_SCAF_50
LR-SCAF00121,fdda635e,KEAP1_SCAF_54
LR-SCAF00122,d4571a39,KEAP1_SCAF_56
LR-SCAF00122,d4571a39,TRIM21_SCAF_55
LR-SCAF00123,657824d7,MDM2_SCAF_1
LR-SCAF00124,054011cd,MDM2_SCAF_2
LR-SCAF00125,76e053ce,MDM2_SCAF_3
LR-SCAF00125,76e053ce,PARKIN_SCAF_23
LR-SCAF00126,52704820,MDM2_SCAF_6
LR-SCAF00127,a9088d7c,MDM2_SCAF_7
LR-SCAF00128,a943107d,MDM2_SCAF_8
LR-SCAF00129,b6ffddda,MDM2_SCAF_9
LR-SCAF00130,547d16b0,MDM2_SCAF_10
LR-SCAF00131,e382b95a,MDM2_SCAF_11
LR-SCAF00132,9a1ef120,MDM2_SCAF_12
LR-SCAF00133,b20186f1,MDM2_SCAF_13
LR-SCAF00134,3c1e3220,MDM2_SCAF_14
LR-SCAF00135,22b7fbe5,MDM2_SCAF_15
LR-SCAF00136,931cf8e6,MDM2_SCAF_16
LR-SCAF00137,dffb209f,MDM2_SCAF_17
LR-SCAF00138,aa88e98f,MDM2_SCAF_18
LR-SCAF00139,84493f45,MDM2_SCAF_19
LR-SCAF00140,f5a6accc,MDM2_SCAF_20
LR-SCAF00141,9bb58abe,MDM2_SCAF_21
LR-SCAF00142,fdf443c4,MDM2_SCAF_22
LR-SCAF00143,81ca2531,MDM2_SCAF_23
LR-SCAF00144,ae829f54,MDM2_SCAF_24
LR-SCAF00145,576b7dc5,MDM2_SCAF_25
LR-SCAF00146,b7615f35,MDM2_SCAF_26
LR-SCAF00147,0974fe39,MDM2_SCAF_27
LR-SCAF00148,f2ef1c83,MDM2_SCAF_28
LR-SCAF00149,14ecf041,MDM2_SCAF_29
LR-SCAF00150,95dce6f8,MDM2_SCAF_30
LR-SCAF00151,200c7a51,MDM2_SCAF_31
LR-SCAF00152,ba39e885,MDM2_SCAF_32
LR-SCAF00153,b0a830e9,MDM2_SCAF_33
LR-SCAF00154,6cdfcc16,MDM2_SCAF_34
LR-SCAF00155,0a948780,MDM2_SCAF_35
LR-SCAF00156,fc3dd42b,MDM2_SCAF_36
LR-SCAF00157,d57286f6,MDM2_SCAF_37
LR-SCAF00158,33f38001,MDM2_SCAF_38
LR-SCAF00159,9ea96aba,MDM2_SCAF_39
LR-SCAF00160,48835cce,MDM2_SCAF_40
LR-SCAF00161,19cbd182,MDM2_SCAF_41
LR-SCAF00162,7d0a20e1,MDM2_SCAF_42
LR-SCAF00163,3f20c54c,MDM2_SCAF_43
LR-SCAF00164,73fd9f11,MDM2_SCAF_44
LR-SCAF00165,62de56c3,MDM2_SCAF_45
LR-SCAF00166,c8c269bd,MDM2_SCAF_46
LR-SCAF00167,64c81027,MDM2_SCAF_47
LR-SCAF00168,d60e61a2,MDM2_SCAF_48
LR-SCAF00169,f3654ef1,MDM2_SCAF_49
LR-SCAF00170,cf65167f,MDM2_SCAF_50
LR-SCAF00171,73ccda29,MDM2_SCAF_51
LR-SCAF00172,d9f8c9bc,MDM2_SCAF_52
LR-SCAF00173,4b6bd29d,MDM2_SCAF_53
LR-SCAF00174,4f89bf3a,MDM2_SCAF_54
LR-SCAF00175,dc0f23a0,MDM2_SCAF_55
LR-SCAF00176,e49e978b,MDM2_SCAF_56
LR-SCAF00177,248c0365,MDM2_SCAF_57
LR-SCAF00178,5217525e,MDM2_SCAF_58
LR-SCAF00179,1598960e,MDM2_SCAF_59
LR-SCAF00180,50205b12,MDM2_SCAF_60
LR-SCAF00181,95a32f76,MDM2_SCAF_61
LR-SCAF00182,9a3c10da,MDM2_SCAF_62
LR-SCAF00183,e4be4882,MDM2_SCAF_63
LR-SCAF00184,ea834380,MDM2_SCAF_64
LR-SCAF00185,b3d65f27,MDM2_SCAF_65
LR-SCAF00186,fb2e9aae,MDM2_SCAF_66
LR-SCAF00187,09182dfe,MDM2_SCAF_67
LR-SCAF00188,8dad697d,MDM2_SCAF_68
LR-SCAF00189,5dff3bdd,MDM2_SCAF_69
LR-SCAF00190,f9a97b1d,MDM2_SCAF_70
LR-SCAF00191,fdc27f1b,MDM2_SCAF_71
LR-SCAF00191,fdc27f1b,TRIM21_SCAF_17
LR-SCAF00192,44f91ce6,MDM2_SCAF_72
LR-SCAF00193,27f4bd90,MDM2_SCAF_73
LR-SCAF00194,303a45df,MDM2_SCAF_74
LR-SCAF00195,75f256af,MDM2_SCAF_75
LR-SCAF00196,d188eb66,PARKIN_SCAF_1
LR-SCAF00197,916ab13b,PARKIN_SCAF_2
LR-SCAF00198,8663ca34,PARKIN_SCAF_3
LR-SCAF00199,c80b03ef,PARKIN_SCAF_4
LR-SCAF00200,ceef9340,PARKIN_SCAF_5
LR-SCAF00201,cc888dd4,PARKIN_SCAF_7
LR-SCAF00202,4b18425e,PARKIN_SCAF_9
LR-SCAF00203,69306472,PARKIN_SCAF_10
LR-SCAF00204,c5895939,PARKIN_SCAF_12
LR-SCAF00205,cc62a689,PARKIN_SCAF_13
LR-SCAF00206,0d062fb7,PARKIN_SCAF_14
LR-SCAF00207,69c09a22,PARKIN_SCAF_15
LR-SCAF00208,44a24381,PARKIN_SCAF_16
LR-SCAF00209,fe4d3ce8,PARKIN_SCAF_17
LR-SCAF00210,51a339b3,PARKIN_SCAF_18
LR-SCAF00211,9315ad9d,PARKIN_SCAF_19
LR-SCAF00212,55c78e9f,PARKIN_SCAF_20
LR-SCAF00213,96990ef9,PARKIN_SCAF_21
LR-SCAF00214,ffd24f41,PARKIN_SCAF_22
LR-SCAF00215,66ab85a7,PARKIN_SCAF_24
LR-SCAF00216,2a7056c3,SOCS2_SCAF_1
LR-SCAF00217,d62d2319,TRIM21_SCAF_3
LR-SCAF00218,3f497d2a,TRIM21_SCAF_4
LR-SCAF00219,78c19104,TRIM21_SCAF_5
LR-SCAF00220,d36dd10f,TRIM21_SCAF_6
LR-SCAF00221,0352effe,TRIM21_SCAF_7
LR-SCAF00222,9026356b,TRIM21_SCAF_8
LR-SCAF00223,440a2599,TRIM21_SCAF_9
LR-SCAF00224,58840756,TRIM21_SCAF_10
LR-SCAF00225,03d306f1,TRIM21_SCAF_11
LR-SCAF00226,f48093b6,TRIM21_SCAF_12
LR-SCAF00227,42d11f8e,TRIM21_SCAF_13
LR-SCAF00228,46b2df0a,TRIM21_SCAF_14
LR-SCAF00229,04a504e5,TRIM21_SCAF_15
LR-SCAF00230,71e176b9,TRIM21_SCAF_16
LR-SCAF00231,266cb6e5,TRIM21_SCAF_18
LR-SCAF00232,476f01aa,TRIM21_SCAF_19
LR-SCAF00233,a12ded4e,TRIM21_SCAF_20
LR-SCAF00234,9dd65402,TRIM21_SCAF_21
LR-SCAF00235,0208c5f7,TRIM21_SCAF_22
LR-SCAF00236,d04a9143,TRIM21_SCAF_23
LR-SCAF00237,81294929,TRIM21_SCAF_24
LR-SCAF00238,4aa57ab9,TRIM21_SCAF_25
LR-SCAF00239,b12d2bae,TRIM21_SCAF_26
LR-SCAF00240,8cf2f5b0,TRIM21_SCAF_27
LR-SCAF00241,e0534dde,TRIM21_SCAF_28
LR-SCAF00242,975d2ac9,TRIM21_SCAF_29
LR-SCAF00243,e23354e6,TRIM21_SCAF_30
LR-SCAF00244,927a5aa0,TRIM21_SCAF_31
LR-SCAF00245,aaa797d1,TRIM21_SCAF_32
LR-SCAF00246,83ca8cdc,TRIM21_SCAF_33
LR-SCAF00247,4b4e1381,TRIM21_SCAF_34
LR-SCAF00248,838d76c6,TRIM21_SCAF_35
LR-SCAF00249,acf29944,TRIM21_SCAF_36
LR-SCAF00250,3c8c6edd,TRIM21_SCAF_37
LR-SCAF00251,c3f67ded,TRIM21_SCAF_38
LR-SCAF00252,8c4ac105,TRIM21_SCAF_39
LR-SCAF00253,7f020b71,TRIM21_SCAF_40
LR-SCAF00254,b1d4ae91,TRIM21_SCAF_41
LR-SCAF00255,78363d00,TRIM21_SCAF_42
LR-SCAF00256,dc044fcc,TRIM21_SCAF_43
LR-SCAF00257,d25f5123,TRIM21_SCAF_44
LR-SCAF00258,8b8606dd,TRIM21_SCAF_45
LR-SCAF00259,650cd44b,TRIM21_SCAF_46
LR-SCAF00260,d0803b34,TRIM21_SCAF_47
LR-SCAF00261,0ab95c98,TRIM21_SCAF_48
LR-SCAF00262,6b1feee5,TRIM21_SCAF_49
LR-SCAF00263,73a4b3a0,TRIM21_SCAF_50
LR-SCAF00264,3abb8de5,TRIM21_SCAF_51
LR-SCAF00265,5f981568,TRIM21_SCAF_52
LR-SCAF00266,1bfde91c,TRIM21_SCAF_53
LR-SCAF00267,501ba652,TRIM21_SCAF_54
LR-SCAF00268,1c68c6aa,VHL_SCAF_1
LR-SCAF00269,a206ee97,VHL_SCAF_2
LR-SCAF00270,547860ce,VHL_SCAF_3
LR-SCAF00271,74c61762,VHL_SCAF_5
LR-SCAF00272,7853869a,VHL_SCAF_6
LR-SCAF00273,2f4e06f9,VHL_SCAF_7
LR-SCAF00274,aa21f795,VHL_SCAF_8
LR-SCAF00275,5bc2018d,VHL_SCAF_9
LR-SCAF00276,f37980cf,VHL_SCAF_10
LR-SCAF00277,7b959f4d,VHL_SCAF_11
LR-SCAF00278,d38b8da6,VHL_SCAF_12
LR-SCAF00279,7125e221,VHL_SCAF_13
LR-SCAF00280,028501d0,VHL_SCAF_14
LR-SCAF00281,a0f74cc8,VHL_SCAF_15
LR-SCAF00282,cf71c7bd,VHL_SCAF_16
LR-SCAF00283,ba23acf6,VHL_SCAF_17
LR-SCAF00284,c37b8e41,VHL_SCAF_18
LR-SCAF00285,58d2bc36,VHL_SCAF_19
LR-SCAF00286,f4e5ab05,VHL_SCAF_20
LR-SCAF00287,bea0643f,VHL_SCAF_21
LR-SCAF00288,d76f166a,VHL_SCAF_22
LR-SCAF00289,b5755989,VHL_SCAF_23
LR-SCAF00290,d452ed21,VHL_SCAF_24
LR-SCAF00291,819f3ec1,VHL_SCAF_25
LR-SCAF00292,845c2a03,XIAP_SCAF_1
LR-SCAF00292,845c2a03,cIAP1_SCAF_1
LR-SCAF00293,cc07a361,XIAP_SCAF_2
LR-SCAF00293,cc07a361,cIAP1_SCAF_2
LR-SCAF00294,808aaf5a,XIAP_SCAF_3
LR-SCAF00294,808aaf5a,cIAP1_SCAF_3
LR-SCAF00294,808aaf5a,cIAP2_SCAF_1
LR-SCAF00295,05ed9593,XIAP_SCAF_4
LR-SCAF00295,05ed9593,cIAP1_SCAF_4
LR-SCAF00296,86112abb,XIAP_SCAF_5
LR-SCAF00296,86112abb,cIAP1_SCAF_5
LR-SCAF00296,86112abb,cIAP2_SCAF_2
LR-SCAF00297,e92730ce,XIAP_SCAF_6
LR-SCAF00297,e92730ce,cIAP1_SCAF_6
LR-SCAF00297,e92730ce,cIAP2_SCAF_3
LR-SCAF00298,dfdb2cfd,XIAP_SCAF_7
LR-SCAF00298,dfdb2cfd,cIAP1_SCAF_7
LR-SCAF00298,dfdb2cfd,cIAP2_SCAF_4
LR-SCAF00299,fcbdec10,XIAP_SCAF_8
LR-SCAF00299,fcbdec10,cIAP1_SCAF_8
LR-SCAF00300,0e348e9a,XIAP_SCAF_9
LR-SCAF00300,0e348e9a,cIAP1_SCAF_9
LR-SCAF00300,0e348e9a,cIAP2_SCAF_5
LR-SCAF00301,e5f67adf,XIAP_SCAF_10
LR-SCAF00301,e5f67adf,cIAP1_SCAF_10
LR-SCAF00301,e5f67adf,cIAP2_SCAF_6
LR-SCAF00302,3aef03a4,XIAP_SCAF_11
LR-SCAF00302,3aef03a4,cIAP1_SCAF_11
LR-SCAF00302,3aef03a4,cIAP2_SCAF_7
LR-SCAF00303,8136ed5a,XIAP_SCAF_12
LR-SCAF00303,8136ed5a,cIAP1_SCAF_13
LR-SCAF00304,ef4468ce,XIAP_SCAF_13
LR-SCAF00304,ef4468ce,cIAP1_SCAF_14
LR-SCAF00305,e34d63fe,XIAP_SCAF_15
LR-SCAF00305,e34d63fe,cIAP1_SCAF_18
LR-SCAF00306,7a4f034f,XIAP_SCAF_16
LR-SCAF00306,7a4f034f,cIAP1_SCAF_19
LR-SCAF00307,fe17a566,XIAP_SCAF_17
LR-SCAF00307,fe17a566,cIAP1_SCAF_20
LR-SCAF00308,501d7a4f,XIAP_SCAF_18
LR-SCAF00308,501d7a4f,cIAP1_SCAF_21
LR-SCAF00309,08273223,XIAP_SCAF_20
LR-SCAF00309,08273223,cIAP1_SCAF_23
LR-SCAF00310,af6f7d1d,XIAP_SCAF_21
LR-SCAF00310,af6f7d1d,cIAP1_SCAF_24
LR-SCAF00311,51c9b391,XIAP_SCAF_22
LR-SCAF00311,51c9b391,cIAP1_SCAF_25
LR-SCAF00312,916993d8,XIAP_SCAF_23
LR-SCAF00312,916993d8,cIAP1_SCAF_26
LR-SCAF00313,5fb8894c,XIAP_SCAF_24
LR-SCAF00313,5fb8894c,cIAP1_SCAF_27
LR-SCAF00314,b06583e1,XIAP_SCAF_25
LR-SCAF00314,b06583e1,cIAP1_SCAF_28
LR-SCAF00315,5b0666c1,XIAP_SCAF_26
LR-SCAF00315,5b0666c1,cIAP1_SCAF_29
LR-SCAF00316,4f566597,XIAP_SCAF_27
LR-SCAF00316,4f566597,cIAP1_SCAF_30
LR-SCAF00316,4f566597,cIAP2_SCAF_11
LR-SCAF00317,0984263b,XIAP_SCAF_28
LR-SCAF00317,0984263b,cIAP1_SCAF_31
LR-SCAF00318,1deaa7e0,XIAP_SCAF_29
LR-SCAF00318,1deaa7e0,cIAP1_SCAF_32
LR-SCAF00318,1deaa7e0,cIAP2_SCAF_12
LR-SCAF00319,cd292a78,XIAP_SCAF_30
LR-SCAF00319,cd292a78,cIAP1_SCAF_33
LR-SCAF00319,cd292a78,cIAP2_SCAF_13
LR-SCAF00320,93431998,XIAP_SCAF_31
LR-SCAF00320,93431998,cIAP1_SCAF_34
LR-SCAF00321,e824a4a1,XIAP_SCAF_32
LR-SCAF00321,e824a4a1,cIAP1_SCAF_35
LR-SCAF00322,8a6ea694,XIAP_SCAF_33
LR-SCAF00322,8a6ea694,cIAP1_SCAF_36
LR-SCAF00322,8a6ea694,cIAP2_SCAF_14
LR-SCAF00323,86e5249e,cIAP1_SCAF_12
LR-SCAF00323,86e5249e,cIAP2_SCAF_8
LR-SCAF00324,1e9cfb1c,cIAP1_SCAF_15
LR-SCAF00324,1e9cfb1c,cIAP2_SCAF_9
LR-SCAF00325,fc695298,cIAP1_SCAF_16
LR-SCAF00325,fc695298,cIAP2_SCAF_10
