name,full_name,e3_family,pdb_ids,pdb_count,ligand_type,binding_site,protac_suitability,druggability,priority_tier,rationale,biological_relevance,clinical_potential
RNF4,RING Finger Protein 4,RING,4PPE; 4AP4; 5AIT,3,"Fragment, small molecule inhibitor",RING domain with defined pocket,"HIGH - compact RING domain, multiple fragment hits, solvent-exposed regions",TIER_1,1,"Well-characterized RING domain, multiple fragment screening hits, involved in DNA damage response - validated biology","DNA damage response, SUMOylation pathway","Cancer therapy, DNA repair targeting"
RNF114,RING Finger Protein 114 (ZNF313),RING,2DIF; 2DIE,2,Metal-chelating fragment,RING domain with zinc coordination,"MEDIUM - zinc-dependent binding, smaller fragments",TIER_2,2,Compact RING domain with metal-binding sites; potential for fragment expansion,Transcriptional regulation,Development and cancer
SMURF1,SMAD Ubiquitination Regulatory Factor 1,HECT,6V6G; 6V6H; 6V6F,3,Covalent and non-covalent inhibitors,"HECT catalytic domain, defined allosteric pocket","HIGH - validated inhibitors, HECT domain druggability established, TGF-β pathway involvement",TIER_1,1,First HECT ligase with validated small molecule inhibitors; TGF-β/BMP pathway critical in cancer; allosteric sites offer exit vectors,"TGF-β/BMP signaling, bone morphogenesis","Cancer, fibrosis, bone disorders"
SMURF2,SMAD Ubiquitination Regulatory Factor 2,HECT,6HGJ; 6HGI,2,Allosteric inhibitors,HECT catalytic lobe,"HIGH - similar to SMURF1, validated chemistry, distinct substrate profile",TIER_1,1,"Paralog of SMURF1; shares druggability but distinct biology (p53 regulation, metastasis); offers complementary recruiter option","p53 regulation, TGF-β signaling, metastasis","Cancer (especially metastasis), fibrosis"
NEDD4,Neural Precursor Cell Expressed Developmentally Down-Regulated Protein 4,HECT,6WDN; 6WDM,2,Catalytic site inhibitors,HECT catalytic domain,"MEDIUM-HIGH - established HECT ligase, inhibitors in development, Na+ channel regulation",TIER_1,1,"Prototype HECT ligase; multiple disease associations (cancer, neurodegeneration); structural biology well-established","Ion channel regulation, neuronal function","Cancer, epilepsy, cardiovascular disease"
NEDD4L,NEDD4-Like E3 Ubiquitin Protein Ligase,HECT,4BBN; 4BBU,2,"Fragment, PPI inhibitor",WW domain (substrate recognition),"MEDIUM - WW domain targeting (PPI), less classical but validated",TIER_2,2,WW domain offers alternative binding mode; cardiovascular/renal disease relevance; fragment-to-lead potential,"Sodium channel regulation, blood pressure","Hypertension, kidney disease"
WWP1,WW Domain Containing E3 Ubiquitin Protein Ligase 1,HECT,6EJF; 6EJG,2,Allosteric inhibitor,HECT domain allosteric site,"HIGH - emerging cancer target, druggable HECT domain, p53/TGF-β regulation",TIER_1,1,Oncogenic HECT ligase; validated chemical matter; critical in triple-negative breast cancer and bone metastasis,"p53 degradation, TGF-β signaling, Wnt pathway","Triple-negative breast cancer, bone metastasis"
ITCH,Itchy E3 Ubiquitin Protein Ligase,HECT,3TUG; 3TUI,2,Fragment,WW domains (substrate recognition),"MEDIUM - WW domain targeting, immune regulation biology",TIER_2,2,Immune checkpoint regulator; WW domains offer PPI disruption opportunity; T-cell biology relevance,"T-cell differentiation, immune tolerance","Autoimmunity, cancer immunotherapy"
ARIH1,Ariadne RBR E3 Ubiquitin Protein Ligase 1 (HHARI),RBR,7KZ1; 7KZ2; 7KZ3,3,Fragment and tool compounds,RBR catalytic domain,"HIGH - emerging RBR ligase class, distinct from RING/HECT, CRL substrate regulation",TIER_1,1,First RBR ligase with small molecules; part of CRL machinery (works with Cullin-RING ligases); novel mechanism,"CRL regulation, E3-E3 cooperativity",Cancer (CRL pathway targeting)
ARIH2,Ariadne RBR E3 Ubiquitin Protein Ligase 2 (TRIAD1),RBR,6Q0V; 6Q0W,2,"Fragment, small molecule",RBR RING2 domain,"HIGH - paralog of ARIH1, CRL E3-E3 cooperation, cancer biology",TIER_1,1,Works with CRLs to amplify ubiquitination; cancer-relevant; RBR druggability validated via ARIH1/Parkin,"CRL amplification, cell cycle regulation",Cancer (proliferation control)
PARKIN,Parkin RBR E3 Ubiquitin Protein Ligase (PARK2),RBR,5N2W; 4ZYN; 5C1Z,3,"Allosteric activator, covalent modifier","RBR domain, allosteric sites","MEDIUM - RBR domain druggable, but activator-based (not inhibitor); Parkinson's disease biology",TIER_1,2,Most studied RBR ligase; multiple small molecule binders; mitophagy/neurodegeneration context; challenging for PROTAC (need inhibitors not activators),"Mitophagy, mitochondrial quality control","Parkinson's disease, neurodegeneration"
HOIP,HOIL-1L Interacting Protein (RNF31),RBR,6F00; 4LJP,2,Small molecule inhibitor (RBR domain),RBR RING2 catalytic domain,"HIGH - NF-κB signaling, immune regulation, RBR druggability, inflammation/cancer target",TIER_1,1,Central NF-κB regulator; unique linear ubiquitin chain synthesis; validated inhibitors in development; inflammation/cancer target,"Linear ubiquitination, NF-κB activation","Inflammation, cancer, autoimmunity"
RNF146,RING Finger Protein 146 (Iduna),RING,5B2J; 5B2N,2,Fragment (iso-ADP-ribose mimetic),WWE domain (recognizes PAR chains),"MEDIUM - WWE domain targeting unique, DNA damage response biology",TIER_2,2,Unique PAR-binding WWE domain; DNA damage/repair pathway; Wnt signaling regulation; fragment hits available,"PARylation signaling, DNA repair, Wnt pathway","Cancer (PARP pathway), neurodegeneration"
RNF213,RING Finger Protein 213 (Mysterin),RING (atypical),7VER; 7VES,2,"Nucleotide analog, fragment",AAA+ ATPase domain,"LOW-MEDIUM - large protein, ATP site not ideal for PROTAC, but stroke/Moyamoya disease relevance",TIER_3,3,Giant E3 ligase with ATPase domain; vascular disease target; ATP site binding but challenging for selective PROTAC ligand,"Vascular development, lipid metabolism","Moyamoya disease, stroke"
BIRC2,Baculoviral IAP Repeat Containing 2 (cIAP2),RING,5C7F; 5C7G; 5BOR,3,BIR domain inhibitor (not RING),BIR3 domain (substrate recognition),"HIGH - validated chemistry (Smac mimetics), apoptosis/NF-κB biology, clinical precedent",TIER_1,1,Sister to cIAP1; extensive chemical matter from Smac mimetic programs; clinical validation; BIR domain offers distinct binding vs RING,"Apoptosis inhibition, NF-κB signaling",Cancer (apoptosis restoration)
BIRC3,Baculoviral IAP Repeat Containing 3 (cIAP2 isoform/MALT1-associated),RING,3D9T; 3D9U,2,"Fragment, peptidomimetic",BIR domains,"MEDIUM - overlaps with cIAP1/2 chemistry, distinct expression pattern",TIER_2,2,IAP family member; shares chemical space with cIAP1/2 but distinct tissue expression; lymphoma relevance,"Apoptosis, immune signaling (ABC-DLBCL)","Lymphoma, leukemia"
FBXW7,F-Box and WD Repeat Domain Containing 7 (Cdc4),CRL1 (SCF complex),2OVP; 2OVQ; 2OVR,3,"Peptide mimetic, molecular glue",WD40 domain (substrate recognition),"HIGH - tumor suppressor, substrate recognition druggable, molecular glue precedent",TIER_1,1,"Most commonly mutated E3 in cancer; WD40 domain offers molecular glue potential (like CRBN); cyclin E, c-Myc, Notch degradation","Cyclin E, c-Myc, Notch, mTOR degradation","Cancer (oncogene degradation, tumor suppressor restoration)"
FBXL3,F-Box and Leucine Rich Repeat Protein 3,CRL1 (SCF complex),4I6J; 4I6G,2,Fragment,Leucine-rich repeat domain,"MEDIUM - circadian biology, fragment hits available, LRR domain targeting emerging",TIER_2,2,Circadian clock regulator; CRY protein degradation; metabolic disease relevance; fragment screening hits,"Circadian rhythm, CRY degradation","Sleep disorders, metabolic syndrome"
FBXO3,F-Box Protein 3 (FBX3),CRL1 (SCF complex),5C7B; 5C7C,2,Substrate competitive inhibitor,F-box substrate binding domain,"MEDIUM-HIGH - immune regulation, FBXO3 inhibitors in clinical development (BC-1382)",TIER_1,1,Clinical-stage FBXO3 inhibitors exist (inflammation/sepsis); validated druggability; TNF-α pathway regulation,"TNF-α signaling, inflammation","Sepsis, inflammatory disease, cancer"
FBXO4,F-Box Protein 4,CRL1 (SCF complex),3SXN; 3SXM,2,Fragment,F-box substrate recognition,"MEDIUM - cyclin D1 regulation, cancer biology",TIER_2,2,Cyclin D1 E3 ligase; cancer target; fragment hits but less advanced than FBXW7/FBXO3,"Cyclin D1 degradation, cell cycle",Cancer (cyclin D1-driven tumors)
BTRC,Beta-Transducin Repeat Containing E3 Ubiquitin Protein Ligase (β-TrCP1),CRL1 (SCF complex),1P22; 1P23; 1P24,3,"Peptidomimetic, small molecule fragment",WD40 repeat domain,"HIGH - Wnt/NF-κB signaling, β-catenin degradation, WD40 druggability emerging",TIER_1,1,"Critical Wnt pathway regulator; β-catenin, IκBα degradation; cancer/inflammation target; WD40 domain tractable","Wnt signaling, NF-κB, β-catenin/IκBα degradation","Cancer (Wnt-driven), inflammation"
FBXL19,F-Box and Leucine Rich Repeat Protein 19,CRL1 (SCF complex),5V3B; 5V3C,2,Fragment,Leucine-rich repeat substrate recognition,"MEDIUM - epigenetic regulation (targets H2AK119ub), cancer biology",TIER_2,2,Regulates histone ubiquitination; cancer epigenetics; fragment-to-lead opportunity,"Histone H2A ubiquitination, chromatin regulation",Cancer (epigenetic therapy)
CUL4A-DDB2,Cullin 4A - DNA Damage Binding Protein 2 complex,CRL4 (DDB2 substrate receptor),4A0K; 4A0L,2,"Fragment, UV-damaged DNA mimetic",DDB2 WD40 domain (damaged DNA recognition),"MEDIUM - DNA repair biology, WD40 domain druggability",TIER_2,2,Nucleotide excision repair; p53 regulation; WD40 domain offers molecular glue potential; cancer therapy resistance,"DNA damage recognition, NER pathway, p53 regulation","Cancer (UV-induced, therapy resistance)"
UBR5,Ubiquitin Protein Ligase E3 Component N-Recognin 5 (EDD),HECT,6T7S; 6T7T,2,Covalent inhibitor,HECT catalytic domain,"HIGH - oncogenic HECT ligase, DNA damage response, validated inhibitors",TIER_1,1,Oncogenic HECT ligase; validated covalent inhibitors; DNA damage/replication stress response; ovarian/breast cancer target,"DNA damage response, replication stress","Ovarian cancer, breast cancer, DNA repair defects"
TRIP12,Thyroid Hormone Receptor Interactor 12,HECT,6V5Y; 6V5Z,2,Fragment,HECT catalytic lobe,"MEDIUM - emerging HECT target, DNA damage/ribosome quality control",TIER_2,2,Large HECT ligase; regulates ribosomal proteins and AAA ATPases; cancer associations; early-stage fragment hits,"Ribosome quality control, AAA ATPase regulation",Cancer (proteotoxic stress)
HECTD1,HECT Domain E3 Ubiquitin Protein Ligase 1,HECT,6N0A; 6N0B,2,"Fragment, allosteric inhibitor",HECT catalytic domain,"MEDIUM - Wnt signaling regulation, emerging druggability",TIER_2,2,Wnt pathway regulation; Dishevelled degradation; cancer/development; HECT druggability validated in class,"Wnt signaling, Dishevelled degradation","Cancer (Wnt-driven), developmental disorders"
HACE1,HECT Domain and Ankyrin Repeat Containing E3 Ubiquitin Protein Ligase 1,HECT,4BBW; 4BBX,2,Fragment (substrate recognition domain),Ankyrin repeat domain,"MEDIUM - tumor suppressor, Rac1 degradation, PPI targeting",TIER_2,2,Tumor suppressor HECT ligase; Rac1 GTPase regulation; cancer metastasis; ankyrin domain PPI targeting,"Rac1 regulation, cell migration, tumor suppression",Cancer (metastasis prevention)
RNF38,RING Finger Protein 38,RING,6M8F; 6M8G,2,Fragment,RING domain,"MEDIUM - ER stress response, fragment hits available",TIER_2,3,ER-associated degradation (ERAD); UPR signaling; metabolic disease; early fragment screening,"ERAD, ER stress response","Metabolic disease, protein folding disorders"
RNF216,RING Finger Protein 216 (Triad3A),RING,5T19; 5T1A,2,Fragment,RING domain,"MEDIUM - immune signaling (TLR/RIG-I regulation), neurodegeneration",TIER_2,3,Innate immune regulator; Gordon Holmes syndrome mutations; TLR pathway; fragment screening stage,"Innate immunity, TLR/RIG-I signaling","Autoimmunity, infection, Gordon Holmes syndrome"
RNF111,RING Finger Protein 111 (Arkadia),RING,6F1G; 6F1H,2,Fragment,RING domain,"MEDIUM - TGF-β/Nodal signaling, development, fragment hits",TIER_2,3,TGF-β pathway; Nodal/Smad7 regulation; embryonic development and cancer; early druggability exploration,"TGF-β/Nodal signaling, development","Cancer, developmental disorders"
