Sample,Sample_SRR,Tissgrp
0,SRR1068855,Muscle_Skeletal
1,SRR1068953,Stomach
2,SRR1069024,Whole_Blood
3,SRR1069166,Stomach
4,SRR1069279,Thyroid
5,SRR1069352,Pancreas
6,SRR1069690,Heart_Atrial_Appendage
7,SRR1069714,Stomach
8,SRR1069778,Stomach
9,SRR1069802,Heart_Left_Ventricle
10,SRR1069850,Colon_Transverse
11,SRR1069943,Colon_Sigmoid
12,SRR1069991,Colon_Transverse
13,SRR1070015,Lung
14,SRR1070358,Lung
15,SRR1070382,Stomach
16,SRR1070403,Pancreas
17,SRR1070549,Stomach
18,SRR1070764,Pancreas
19,SRR1070813,Whole_Blood
20,SRR1070863,Thyroid
21,SRR1070884,Stomach
22,SRR1070960,Thyroid
23,SRR1071231,Muscle_Skeletal
24,SRR1071519,Pancreas
25,SRR1071594,Muscle_Skeletal
26,SRR1071692,Heart_Left_Ventricle
27,SRR1071761,Stomach
28,SRR1071931,Whole_Blood
29,SRR1071955,Muscle_Skeletal
30,SRR1072007,Pancreas
31,SRR1072104,Pancreas
32,SRR1072150,Lung
33,SRR1072199,Stomach
34,SRR1072345,Whole_Blood
35,SRR1072529,Whole_Blood
36,SRR1072578,Colon_Transverse
37,SRR1072821,Stomach
38,SRR1072871,Whole_Blood
39,SRR1072920,Stomach
40,SRR1072972,Pancreas
41,SRR1073021,Pancreas
42,SRR1073119,Lung
43,SRR1073167,Pancreas
44,SRR1073217,Colon_Transverse
45,SRR1073267,Thyroid
46,SRR1073341,Thyroid
47,SRR1073459,Stomach
48,SRR1073655,Colon_Transverse
49,SRR1073679,Whole_Blood
50,SRR1073971,Colon_Transverse
51,SRR1073991,Pancreas
52,SRR1074066,Stomach
53,SRR1074090,Pancreas
54,SRR1074189,Thyroid
55,SRR1074239,Colon_Transverse
56,SRR1074314,Colon_Transverse
57,SRR1074337,Colon_Sigmoid
58,SRR1074359,Muscle_Skeletal
59,SRR1074385,Pancreas
60,SRR1074646,Whole_Blood
61,SRR1074670,Muscle_Skeletal
62,SRR1074694,Thyroid
63,SRR1074719,Muscle_Skeletal
64,SRR1074769,Lung
65,SRR1075078,Colon_Transverse
66,SRR1075174,Pancreas
67,SRR1075336,Pancreas
68,SRR1075631,Heart_Atrial_Appendage
69,SRR1075729,Colon_Transverse
70,SRR1075874,Stomach
71,SRR1075997,Heart_Atrial_Appendage
72,SRR1076244,Pancreas
73,SRR1076268,Stomach
74,SRR1076417,Stomach
75,SRR1076511,Whole_Blood
76,SRR1076753,Thyroid
77,SRR1076779,Heart_Left_Ventricle
78,SRR1076847,Whole_Blood
79,SRR1076868,Pancreas
80,SRR1076940,Colon_Transverse
81,SRR1076990,Stomach
82,SRR1077066,Colon_Transverse
83,SRR1077115,Heart_Atrial_Appendage
84,SRR1077288,Muscle_Skeletal
85,SRR1077380,Colon_Sigmoid
86,SRR1077503,Whole_Blood
87,SRR1077528,Heart_Atrial_Appendage
88,SRR1077643,Heart_Left_Ventricle
89,SRR1077667,Colon_Transverse
90,SRR1077805,Muscle_Skeletal
91,SRR1078066,Pancreas
92,SRR1078090,Stomach
93,SRR1078278,Colon_Transverse
94,SRR1078759,Stomach
95,SRR1078948,Colon_Transverse
96,SRR1079259,Whole_Blood
97,SRR1079567,Colon_Transverse
98,SRR1079660,Whole_Blood
99,SRR1079754,Pancreas
100,SRR1079900,Stomach
101,SRR1080222,Colon_Transverse
102,SRR1080415,Heart_Left_Ventricle
103,SRR1080438,Heart_Atrial_Appendage
104,SRR1080624,Pancreas
105,SRR1080672,Stomach
106,SRR1080766,Muscle_Skeletal
107,SRR1080951,Colon_Transverse
108,SRR1080977,Heart_Left_Ventricle
109,SRR1080998,Whole_Blood
110,SRR1081068,Colon_Sigmoid
111,SRR1081092,Stomach
112,SRR1081116,Colon_Transverse
113,SRR1081235,Stomach
114,SRR1081283,Lung
115,SRR1081332,Colon_Transverse
116,SRR1081493,Colon_Transverse
117,SRR1081712,Whole_Blood
118,SRR1081717,Stomach
119,SRR1081813,Colon_Transverse
120,SRR1081935,Stomach
121,SRR1082080,Pancreas
122,SRR1082238,Colon_Transverse
123,SRR1082544,Pancreas
124,SRR1082909,Thyroid
125,SRR1082933,Stomach
126,SRR1082957,Stomach
127,SRR1083031,Thyroid
128,SRR1083125,Colon_Transverse
129,SRR1083149,Stomach
130,SRR1083191,Stomach
131,SRR1083262,Stomach
132,SRR1083360,Stomach
133,SRR1083408,Stomach
134,SRR1083432,Whole_Blood
135,SRR1083456,Colon_Transverse
136,SRR1083504,Colon_Sigmoid
137,SRR1083657,Whole_Blood
138,SRR1083678,Colon_Sigmoid
139,SRR1083868,Colon_Transverse
140,SRR1084252,Stomach
141,SRR1084323,Pancreas
142,SRR1084369,Muscle_Skeletal
143,SRR1084417,Muscle_Skeletal
144,SRR1084505,Colon_Sigmoid
145,SRR1084577,Whole_Blood
146,SRR1084602,Lung
147,SRR1084720,Whole_Blood
148,SRR1084766,Lung
149,SRR1084892,Heart_Atrial_Appendage
150,SRR1084965,Heart_Left_Ventricle
151,SRR1085187,Pancreas
152,SRR1085235,Colon_Transverse
153,SRR1085259,Colon_Transverse
154,SRR1085310,Pancreas
155,SRR1085450,Stomach
156,SRR1085519,Muscle_Skeletal
157,SRR1085687,Thyroid
158,SRR1085925,Heart_Left_Ventricle
159,SRR1086070,Pancreas
160,SRR1086140,Heart_Left_Ventricle
161,SRR1086164,Colon_Transverse
162,SRR1086304,Heart_Left_Ventricle
163,SRR1086728,Lung
164,SRR1086844,Heart_Left_Ventricle
165,SRR1086889,Heart_Atrial_Appendage
166,SRR1087101,Stomach
167,SRR1087197,Heart_Left_Ventricle
168,SRR1087271,Colon_Sigmoid
169,SRR1087487,Whole_Blood
170,SRR1087559,Lung
171,SRR1087704,Colon_Transverse
172,SRR1087752,Colon_Transverse
173,SRR1087825,Muscle_Skeletal
174,SRR1087992,Heart_Left_Ventricle
175,SRR1088044,Thyroid
176,SRR1088068,Stomach
177,SRR1088117,Stomach
178,SRR1088142,Heart_Left_Ventricle
179,SRR1088168,Whole_Blood
180,SRR1088291,Pancreas
181,SRR1088340,Heart_Atrial_Appendage
182,SRR1088413,Pancreas
183,SRR1088537,Pancreas
184,SRR1088680,Stomach
185,SRR1088734,Heart_Atrial_Appendage
186,SRR1088782,Stomach
187,SRR1088808,Thyroid
188,SRR1088878,Stomach
189,SRR1089424,Muscle_Skeletal
190,SRR1089537,Pancreas
191,SRR1089688,Pancreas
192,SRR1089737,Stomach
193,SRR1089809,Thyroid
194,SRR1089901,Muscle_Skeletal
195,SRR1089926,Thyroid
196,SRR1090119,Colon_Transverse
197,SRR1090334,Colon_Transverse
198,SRR1090383,Colon_Transverse
199,SRR1090431,Colon_Sigmoid
200,SRR1090483,Heart_Atrial_Appendage
201,SRR1090508,Whole_Blood
202,SRR1090626,Colon_Transverse
203,SRR1090770,Thyroid
204,SRR1090815,Thyroid
205,SRR1090907,Whole_Blood
206,SRR1091032,Pancreas
207,SRR1091054,Colon_Transverse
208,SRR1091144,Pancreas
209,SRR1091356,Stomach
210,SRR1091452,Whole_Blood
211,SRR1091524,Colon_Sigmoid
212,SRR1091548,Stomach
213,SRR1091817,Whole_Blood
214,SRR1092184,Stomach
215,SRR1092281,Stomach
216,SRR1092349,Muscle_Skeletal
217,SRR1092397,Colon_Transverse
218,SRR1092422,Whole_Blood
219,SRR1092493,Colon_Sigmoid
220,SRR1092541,Whole_Blood
221,SRR1092567,Thyroid
222,SRR1092749,Colon_Transverse
223,SRR1092889,Heart_Atrial_Appendage
224,SRR1092937,Pancreas
225,SRR1092985,Muscle_Skeletal
226,SRR1093243,Heart_Atrial_Appendage
227,SRR1093269,Heart_Atrial_Appendage
228,SRR1093340,Pancreas
229,SRR1093366,Colon_Sigmoid
230,SRR1093390,Stomach
231,SRR1093434,Pancreas
232,SRR1093504,Stomach
233,SRR1093577,Pancreas
234,SRR1093649,Heart_Left_Ventricle
235,SRR1094051,Muscle_Skeletal
236,SRR1094192,Heart_Atrial_Appendage
237,SRR1094506,Heart_Left_Ventricle
238,SRR1094555,Stomach
239,SRR1095407,Pancreas
240,SRR1095479,Pancreas
241,SRR1095651,Pancreas
242,SRR1095675,Colon_Transverse
243,SRR1095695,Lung
244,SRR1095720,Muscle_Skeletal
245,SRR1095937,Thyroid
246,SRR1096174,Muscle_Skeletal
247,SRR1096247,Stomach
248,SRR1096571,Whole_Blood
249,SRR1096662,Muscle_Skeletal
250,SRR1096924,Colon_Transverse
251,SRR1097320,Stomach
252,SRR1097525,Colon_Transverse
253,SRR1097618,Stomach
254,SRR1097777,Pancreas
255,SRR1097811,Colon_Transverse
256,SRR1097883,Pancreas
257,SRR1098002,Colon_Transverse
258,SRR1098074,Lung
259,SRR1098098,Colon_Transverse
260,SRR1098146,Stomach
261,SRR1098192,Pancreas
262,SRR1098288,Heart_Atrial_Appendage
263,SRR1098361,Stomach
264,SRR1098474,Muscle_Skeletal
265,SRR1098495,Stomach
266,SRR1098543,Pancreas
267,SRR1098588,Stomach
268,SRR1098660,Colon_Transverse
269,SRR1098785,Lung
270,SRR1098855,Stomach
271,SRR1098879,Muscle_Skeletal
272,SRR1098928,Pancreas
273,SRR1098998,Lung
274,SRR1099260,Whole_Blood
275,SRR1099286,Lung
276,SRR1099354,Colon_Transverse
277,SRR1099451,Colon_Transverse
278,SRR1099520,Thyroid
279,SRR1099546,Lung
280,SRR1099648,Whole_Blood
281,SRR1099744,Whole_Blood
282,SRR1099765,Colon_Transverse
283,SRR1099833,Pancreas
284,SRR1099931,Colon_Transverse
285,SRR1100395,Colon_Transverse
286,SRR1100588,Muscle_Skeletal
287,SRR1100776,Stomach
288,SRR1100800,Pancreas
289,SRR1101280,Colon_Transverse
290,SRR1101324,Whole_Blood
291,SRR1101483,Whole_Blood
292,SRR1101542,Pancreas
293,SRR1101741,Colon_Transverse
294,SRR1101787,Whole_Blood
295,SRR1101981,Stomach
296,SRR1102031,Whole_Blood
297,SRR1102079,Lung
298,SRR1102176,Colon_Transverse
299,SRR1102198,Colon_Sigmoid
300,SRR1102224,Colon_Sigmoid
301,SRR1102272,Stomach
302,SRR1102369,Stomach
303,SRR1102756,Heart_Atrial_Appendage
304,SRR1102804,Lung
305,SRR1103072,Colon_Transverse
306,SRR1105033,Colon_Transverse
307,SRR1105057,Muscle_Skeletal
308,SRR1105513,Stomach
309,SRR1120363,Pancreas
310,SRR1120733,Colon_Transverse
311,SRR1120825,Stomach
312,SRR1120891,Colon_Transverse
313,SRR1307699,Heart_Left_Ventricle
314,SRR1307808,Pancreas
315,SRR1308200,Heart_Atrial_Appendage
316,SRR1308269,Colon_Sigmoid
317,SRR1308504,Lung
318,SRR1308674,Heart_Atrial_Appendage
319,SRR1308696,Heart_Left_Ventricle
320,SRR1308715,Thyroid
321,SRR1309070,Muscle_Skeletal
322,SRR1309468,Lung
323,SRR1309490,Lung
324,SRR1309556,Muscle_Skeletal
325,SRR1309578,Thyroid
326,SRR1309657,Thyroid
327,SRR1309702,Muscle_Skeletal
328,SRR1309723,Stomach
329,SRR1309856,Heart_Atrial_Appendage
330,SRR1309875,Pancreas
331,SRR1309942,Muscle_Skeletal
332,SRR1310373,Heart_Left_Ventricle
333,SRR1310412,Whole_Blood
334,SRR1310476,Muscle_Skeletal
335,SRR1310520,Lung
336,SRR1310563,Heart_Left_Ventricle
337,SRR1310690,Pancreas
338,SRR1310735,Muscle_Skeletal
339,SRR1310758,Thyroid
340,SRR1310797,Lung
341,SRR1310836,Muscle_Skeletal
342,SRR1310876,Colon_Transverse
343,SRR1310898,Colon_Transverse
344,SRR1310920,Stomach
345,SRR1311062,Whole_Blood
346,SRR1311109,Heart_Atrial_Appendage
347,SRR1311243,Heart_Left_Ventricle
348,SRR1311419,Whole_Blood
349,SRR1311464,Colon_Transverse
350,SRR1311509,Heart_Left_Ventricle
351,SRR1311553,Muscle_Skeletal
352,SRR1311644,Whole_Blood
353,SRR1311752,Pancreas
354,SRR1311897,Thyroid
355,SRR1312024,Thyroid
356,SRR1312187,Whole_Blood
357,SRR1312388,Stomach
358,SRR1312406,Muscle_Skeletal
359,SRR1312482,Heart_Atrial_Appendage
360,SRR1312522,Lung
361,SRR1312540,Heart_Left_Ventricle
362,SRR1312558,Lung
363,SRR1312577,Colon_Sigmoid
364,SRR1312598,Whole_Blood
365,SRR1312666,Colon_Sigmoid
366,SRR1312684,Muscle_Skeletal
367,SRR1312725,Heart_Left_Ventricle
368,SRR1312784,Colon_Sigmoid
369,SRR1312865,Lung
370,SRR1312906,Stomach
371,SRR1313449,Stomach
372,SRR1313514,Whole_Blood
373,SRR1313560,Heart_Left_Ventricle
374,SRR1313625,Colon_Transverse
375,SRR1313687,Muscle_Skeletal
376,SRR1313789,Thyroid
377,SRR1313853,Heart_Atrial_Appendage
378,SRR1313910,Whole_Blood
379,SRR1313969,Muscle_Skeletal
380,SRR1314071,Thyroid
381,SRR1314749,Lung
382,SRR1314832,Muscle_Skeletal
383,SRR1314851,Heart_Atrial_Appendage
384,SRR1314916,Whole_Blood
385,SRR1314976,Lung
386,SRR1315103,Lung
387,SRR1315188,Thyroid
388,SRR1315309,Stomach
389,SRR1315393,Heart_Atrial_Appendage
390,SRR1315517,Whole_Blood
391,SRR1316174,Thyroid
392,SRR1316231,Stomach
393,SRR1316343,Colon_Transverse
394,SRR1316463,Colon_Transverse
395,SRR1316725,Heart_Atrial_Appendage
396,SRR1316793,Thyroid
397,SRR1317001,Thyroid
398,SRR1317064,Whole_Blood
399,SRR1317110,Colon_Sigmoid
400,SRR1317134,Muscle_Skeletal
401,SRR1317218,Thyroid
402,SRR1317305,Heart_Left_Ventricle
403,SRR1317387,Pancreas
404,SRR1317428,Heart_Left_Ventricle
405,SRR1317653,Colon_Sigmoid
406,SRR1317707,Heart_Atrial_Appendage
407,SRR1317832,Whole_Blood
408,SRR1317898,Whole_Blood
409,SRR1318005,Whole_Blood
410,SRR1318118,Lung
411,SRR1318208,Colon_Transverse
412,SRR1318241,Whole_Blood
413,SRR1318465,Muscle_Skeletal
414,SRR1318484,Heart_Atrial_Appendage
415,SRR1318503,Pancreas
416,SRR1318560,Muscle_Skeletal
417,SRR1318605,Whole_Blood
418,SRR1318624,Colon_Sigmoid
419,SRR1318662,Heart_Atrial_Appendage
420,SRR1318815,Whole_Blood
421,SRR1318839,Muscle_Skeletal
422,SRR1318857,Whole_Blood
423,SRR1318998,Heart_Left_Ventricle
424,SRR1319038,Colon_Sigmoid
425,SRR1319078,Stomach
426,SRR1319118,Pancreas
427,SRR1319283,Thyroid
428,SRR1319344,Heart_Left_Ventricle
429,SRR1319461,Whole_Blood
430,SRR1319502,Colon_Transverse
431,SRR1319626,Muscle_Skeletal
432,SRR1319648,Muscle_Skeletal
433,SRR1319710,Muscle_Skeletal
434,SRR1319753,Muscle_Skeletal
435,SRR1319772,Whole_Blood
436,SRR1319858,Thyroid
437,SRR1319924,Thyroid
438,SRR1320137,Whole_Blood
439,SRR1320203,Stomach
440,SRR1320225,Muscle_Skeletal
441,SRR1320321,Muscle_Skeletal
442,SRR1320363,Whole_Blood
443,SRR1320403,Whole_Blood
444,SRR1320445,Colon_Sigmoid
445,SRR1320469,Muscle_Skeletal
446,SRR1320490,Colon_Sigmoid
447,SRR1320579,Muscle_Skeletal
448,SRR1320939,Heart_Left_Ventricle
449,SRR1321225,Heart_Left_Ventricle
450,SRR1321377,Colon_Sigmoid
451,SRR1321420,Heart_Atrial_Appendage
452,SRR1321505,Heart_Left_Ventricle
453,SRR1321528,Lung
454,SRR1321608,Heart_Atrial_Appendage
455,SRR1321765,Pancreas
456,SRR1321808,Lung
457,SRR1321987,Muscle_Skeletal
458,SRR1322028,Pancreas
459,SRR1322070,Colon_Sigmoid
460,SRR1322186,Colon_Transverse
461,SRR1322395,Heart_Left_Ventricle
462,SRR1322494,Thyroid
463,SRR1322512,Stomach
464,SRR1322595,Lung
465,SRR1322619,Whole_Blood
466,SRR1322662,Muscle_Skeletal
467,SRR1322711,Thyroid
468,SRR1322730,Pancreas
469,SRR1322790,Thyroid
470,SRR1322816,Pancreas
471,SRR1322900,Muscle_Skeletal
472,SRR1323002,Colon_Sigmoid
473,SRR1323065,Thyroid
474,SRR1323087,Muscle_Skeletal
475,SRR1323152,Muscle_Skeletal
476,SRR1323215,Colon_Sigmoid
477,SRR1323312,Colon_Transverse
478,SRR1323404,Stomach
479,SRR1323446,Colon_Transverse
480,SRR1323512,Heart_Atrial_Appendage
481,SRR1323628,Heart_Left_Ventricle
482,SRR1323850,Thyroid
483,SRR1323873,Colon_Transverse
484,SRR1323896,Lung
485,SRR1323914,Thyroid
486,SRR1323936,Thyroid
487,SRR1324102,Pancreas
488,SRR1324250,Lung
489,SRR1324390,Muscle_Skeletal
490,SRR1324473,Colon_Sigmoid
491,SRR1324519,Pancreas
492,SRR1324545,Heart_Atrial_Appendage
493,SRR1325225,Muscle_Skeletal
494,SRR1325247,Heart_Atrial_Appendage
495,SRR1325353,Thyroid
496,SRR1325377,Muscle_Skeletal
497,SRR1325504,Heart_Left_Ventricle
498,SRR1325620,Colon_Transverse
499,SRR1325690,Stomach
500,SRR1325888,Lung
501,SRR1326020,Pancreas
502,SRR1326040,Heart_Left_Ventricle
503,SRR1326161,Muscle_Skeletal
504,SRR1326249,Lung
505,SRR1326292,Muscle_Skeletal
506,SRR1326384,Lung
507,SRR1326624,Muscle_Skeletal
508,SRR1326687,Heart_Left_Ventricle
509,SRR1326752,Lung
510,SRR1326773,Whole_Blood
511,SRR1327303,Pancreas
512,SRR1327349,Thyroid
513,SRR1327366,Thyroid
514,SRR1327386,Lung
515,SRR1327410,Thyroid
516,SRR1327454,Colon_Sigmoid
517,SRR1327505,Colon_Sigmoid
518,SRR1327527,Colon_Sigmoid
519,SRR1327570,Colon_Sigmoid
520,SRR1327632,Thyroid
521,SRR1327680,Heart_Left_Ventricle
522,SRR1327702,Muscle_Skeletal
523,SRR1327872,Pancreas
524,SRR1328101,Muscle_Skeletal
525,SRR1328360,Stomach
526,SRR1328383,Whole_Blood
527,SRR1328407,Whole_Blood
528,SRR1328528,Colon_Sigmoid
529,SRR1328738,Pancreas
530,SRR1328797,Muscle_Skeletal
531,SRR1328980,Colon_Sigmoid
532,SRR1329003,Muscle_Skeletal
533,SRR1329068,Thyroid
534,SRR1329108,Stomach
535,SRR1329131,Colon_Transverse
536,SRR1329177,Heart_Left_Ventricle
537,SRR1329442,Thyroid
538,SRR1329464,Thyroid
539,SRR1329530,Colon_Transverse
540,SRR1329642,Colon_Sigmoid
541,SRR1329663,Colon_Sigmoid
542,SRR1329687,Colon_Transverse
543,SRR1329726,Stomach
544,SRR1329909,Stomach
545,SRR1330129,Whole_Blood
546,SRR1330153,Heart_Left_Ventricle
547,SRR1330176,Colon_Sigmoid
548,SRR1330327,Muscle_Skeletal
549,SRR1330522,Whole_Blood
550,SRR1330609,Stomach
551,SRR1330633,Heart_Atrial_Appendage
552,SRR1330746,Pancreas
553,SRR1330770,Colon_Sigmoid
554,SRR1330831,Colon_Sigmoid
555,SRR1330854,Muscle_Skeletal
556,SRR1330901,Pancreas
557,SRR1330944,Heart_Atrial_Appendage
558,SRR1330965,Heart_Left_Ventricle
559,SRR1330989,Lung
560,SRR1331013,Heart_Atrial_Appendage
561,SRR1331037,Pancreas
562,SRR1331220,Muscle_Skeletal
563,SRR1331311,Whole_Blood
564,SRR1331383,Thyroid
565,SRR1331405,Colon_Transverse
566,SRR1331444,Heart_Left_Ventricle
567,SRR1331639,Muscle_Skeletal
568,SRR1331684,Whole_Blood
569,SRR1331858,Stomach
570,SRR1331922,Muscle_Skeletal
571,SRR1332007,Whole_Blood
572,SRR1332299,Muscle_Skeletal
573,SRR1332467,Colon_Sigmoid
574,SRR1332544,Lung
575,SRR1332607,Heart_Left_Ventricle
576,SRR1332713,Thyroid
577,SRR1332835,Heart_Atrial_Appendage
578,SRR1333167,Colon_Sigmoid
579,SRR1333209,Whole_Blood
580,SRR1333240,Whole_Blood
581,SRR1333287,Colon_Sigmoid
582,SRR1333414,Heart_Atrial_Appendage
583,SRR1333462,Whole_Blood
584,SRR1333550,Thyroid
585,SRR1333570,Whole_Blood
586,SRR1333718,Whole_Blood
587,SRR1334011,Colon_Sigmoid
588,SRR1334055,Colon_Sigmoid
589,SRR1334074,Lung
590,SRR1334134,Colon_Transverse
591,SRR1334154,Heart_Atrial_Appendage
592,SRR1334181,Colon_Sigmoid
593,SRR1334247,Muscle_Skeletal
594,SRR1334314,Pancreas
595,SRR1334338,Heart_Left_Ventricle
596,SRR1334490,Lung
597,SRR1334512,Muscle_Skeletal
598,SRR1334694,Heart_Atrial_Appendage
599,SRR1334889,Muscle_Skeletal
600,SRR1334919,Heart_Left_Ventricle
601,SRR1334939,Thyroid
602,SRR1335164,Heart_Atrial_Appendage
603,SRR1335296,Thyroid
604,SRR1335422,Lung
605,SRR1335513,Lung
606,SRR1335627,Heart_Atrial_Appendage
607,SRR1335670,Lung
608,SRR1335940,Thyroid
609,SRR1335984,Pancreas
610,SRR1336113,Thyroid
611,SRR1336134,Heart_Atrial_Appendage
612,SRR1336205,Colon_Transverse
613,SRR1336227,Colon_Transverse
614,SRR1336569,Muscle_Skeletal
615,SRR1336617,Colon_Sigmoid
616,SRR1336706,Whole_Blood
617,SRR1336863,Colon_Sigmoid
618,SRR1336964,Colon_Sigmoid
619,SRR1336988,Colon_Transverse
620,SRR1337031,Lung
621,SRR1337137,Thyroid
622,SRR1337173,Muscle_Skeletal
623,SRR1337238,Heart_Left_Ventricle
624,SRR1337364,Thyroid
625,SRR1337388,Heart_Atrial_Appendage
626,SRR1337495,Colon_Sigmoid
627,SRR1337516,Colon_Sigmoid
628,SRR1337540,Whole_Blood
629,SRR1337794,Stomach
630,SRR1337816,Colon_Transverse
631,SRR1337953,Stomach
632,SRR1338055,Whole_Blood
633,SRR1338280,Colon_Transverse
634,SRR1338363,Heart_Left_Ventricle
635,SRR1338489,Colon_Sigmoid
636,SRR1338513,Pancreas
637,SRR1338560,Muscle_Skeletal
638,SRR1338603,Colon_Transverse
639,SRR1338648,Whole_Blood
640,SRR1338705,Stomach
641,SRR1338880,Whole_Blood
642,SRR1338901,Thyroid
643,SRR1339029,Lung
644,SRR1339065,Colon_Sigmoid
645,SRR1339108,Muscle_Skeletal
646,SRR1339321,Heart_Atrial_Appendage
647,SRR1339366,Thyroid
648,SRR1339413,Thyroid
649,SRR1339508,Thyroid
650,SRR1339619,Whole_Blood
651,SRR1339675,Thyroid
652,SRR1339788,Pancreas
653,SRR1339834,Whole_Blood
654,SRR1339856,Whole_Blood
655,SRR1339921,Heart_Left_Ventricle
656,SRR1340047,Pancreas
657,SRR1340280,Heart_Left_Ventricle
658,SRR1340441,Heart_Left_Ventricle
659,SRR1340617,Heart_Atrial_Appendage
660,SRR1340641,Heart_Atrial_Appendage
661,SRR1340680,Colon_Transverse
662,SRR1340862,Stomach
663,SRR1340885,Whole_Blood
664,SRR1340924,Thyroid
665,SRR1340966,Colon_Sigmoid
666,SRR1341034,Thyroid
667,SRR1341164,Whole_Blood
668,SRR1341209,Colon_Transverse
669,SRR1341256,Thyroid
670,SRR1341321,Stomach
671,SRR1341408,Heart_Atrial_Appendage
672,SRR1341456,Heart_Left_Ventricle
673,SRR1341626,Pancreas
674,SRR1341721,Colon_Transverse
675,SRR1341833,Lung
676,SRR1341945,Colon_Sigmoid
677,SRR1341965,Heart_Atrial_Appendage
678,SRR1342023,Lung
679,SRR1342088,Thyroid
680,SRR1342701,Heart_Atrial_Appendage
681,SRR1342739,Muscle_Skeletal
682,SRR1342782,Muscle_Skeletal
683,SRR1342806,Colon_Transverse
684,SRR1342916,Heart_Left_Ventricle
685,SRR1342938,Thyroid
686,SRR1342960,Colon_Transverse
687,SRR1343072,Colon_Transverse
688,SRR1343324,Stomach
689,SRR1343414,Colon_Sigmoid
690,SRR1343433,Thyroid
691,SRR1343456,Stomach
692,SRR1343501,Whole_Blood
693,SRR1343546,Colon_Sigmoid
694,SRR1343653,Heart_Atrial_Appendage
695,SRR1343698,Colon_Transverse
696,SRR1343795,Heart_Atrial_Appendage
697,SRR1343859,Heart_Left_Ventricle
698,SRR1343967,Pancreas
699,SRR1344100,Thyroid
700,SRR1344122,Colon_Sigmoid
701,SRR1344271,Heart_Atrial_Appendage
702,SRR1344382,Muscle_Skeletal
703,SRR1344422,Muscle_Skeletal
704,SRR1345178,Stomach
705,SRR1345221,Heart_Left_Ventricle
706,SRR1345266,Whole_Blood
707,SRR1345284,Muscle_Skeletal
708,SRR1345412,Whole_Blood
709,SRR1345436,Heart_Atrial_Appendage
710,SRR1345541,Whole_Blood
711,SRR1345563,Lung
712,SRR1345669,Thyroid
713,SRR1345736,Heart_Left_Ventricle
714,SRR1345760,Muscle_Skeletal
715,SRR1345827,Heart_Atrial_Appendage
716,SRR1345847,Whole_Blood
717,SRR1345871,Stomach
718,SRR1345894,Muscle_Skeletal
719,SRR1345936,Lung
720,SRR1346838,Stomach
721,SRR1346933,Lung
722,SRR1346978,Thyroid
723,SRR1347020,Lung
724,SRR1347082,Stomach
725,SRR1347214,Muscle_Skeletal
726,SRR1347500,Heart_Left_Ventricle
727,SRR1347667,Heart_Left_Ventricle
728,SRR1347795,Lung
729,SRR1347916,Colon_Sigmoid
730,SRR1347937,Muscle_Skeletal
731,SRR1347959,Pancreas
732,SRR1348040,Muscle_Skeletal
733,SRR1348094,Colon_Sigmoid
734,SRR1348114,Whole_Blood
735,SRR1348181,Whole_Blood
736,SRR1348226,Heart_Left_Ventricle
737,SRR1348248,Stomach
738,SRR1348270,Thyroid
739,SRR1348318,Thyroid
740,SRR1348507,Colon_Sigmoid
741,SRR1348792,Colon_Sigmoid
742,SRR1348951,Whole_Blood
743,SRR1349032,Whole_Blood
744,SRR1349144,Thyroid
745,SRR1349166,Lung
746,SRR1349190,Colon_Transverse
747,SRR1349209,Muscle_Skeletal
748,SRR1349231,Muscle_Skeletal
749,SRR1349433,Heart_Atrial_Appendage
750,SRR1349497,Thyroid
751,SRR1349518,Thyroid
752,SRR1349540,Thyroid
753,SRR1349772,Heart_Left_Ventricle
754,SRR1349851,Muscle_Skeletal
755,SRR1349893,Heart_Left_Ventricle
756,SRR1349956,Heart_Left_Ventricle
757,SRR1350263,Thyroid
758,SRR1350435,Muscle_Skeletal
759,SRR1350479,Colon_Sigmoid
760,SRR1350566,Thyroid
761,SRR1350588,Thyroid
762,SRR1350832,Muscle_Skeletal
763,SRR1350855,Whole_Blood
764,SRR1350936,Thyroid
765,SRR1350997,Stomach
766,SRR1351166,Whole_Blood
767,SRR1351280,Muscle_Skeletal
768,SRR1351480,Muscle_Skeletal
769,SRR1351583,Heart_Atrial_Appendage
770,SRR1351624,Thyroid
771,SRR1351836,Whole_Blood
772,SRR1351931,Heart_Left_Ventricle
773,SRR1351955,Colon_Sigmoid
774,SRR1351979,Muscle_Skeletal
775,SRR1352001,Thyroid
776,SRR1352111,Heart_Left_Ventricle
777,SRR1352213,Heart_Left_Ventricle
778,SRR1352234,Heart_Atrial_Appendage
779,SRR1352322,Colon_Transverse
780,SRR1352391,Lung
781,SRR1352575,Thyroid
782,SRR1352619,Heart_Left_Ventricle
783,SRR1352683,Lung
784,SRR1352936,Heart_Left_Ventricle
785,SRR1353118,Colon_Transverse
786,SRR1353332,Colon_Sigmoid
787,SRR1353461,Pancreas
788,SRR1353517,Muscle_Skeletal
789,SRR1353555,Muscle_Skeletal
790,SRR1353577,Colon_Sigmoid
791,SRR1353900,Muscle_Skeletal
792,SRR1353948,Colon_Transverse
793,SRR1353970,Heart_Left_Ventricle
794,SRR1354035,Colon_Transverse
795,SRR1354225,Thyroid
796,SRR1354270,Muscle_Skeletal
797,SRR1354291,Whole_Blood
798,SRR1354338,Pancreas
799,SRR1354489,Muscle_Skeletal
800,SRR1354532,Stomach
801,SRR1354599,Heart_Left_Ventricle
802,SRR1354644,Muscle_Skeletal
803,SRR1354665,Whole_Blood
804,SRR1354710,Heart_Left_Ventricle
805,SRR1354955,Muscle_Skeletal
806,SRR1355102,Whole_Blood
807,SRR1355194,Heart_Left_Ventricle
808,SRR1355217,Muscle_Skeletal
809,SRR1355352,Muscle_Skeletal
810,SRR1355396,Muscle_Skeletal
811,SRR1355578,Lung
812,SRR1355660,Heart_Left_Ventricle
813,SRR1355997,Stomach
814,SRR1356120,Thyroid
815,SRR1356248,Whole_Blood
816,SRR1356290,Muscle_Skeletal
817,SRR1356308,Thyroid
818,SRR1356487,Heart_Atrial_Appendage
819,SRR1356509,Colon_Sigmoid
820,SRR1356553,Whole_Blood
821,SRR1356577,Lung
822,SRR1356643,Colon_Transverse
823,SRR1356705,Muscle_Skeletal
824,SRR1356725,Stomach
825,SRR1356976,Colon_Sigmoid
826,SRR1356997,Colon_Transverse
827,SRR1357103,Whole_Blood
828,SRR1357148,Muscle_Skeletal
829,SRR1357210,Lung
830,SRR1357233,Lung
831,SRR1357344,Thyroid
832,SRR1357456,Colon_Transverse
833,SRR1357541,Pancreas
834,SRR1357558,Heart_Left_Ventricle
835,SRR1357618,Pancreas
836,SRR1357650,Heart_Atrial_Appendage
837,SRR1357692,Colon_Transverse
838,SRR1357757,Whole_Blood
839,SRR1357781,Whole_Blood
840,SRR1358017,Heart_Left_Ventricle
841,SRR1358220,Muscle_Skeletal
842,SRR1358343,Whole_Blood
843,SRR1358367,Stomach
844,SRR1358459,Thyroid
845,SRR1358482,Heart_Atrial_Appendage
846,SRR1358582,Heart_Left_Ventricle
847,SRR1358624,Colon_Sigmoid
848,SRR1358779,Heart_Left_Ventricle
849,SRR1359045,Thyroid
850,SRR1359099,Lung
851,SRR1359469,Lung
852,SRR1359509,Colon_Sigmoid
853,SRR1359529,Thyroid
854,SRR1359609,Lung
855,SRR1359694,Pancreas
856,SRR1359760,Stomach
857,SRR1359780,Muscle_Skeletal
858,SRR1359821,Stomach
859,SRR1360194,Colon_Sigmoid
860,SRR1360258,Colon_Sigmoid
861,SRR1360402,Muscle_Skeletal
862,SRR1360442,Heart_Left_Ventricle
863,SRR1360523,Thyroid
864,SRR1360545,Stomach
865,SRR1360587,Heart_Atrial_Appendage
866,SRR1360766,Pancreas
867,SRR1360807,Lung
868,SRR1361050,Thyroid
869,SRR1361156,Heart_Atrial_Appendage
870,SRR1361345,Lung
871,SRR1361368,Whole_Blood
872,SRR1361546,Muscle_Skeletal
873,SRR1361590,Whole_Blood
874,SRR1361692,Pancreas
875,SRR1361777,Colon_Sigmoid
876,SRR1361814,Colon_Sigmoid
877,SRR1361883,Colon_Sigmoid
878,SRR1362332,Colon_Transverse
879,SRR1362395,Whole_Blood
880,SRR1362488,Heart_Atrial_Appendage
881,SRR1362514,Colon_Sigmoid
882,SRR1362579,Colon_Transverse
883,SRR1362664,Colon_Sigmoid
884,SRR1362688,Stomach
885,SRR1362713,Lung
886,SRR1362824,Heart_Atrial_Appendage
887,SRR1362928,Colon_Sigmoid
888,SRR1363611,Whole_Blood
889,SRR1363742,Whole_Blood
890,SRR1363908,Muscle_Skeletal
891,SRR1364641,Stomach
892,SRR1364658,Lung
893,SRR1364695,Heart_Left_Ventricle
894,SRR1364780,Heart_Left_Ventricle
895,SRR1364935,Thyroid
896,SRR1364975,Colon_Transverse
897,SRR1365034,Muscle_Skeletal
898,SRR1365356,Thyroid
899,SRR1365377,Colon_Sigmoid
900,SRR1365426,Muscle_Skeletal
901,SRR1365448,Muscle_Skeletal
902,SRR1365471,Pancreas
903,SRR1365489,Lung
904,SRR1365512,Thyroid
905,SRR1365575,Pancreas
906,SRR1365679,Stomach
907,SRR1365700,Heart_Atrial_Appendage
908,SRR1365743,Pancreas
909,SRR1365808,Lung
910,SRR1365850,Thyroid
911,SRR1365873,Whole_Blood
912,SRR1365938,Lung
913,SRR1366367,Heart_Atrial_Appendage
914,SRR1366473,Stomach
915,SRR1366519,Heart_Atrial_Appendage
916,SRR1366543,Whole_Blood
917,SRR1366690,Heart_Left_Ventricle
918,SRR1366772,Thyroid
919,SRR1366813,Whole_Blood
920,SRR1366837,Lung
921,SRR1366855,Heart_Atrial_Appendage
922,SRR1367109,Muscle_Skeletal
923,SRR1367172,Colon_Transverse
924,SRR1367410,Colon_Transverse
925,SRR1367432,Whole_Blood
926,SRR1367456,Heart_Left_Ventricle
927,SRR1367544,Colon_Transverse
928,SRR1367588,Thyroid
929,SRR1367612,Thyroid
930,SRR1367630,Pancreas
931,SRR1367654,Lung
932,SRR1367693,Whole_Blood
933,SRR1367715,Muscle_Skeletal
934,SRR1367785,Colon_Transverse
935,SRR1367849,Heart_Atrial_Appendage
936,SRR1367988,Muscle_Skeletal
937,SRR1368072,Muscle_Skeletal
938,SRR1368094,Colon_Transverse
939,SRR1368117,Muscle_Skeletal
940,SRR1368264,Muscle_Skeletal
941,SRR1368486,Thyroid
942,SRR1368529,Whole_Blood
943,SRR1368574,Muscle_Skeletal
944,SRR1368616,Heart_Atrial_Appendage
945,SRR1368710,Thyroid
946,SRR1368754,Lung
947,SRR1368794,Heart_Atrial_Appendage
948,SRR1368815,Stomach
949,SRR1368917,Thyroid
950,SRR1369008,Colon_Sigmoid
951,SRR1369030,Heart_Atrial_Appendage
952,SRR1369536,Heart_Left_Ventricle
953,SRR1370107,Colon_Transverse
954,SRR1370151,Thyroid
955,SRR1370216,Lung
956,SRR1370363,Stomach
957,SRR1370423,Lung
958,SRR1370572,Muscle_Skeletal
959,SRR1370637,Whole_Blood
960,SRR1370659,Heart_Left_Ventricle
961,SRR1370701,Colon_Transverse
962,SRR1370780,Muscle_Skeletal
963,SRR1374028,Heart_Atrial_Appendage
964,SRR1374355,Colon_Sigmoid
965,SRR1374373,Pancreas
966,SRR1374567,Lung
967,SRR1374585,Pancreas
968,SRR1374647,Whole_Blood
969,SRR1374696,Lung
970,SRR1374716,Thyroid
971,SRR1374739,Pancreas
972,SRR1374778,Thyroid
973,SRR1375158,Colon_Transverse
974,SRR1375439,Muscle_Skeletal
975,SRR1375509,Muscle_Skeletal
976,SRR1375677,Heart_Left_Ventricle
977,SRR1375738,Lung
978,SRR1375774,Muscle_Skeletal
979,SRR1375796,Muscle_Skeletal
980,SRR1376249,Muscle_Skeletal
981,SRR1376294,Whole_Blood
982,SRR1376316,Lung
983,SRR1376426,Pancreas
984,SRR1376476,Colon_Transverse
985,SRR1376497,Thyroid
986,SRR1376539,Heart_Left_Ventricle
987,SRR1376619,Whole_Blood
988,SRR1376676,Lung
989,SRR1376694,Lung
990,SRR1376718,Pancreas
991,SRR1376764,Muscle_Skeletal
992,SRR1376807,Colon_Transverse
993,SRR1377006,Muscle_Skeletal
994,SRR1377492,Pancreas
995,SRR1377537,Stomach
996,SRR1377557,Thyroid
997,SRR1377714,Whole_Blood
998,SRR1377800,Muscle_Skeletal
999,SRR1377862,Muscle_Skeletal
1000,SRR1377949,Thyroid
1001,SRR1377967,Thyroid
1002,SRR1378026,Whole_Blood
1003,SRR1378131,Heart_Atrial_Appendage
1004,SRR1378243,Heart_Atrial_Appendage
1005,SRR1378262,Colon_Transverse
1006,SRR1378707,Colon_Sigmoid
1007,SRR1378924,Colon_Sigmoid
1008,SRR1379089,Lung
1009,SRR1379110,Muscle_Skeletal
1010,SRR1379157,Colon_Transverse
1011,SRR1379279,Thyroid
1012,SRR1379365,Heart_Atrial_Appendage
1013,SRR1379384,Stomach
1014,SRR1379471,Thyroid
1015,SRR1379538,Whole_Blood
1016,SRR1380163,Thyroid
1017,SRR1380270,Whole_Blood
1018,SRR1380501,Heart_Atrial_Appendage
1019,SRR1380591,Stomach
1020,SRR1380716,Muscle_Skeletal
1021,SRR1380785,Heart_Atrial_Appendage
1022,SRR1380886,Pancreas
1023,SRR1381140,Pancreas
1024,SRR1381161,Lung
1025,SRR1381211,Heart_Atrial_Appendage
1026,SRR1381247,Thyroid
1027,SRR1381269,Heart_Atrial_Appendage
1028,SRR1381306,Stomach
1029,SRR1381348,Muscle_Skeletal
1030,SRR1381414,Thyroid
1031,SRR1381435,Whole_Blood
1032,SRR1381505,Pancreas
1033,SRR1381524,Heart_Left_Ventricle
1034,SRR1381693,Heart_Left_Ventricle
1035,SRR1381775,Muscle_Skeletal
1036,SRR1381934,Lung
1037,SRR1381953,Pancreas
1038,SRR1382440,Pancreas
1039,SRR1382461,Colon_Transverse
1040,SRR1382485,Whole_Blood
1041,SRR1382508,Heart_Left_Ventricle
1042,SRR1382615,Whole_Blood
1043,SRR1382639,Colon_Sigmoid
1044,SRR1382756,Lung
1045,SRR1383037,Pancreas
1046,SRR1383081,Muscle_Skeletal
1047,SRR1383125,Heart_Left_Ventricle
1048,SRR1383213,Stomach
1049,SRR1383259,Muscle_Skeletal
1050,SRR1383674,Colon_Transverse
1051,SRR1383785,Lung
1052,SRR1383937,Heart_Atrial_Appendage
1053,SRR1383960,Heart_Left_Ventricle
1054,SRR1383984,Stomach
1055,SRR1384115,Lung
1056,SRR1384138,Muscle_Skeletal
1057,SRR1384331,Stomach
1058,SRR1384371,Muscle_Skeletal
1059,SRR1384413,Heart_Atrial_Appendage
1060,SRR1384805,Heart_Atrial_Appendage
1061,SRR1384827,Heart_Atrial_Appendage
1062,SRR1384852,Heart_Atrial_Appendage
1063,SRR1384917,Heart_Atrial_Appendage
1064,SRR1385101,Muscle_Skeletal
1065,SRR1385235,Heart_Left_Ventricle
1066,SRR1385277,Muscle_Skeletal
1067,SRR1385300,Lung
1068,SRR1385364,Heart_Atrial_Appendage
1069,SRR1385411,Muscle_Skeletal
1070,SRR1385672,Colon_Transverse
1071,SRR1385716,Heart_Left_Ventricle
1072,SRR1386753,Colon_Sigmoid
1073,SRR1386967,Whole_Blood
1074,SRR1386991,Muscle_Skeletal
1075,SRR1387054,Muscle_Skeletal
1076,SRR1387091,Heart_Atrial_Appendage
1077,SRR1387113,Colon_Sigmoid
1078,SRR1387222,Muscle_Skeletal
1079,SRR1387240,Muscle_Skeletal
1080,SRR1387286,Colon_Sigmoid
1081,SRR1387475,Heart_Atrial_Appendage
1082,SRR1387516,Stomach
1083,SRR1387702,Heart_Left_Ventricle
1084,SRR1387724,Thyroid
1085,SRR1387769,Lung
1086,SRR1387966,Muscle_Skeletal
1087,SRR1388025,Lung
1088,SRR1388046,Thyroid
1089,SRR1388064,Pancreas
1090,SRR1388105,Heart_Atrial_Appendage
1091,SRR1388190,Stomach
1092,SRR1388419,Heart_Atrial_Appendage
1093,SRR1388437,Colon_Transverse
1094,SRR1388528,Muscle_Skeletal
1095,SRR1388698,Heart_Left_Ventricle
1096,SRR1388722,Colon_Transverse
1097,SRR1388788,Colon_Sigmoid
1098,SRR1388809,Muscle_Skeletal
1099,SRR1388832,Muscle_Skeletal
1100,SRR1388873,Muscle_Skeletal
1101,SRR1388891,Stomach
1102,SRR1388913,Thyroid
1103,SRR1389177,Muscle_Skeletal
1104,SRR1389324,Whole_Blood
1105,SRR1389366,Colon_Transverse
1106,SRR1389409,Pancreas
1107,SRR1389497,Muscle_Skeletal
1108,SRR1389777,Heart_Left_Ventricle
1109,SRR1389868,Thyroid
1110,SRR1389932,Colon_Transverse
1111,SRR1390027,Muscle_Skeletal
1112,SRR1390072,Heart_Atrial_Appendage
1113,SRR1390179,Colon_Transverse
1114,SRR1390203,Pancreas
1115,SRR1390265,Thyroid
1116,SRR1390289,Colon_Transverse
1117,SRR1390391,Pancreas
1118,SRR1390437,Muscle_Skeletal
1119,SRR1390456,Pancreas
1120,SRR1391376,Lung
1121,SRR1391420,Muscle_Skeletal
1122,SRR1391678,Thyroid
1123,SRR1391700,Thyroid
1124,SRR1391724,Lung
1125,SRR1391748,Whole_Blood
1126,SRR1391789,Heart_Left_Ventricle
1127,SRR1392007,Thyroid
1128,SRR1392030,Thyroid
1129,SRR1392072,Whole_Blood
1130,SRR1392097,Colon_Transverse
1131,SRR1392186,Muscle_Skeletal
1132,SRR1392208,Heart_Atrial_Appendage
1133,SRR1392434,Heart_Atrial_Appendage
1134,SRR1392456,Colon_Sigmoid
1135,SRR1392478,Whole_Blood
1136,SRR1392502,Lung
1137,SRR1392547,Whole_Blood
1138,SRR1392615,Stomach
1139,SRR1392749,Heart_Atrial_Appendage
1140,SRR1392795,Heart_Atrial_Appendage
1141,SRR1392813,Heart_Atrial_Appendage
1142,SRR1392901,Muscle_Skeletal
1143,SRR1393428,Thyroid
1144,SRR1393449,Muscle_Skeletal
1145,SRR1393470,Thyroid
1146,SRR1393529,Colon_Transverse
1147,SRR1393572,Pancreas
1148,SRR1394190,Muscle_Skeletal
1149,SRR1394231,Muscle_Skeletal
1150,SRR1394275,Pancreas
1151,SRR1394384,Colon_Sigmoid
1152,SRR1394406,Whole_Blood
1153,SRR1394520,Heart_Left_Ventricle
1154,SRR1394544,Stomach
1155,SRR1394637,Muscle_Skeletal
1156,SRR1394655,Thyroid
1157,SRR1394872,Thyroid
1158,SRR1394894,Thyroid
1159,SRR1395509,Whole_Blood
1160,SRR1395659,Heart_Atrial_Appendage
1161,SRR1395682,Colon_Sigmoid
1162,SRR1395699,Lung
1163,SRR1395742,Muscle_Skeletal
1164,SRR1395788,Colon_Transverse
1165,SRR1396146,Colon_Transverse
1166,SRR1396191,Whole_Blood
1167,SRR1396250,Muscle_Skeletal
1168,SRR1396270,Thyroid
1169,SRR1396570,Thyroid
1170,SRR1396724,Stomach
1171,SRR1396742,Colon_Transverse
1172,SRR1396786,Muscle_Skeletal
1173,SRR1396967,Lung
1174,SRR1397052,Heart_Left_Ventricle
1175,SRR1397156,Muscle_Skeletal
1176,SRR1397180,Heart_Atrial_Appendage
1177,SRR1397218,Muscle_Skeletal
1178,SRR1397292,Colon_Transverse
1179,SRR1397329,Heart_Left_Ventricle
1180,SRR1397649,Thyroid
1181,SRR1397673,Whole_Blood
1182,SRR1397744,Pancreas
1183,SRR1397762,Pancreas
1184,SRR1397781,Colon_Sigmoid
1185,SRR1397861,Thyroid
1186,SRR1397885,Thyroid
1187,SRR1398036,Lung
1188,SRR1398183,Whole_Blood
1189,SRR1398272,Colon_Sigmoid
1190,SRR1398311,Heart_Atrial_Appendage
1191,SRR1398335,Muscle_Skeletal
1192,SRR1398371,Heart_Atrial_Appendage
1193,SRR1398686,Thyroid
1194,SRR1398706,Heart_Atrial_Appendage
1195,SRR1398728,Whole_Blood
1196,SRR1398863,Pancreas
1197,SRR1398971,Thyroid
1198,SRR1399156,Stomach
1199,SRR1399247,Stomach
1200,SRR1399291,Colon_Sigmoid
1201,SRR1399433,Whole_Blood
1202,SRR1399457,Thyroid
1203,SRR1399990,Heart_Left_Ventricle
1204,SRR1400008,Colon_Sigmoid
1205,SRR1400032,Whole_Blood
1206,SRR1400054,Whole_Blood
1207,SRR1400180,Muscle_Skeletal
1208,SRR1400290,Heart_Left_Ventricle
1209,SRR1400312,Stomach
1210,SRR1400397,Heart_Atrial_Appendage
1211,SRR1400489,Colon_Sigmoid
1212,SRR1400551,Muscle_Skeletal
1213,SRR1400823,Muscle_Skeletal
1214,SRR1400869,Stomach
1215,SRR1400889,Heart_Left_Ventricle
1216,SRR1400955,Lung
1217,SRR1401379,Muscle_Skeletal
1218,SRR1401446,Heart_Left_Ventricle
1219,SRR1401528,Pancreas
1220,SRR1401752,Muscle_Skeletal
1221,SRR1401774,Colon_Sigmoid
1222,SRR1401839,Muscle_Skeletal
1223,SRR1402027,Colon_Transverse
1224,SRR1402068,Heart_Left_Ventricle
1225,SRR1402091,Pancreas
1226,SRR1402153,Muscle_Skeletal
1227,SRR1402172,Muscle_Skeletal
1228,SRR1402195,Heart_Left_Ventricle
1229,SRR1402328,Muscle_Skeletal
1230,SRR1402368,Whole_Blood
1231,SRR1402414,Heart_Atrial_Appendage
1232,SRR1402772,Stomach
1233,SRR1402794,Muscle_Skeletal
1234,SRR1402922,Thyroid
1235,SRR1402986,Lung
1236,SRR1403089,Stomach
1237,SRR1403133,Muscle_Skeletal
1238,SRR1403280,Muscle_Skeletal
1239,SRR1403366,Muscle_Skeletal
1240,SRR1403390,Heart_Left_Ventricle
1241,SRR1403412,Pancreas
1242,SRR1403458,Heart_Left_Ventricle
1243,SRR1403478,Lung
1244,SRR1403611,Pancreas
1245,SRR1403853,Colon_Transverse
1246,SRR1404044,Thyroid
1247,SRR1404062,Stomach
1248,SRR1404147,Stomach
1249,SRR1404186,Colon_Sigmoid
1250,SRR1404251,Heart_Atrial_Appendage
1251,SRR1404293,Lung
1252,SRR1404362,Colon_Transverse
1253,SRR1404384,Thyroid
1254,SRR1404401,Whole_Blood
1255,SRR1404461,Colon_Transverse
1256,SRR1404507,Pancreas
1257,SRR1404813,Whole_Blood
1258,SRR1404837,Muscle_Skeletal
1259,SRR1404856,Pancreas
1260,SRR1404931,Thyroid
1261,SRR1404951,Colon_Sigmoid
1262,SRR1404988,Thyroid
1263,SRR1405028,Heart_Left_Ventricle
1264,SRR1405123,Muscle_Skeletal
1265,SRR1405206,Heart_Atrial_Appendage
1266,SRR1405289,Stomach
1267,SRR1405311,Colon_Transverse
1268,SRR1405437,Whole_Blood
1269,SRR1405461,Colon_Sigmoid
1270,SRR1405504,Lung
1271,SRR1405593,Heart_Left_Ventricle
1272,SRR1405886,Heart_Left_Ventricle
1273,SRR1405921,Colon_Sigmoid
1274,SRR1405984,Muscle_Skeletal
1275,SRR1406008,Muscle_Skeletal
1276,SRR1406069,Heart_Atrial_Appendage
1277,SRR1406088,Whole_Blood
1278,SRR1406112,Muscle_Skeletal
1279,SRR1406243,Heart_Left_Ventricle
1280,SRR1406265,Heart_Left_Ventricle
1281,SRR1406307,Thyroid
1282,SRR1406330,Lung
1283,SRR1406394,Colon_Sigmoid
1284,SRR1406418,Muscle_Skeletal
1285,SRR1406478,Colon_Sigmoid
1286,SRR1406502,Thyroid
1287,SRR1406599,Heart_Left_Ventricle
1288,SRR1406662,Heart_Atrial_Appendage
1289,SRR1406685,Lung
1290,SRR1406709,Colon_Sigmoid
1291,SRR1407000,Colon_Transverse
1292,SRR1407018,Colon_Transverse
1293,SRR1407202,Heart_Left_Ventricle
1294,SRR1407273,Thyroid
1295,SRR1407334,Pancreas
1296,SRR1407470,Heart_Atrial_Appendage
1297,SRR1407516,Whole_Blood
1298,SRR1407693,Colon_Transverse
1299,SRR1407758,Whole_Blood
1300,SRR1407950,Muscle_Skeletal
1301,SRR1408072,Heart_Atrial_Appendage
1302,SRR1408091,Stomach
1303,SRR1408161,Muscle_Skeletal
1304,SRR1408183,Muscle_Skeletal
1305,SRR1408227,Heart_Atrial_Appendage
1306,SRR1408249,Muscle_Skeletal
1307,SRR1408529,Muscle_Skeletal
1308,SRR1408595,Muscle_Skeletal
1309,SRR1408633,Thyroid
1310,SRR1408657,Heart_Left_Ventricle
1311,SRR1408682,Muscle_Skeletal
1312,SRR1409046,Colon_Transverse
1313,SRR1409084,Pancreas
1314,SRR1409130,Muscle_Skeletal
1315,SRR1409193,Lung
1316,SRR1409263,Muscle_Skeletal
1317,SRR1409326,Colon_Sigmoid
1318,SRR1409487,Heart_Left_Ventricle
1319,SRR1409510,Whole_Blood
1320,SRR1409575,Muscle_Skeletal
1321,SRR1409641,Heart_Left_Ventricle
1322,SRR1409721,Thyroid
1323,SRR1409748,Heart_Atrial_Appendage
1324,SRR1409813,Lung
1325,SRR1409875,Thyroid
1326,SRR1410221,Muscle_Skeletal
1327,SRR1410242,Stomach
1328,SRR1410334,Heart_Atrial_Appendage
1329,SRR1410404,Colon_Transverse
1330,SRR1410469,Thyroid
1331,SRR1410550,Colon_Sigmoid
1332,SRR1410634,Colon_Sigmoid
1333,SRR1410699,Colon_Sigmoid
1334,SRR1410720,Colon_Sigmoid
1335,SRR1410890,Whole_Blood
1336,SRR1411002,Thyroid
1337,SRR1411070,Lung
1338,SRR1412928,Stomach
1339,SRR1412947,Whole_Blood
1340,SRR1412987,Whole_Blood
1341,SRR1413032,Thyroid
1342,SRR1413100,Stomach
1343,SRR1413262,Colon_Sigmoid
1344,SRR1413644,Lung
1345,SRR1413810,Whole_Blood
1346,SRR1413851,Thyroid
1347,SRR1413872,Muscle_Skeletal
1348,SRR1413940,Lung
1349,SRR1414161,Pancreas
1350,SRR1414209,Stomach
1351,SRR1414314,Muscle_Skeletal
1352,SRR1414356,Thyroid
1353,SRR1414471,Thyroid
1354,SRR1414559,Whole_Blood
1355,SRR1414578,Lung
1356,SRR1414613,Pancreas
1357,SRR1414727,Muscle_Skeletal
1358,SRR1414857,Heart_Atrial_Appendage
1359,SRR1414958,Lung
1360,SRR1414982,Heart_Atrial_Appendage
1361,SRR1415173,Colon_Transverse
1362,SRR1415195,Thyroid
1363,SRR1415274,Thyroid
1364,SRR1415355,Stomach
1365,SRR1415463,Lung
1366,SRR1415660,Thyroid
1367,SRR1415684,Whole_Blood
1368,SRR1415773,Muscle_Skeletal
1369,SRR1415854,Colon_Transverse
1370,SRR1415919,Pancreas
1371,SRR1415938,Pancreas
1372,SRR1415980,Thyroid
1373,SRR1416074,Pancreas
1374,SRR1416119,Lung
1375,SRR1416166,Heart_Left_Ventricle
1376,SRR1416226,Lung
1377,SRR1416362,Pancreas
1378,SRR1416455,Colon_Sigmoid
1379,SRR1416560,Whole_Blood
1380,SRR1416672,Muscle_Skeletal
1381,SRR1416773,Pancreas
1382,SRR1417088,Lung
1383,SRR1417404,Lung
1384,SRR1417483,Muscle_Skeletal
1385,SRR1417524,Pancreas
1386,SRR1417680,Lung
1387,SRR1417749,Stomach
1388,SRR1417766,Heart_Atrial_Appendage
1389,SRR1417960,Heart_Atrial_Appendage
1390,SRR1418022,Muscle_Skeletal
1391,SRR1418262,Colon_Sigmoid
1392,SRR1418302,Pancreas
1393,SRR1418390,Heart_Atrial_Appendage
1394,SRR1418433,Pancreas
1395,SRR1418492,Colon_Transverse
1396,SRR1418561,Muscle_Skeletal
1397,SRR1418650,Thyroid
1398,SRR1418688,Thyroid
1399,SRR1418707,Whole_Blood
1400,SRR1418880,Muscle_Skeletal
1401,SRR1418946,Heart_Left_Ventricle
1402,SRR1419110,Muscle_Skeletal
1403,SRR1419211,Thyroid
1404,SRR1419258,Muscle_Skeletal
1405,SRR1419453,Heart_Left_Ventricle
1406,SRR1419495,Colon_Sigmoid
1407,SRR1419593,Thyroid
1408,SRR1419615,Heart_Atrial_Appendage
1409,SRR1419638,Heart_Left_Ventricle
1410,SRR1419784,Lung
1411,SRR1419829,Heart_Atrial_Appendage
1412,SRR1419848,Thyroid
1413,SRR1419869,Lung
1414,SRR1419941,Colon_Sigmoid
1415,SRR1420129,Colon_Sigmoid
1416,SRR1420148,Stomach
1417,SRR1420320,Whole_Blood
1418,SRR1420344,Whole_Blood
1419,SRR1420391,Colon_Transverse
1420,SRR1420413,Colon_Transverse
1421,SRR1420538,Colon_Sigmoid
1422,SRR1420558,Whole_Blood
1423,SRR1420606,Heart_Atrial_Appendage
1424,SRR1420669,Whole_Blood
1425,SRR1420811,Heart_Atrial_Appendage
1426,SRR1421010,Lung
1427,SRR1421048,Pancreas
1428,SRR1421223,Thyroid
1429,SRR1421462,Lung
1430,SRR1429203,Lung
1431,SRR1429265,Muscle_Skeletal
1432,SRR1429468,Whole_Blood
1433,SRR1429516,Heart_Atrial_Appendage
1434,SRR1429660,Lung
1435,SRR1429802,Heart_Atrial_Appendage
1436,SRR1429912,Pancreas
1437,SRR1430088,Colon_Sigmoid
1438,SRR1430133,Heart_Atrial_Appendage
1439,SRR1430157,Whole_Blood
1440,SRR1430202,Pancreas
1441,SRR1430357,Heart_Atrial_Appendage
1442,SRR1430375,Muscle_Skeletal
1443,SRR1430420,Heart_Left_Ventricle
1444,SRR1430489,Muscle_Skeletal
1445,SRR1430525,Muscle_Skeletal
1446,SRR1430639,Heart_Left_Ventricle
1447,SRR1430679,Heart_Atrial_Appendage
1448,SRR1430703,Colon_Sigmoid
1449,SRR1430729,Muscle_Skeletal
1450,SRR1430839,Colon_Transverse
1451,SRR1430860,Stomach
1452,SRR1430951,Heart_Left_Ventricle
1453,SRR1431083,Muscle_Skeletal
1454,SRR1431121,Pancreas
1455,SRR1431205,Whole_Blood
1456,SRR1431288,Muscle_Skeletal
1457,SRR1431385,Lung
1458,SRR1431493,Pancreas
1459,SRR1431552,Thyroid
1460,SRR1431569,Muscle_Skeletal
1461,SRR1431602,Heart_Atrial_Appendage
1462,SRR1431927,Muscle_Skeletal
1463,SRR1431948,Pancreas
1464,SRR1431991,Thyroid
1465,SRR1432165,Colon_Sigmoid
1466,SRR1432231,Colon_Sigmoid
1467,SRR1432366,Heart_Atrial_Appendage
1468,SRR1432390,Muscle_Skeletal
1469,SRR1432453,Muscle_Skeletal
1470,SRR1432587,Stomach
1471,SRR1432743,Muscle_Skeletal
1472,SRR1432783,Colon_Sigmoid
1473,SRR1432890,Stomach
1474,SRR1433027,Lung
1475,SRR1433044,Whole_Blood
1476,SRR1433152,Stomach
1477,SRR1433290,Muscle_Skeletal
1478,SRR1433311,Thyroid
1479,SRR1433684,Heart_Left_Ventricle
1480,SRR1433708,Colon_Transverse
1481,SRR1433841,Lung
1482,SRR1433860,Whole_Blood
1483,SRR1433902,Colon_Transverse
1484,SRR1434009,Lung
1485,SRR1434048,Lung
1486,SRR1434093,Heart_Left_Ventricle
1487,SRR1434182,Thyroid
1488,SRR1434315,Heart_Left_Ventricle
1489,SRR1434399,Heart_Left_Ventricle
1490,SRR1434436,Pancreas
1491,SRR1434502,Muscle_Skeletal
1492,SRR1434568,Heart_Atrial_Appendage
1493,SRR1434610,Whole_Blood
1494,SRR1434631,Colon_Transverse
1495,SRR1434650,Whole_Blood
1496,SRR1434689,Thyroid
1497,SRR1434760,Thyroid
1498,SRR1434821,Lung
1499,SRR1434910,Thyroid
1500,SRR1434975,Heart_Left_Ventricle
1501,SRR1434999,Pancreas
1502,SRR1435066,Lung
1503,SRR1435090,Stomach
1504,SRR1435113,Thyroid
1505,SRR1435182,Heart_Atrial_Appendage
1506,SRR1435248,Muscle_Skeletal
1507,SRR1435311,Muscle_Skeletal
1508,SRR1435418,Muscle_Skeletal
1509,SRR1435501,Heart_Left_Ventricle
1510,SRR1435560,Whole_Blood
1511,SRR1435584,Heart_Atrial_Appendage
1512,SRR1435626,Muscle_Skeletal
1513,SRR1435643,Stomach
1514,SRR1435833,Whole_Blood
1515,SRR1435857,Pancreas
1516,SRR1436042,Thyroid
1517,SRR1436065,Whole_Blood
1518,SRR1436169,Stomach
1519,SRR1436187,Pancreas
1520,SRR1436280,Colon_Sigmoid
1521,SRR1436490,Heart_Atrial_Appendage
1522,SRR1436515,Thyroid
1523,SRR1436563,Muscle_Skeletal
1524,SRR1436583,Colon_Sigmoid
1525,SRR1436629,Thyroid
1526,SRR1436651,Muscle_Skeletal
1527,SRR1436763,Whole_Blood
1528,SRR1437056,Thyroid
1529,SRR1437186,Stomach
1530,SRR1437208,Heart_Atrial_Appendage
1531,SRR1437454,Heart_Atrial_Appendage
1532,SRR1437514,Colon_Transverse
1533,SRR1437598,Colon_Sigmoid
1534,SRR1439697,Colon_Transverse
1535,SRR1439719,Lung
1536,SRR1439742,Muscle_Skeletal
1537,SRR1439958,Heart_Atrial_Appendage
1538,SRR1440032,Pancreas
1539,SRR1440101,Muscle_Skeletal
1540,SRR1440137,Whole_Blood
1541,SRR1440179,Stomach
1542,SRR1440224,Whole_Blood
1543,SRR1440421,Whole_Blood
1544,SRR1440445,Heart_Left_Ventricle
1545,SRR1440584,Thyroid
1546,SRR1440603,Whole_Blood
1547,SRR1440625,Thyroid
1548,SRR1440744,Muscle_Skeletal
1549,SRR1440787,Pancreas
1550,SRR1440809,Colon_Sigmoid
1551,SRR1440852,Whole_Blood
1552,SRR1441464,Heart_Atrial_Appendage
1553,SRR1441483,Thyroid
1554,SRR1441590,Muscle_Skeletal
1555,SRR1441631,Thyroid
1556,SRR1441725,Heart_Left_Ventricle
1557,SRR1441745,Stomach
1558,SRR1441768,Colon_Transverse
1559,SRR1441826,Lung
1560,SRR1441850,Heart_Atrial_Appendage
1561,SRR1441889,Lung
1562,SRR1441913,Colon_Sigmoid
1563,SRR1441975,Whole_Blood
1564,SRR1442066,Whole_Blood
1565,SRR1442104,Muscle_Skeletal
1566,SRR1442127,Pancreas
1567,SRR1442149,Heart_Atrial_Appendage
1568,SRR1442231,Lung
1569,SRR1442250,Heart_Left_Ventricle
1570,SRR1442273,Heart_Atrial_Appendage
1571,SRR1442440,Colon_Sigmoid
1572,SRR1442487,Heart_Atrial_Appendage
1573,SRR1442648,Heart_Atrial_Appendage
1574,SRR1442686,Heart_Left_Ventricle
1575,SRR1442754,Muscle_Skeletal
1576,SRR1442778,Lung
1577,SRR1442822,Lung
1578,SRR1442862,Lung
1579,SRR1442928,Muscle_Skeletal
1580,SRR1443003,Muscle_Skeletal
1581,SRR1443182,Heart_Atrial_Appendage
1582,SRR1443399,Colon_Sigmoid
1583,SRR1443419,Thyroid
1584,SRR1443436,Muscle_Skeletal
1585,SRR1443459,Whole_Blood
1586,SRR1443633,Pancreas
1587,SRR1443677,Lung
1588,SRR1443695,Thyroid
1589,SRR1443755,Stomach
1590,SRR1443800,Colon_Sigmoid
1591,SRR1444002,Muscle_Skeletal
1592,SRR1444043,Colon_Transverse
1593,SRR1444063,Lung
1594,SRR1444120,Muscle_Skeletal
1595,SRR1444306,Muscle_Skeletal
1596,SRR1444348,Whole_Blood
1597,SRR1444390,Heart_Atrial_Appendage
1598,SRR1444501,Muscle_Skeletal
1599,SRR1444523,Colon_Transverse
1600,SRR1444644,Heart_Left_Ventricle
1601,SRR1444701,Colon_Sigmoid
1602,SRR1444722,Heart_Left_Ventricle
1603,SRR1444852,Whole_Blood
1604,SRR1444914,Heart_Left_Ventricle
1605,SRR1444954,Heart_Atrial_Appendage
1606,SRR1444978,Colon_Transverse
1607,SRR1445365,Whole_Blood
1608,SRR1445426,Colon_Sigmoid
1609,SRR1445468,Stomach
1610,SRR1445741,Heart_Atrial_Appendage
1611,SRR1445765,Thyroid
1612,SRR1445939,Pancreas
1613,SRR1445960,Pancreas
1614,SRR1446114,Thyroid
1615,SRR1446156,Heart_Atrial_Appendage
1616,SRR1446226,Heart_Left_Ventricle
1617,SRR1446244,Whole_Blood
1618,SRR1446265,Colon_Transverse
1619,SRR1446393,Heart_Atrial_Appendage
1620,SRR1446546,Lung
1621,SRR1446564,Muscle_Skeletal
1622,SRR1446606,Thyroid
1623,SRR1446716,Colon_Sigmoid
1624,SRR1446806,Pancreas
1625,SRR1446850,Whole_Blood
1626,SRR1446979,Stomach
1627,SRR1446996,Stomach
1628,SRR1447103,Muscle_Skeletal
1629,SRR1447124,Stomach
1630,SRR1447325,Thyroid
1631,SRR1447347,Lung
1632,SRR1447416,Stomach
1633,SRR1447481,Colon_Transverse
1634,SRR1447523,Whole_Blood
1635,SRR1447652,Heart_Left_Ventricle
1636,SRR1447673,Heart_Atrial_Appendage
1637,SRR1447736,Lung
1638,SRR1447760,Pancreas
1639,SRR1448029,Muscle_Skeletal
1640,SRR1448183,Heart_Left_Ventricle
1641,SRR1451740,Whole_Blood
1642,SRR1451778,Heart_Left_Ventricle
1643,SRR1451857,Thyroid
1644,SRR1451988,Lung
1645,SRR1452222,Colon_Sigmoid
1646,SRR1452334,Muscle_Skeletal
1647,SRR1452423,Muscle_Skeletal
1648,SRR1452491,Heart_Atrial_Appendage
1649,SRR1452515,Muscle_Skeletal
1650,SRR1452556,Pancreas
1651,SRR1452604,Whole_Blood
1652,SRR1452631,Whole_Blood
1653,SRR1452696,Muscle_Skeletal
1654,SRR1452741,Heart_Left_Ventricle
1655,SRR1452864,Muscle_Skeletal
1656,SRR1452912,Muscle_Skeletal
1657,SRR1453026,Heart_Atrial_Appendage
1658,SRR1453047,Pancreas
1659,SRR1453277,Pancreas
1660,SRR1453416,Muscle_Skeletal
1661,SRR1453591,Stomach
1662,SRR1453747,Colon_Sigmoid
1663,SRR1453787,Thyroid
1664,SRR1453893,Pancreas
1665,SRR1453911,Muscle_Skeletal
1666,SRR1453991,Pancreas
1667,SRR1454031,Colon_Sigmoid
1668,SRR1454117,Muscle_Skeletal
1669,SRR1454136,Heart_Atrial_Appendage
1670,SRR1454265,Thyroid
1671,SRR1454289,Pancreas
1672,SRR1454310,Muscle_Skeletal
1673,SRR1454328,Muscle_Skeletal
1674,SRR1454374,Heart_Left_Ventricle
1675,SRR1454498,Thyroid
1676,SRR1454522,Heart_Left_Ventricle
1677,SRR1454651,Muscle_Skeletal
1678,SRR1454821,Colon_Sigmoid
1679,SRR1455104,Thyroid
1680,SRR1455326,Heart_Left_Ventricle
1681,SRR1455436,Thyroid
1682,SRR1455503,Heart_Atrial_Appendage
1683,SRR1455525,Muscle_Skeletal
1684,SRR1455565,Stomach
1685,SRR1455607,Heart_Atrial_Appendage
1686,SRR1455631,Pancreas
1687,SRR1455741,Colon_Sigmoid
1688,SRR1455783,Pancreas
1689,SRR1455842,Heart_Atrial_Appendage
1690,SRR1456027,Muscle_Skeletal
1691,SRR1456093,Colon_Sigmoid
1692,SRR1456208,Thyroid
1693,SRR1456567,Heart_Atrial_Appendage
1694,SRR1456591,Thyroid
1695,SRR1456693,Heart_Atrial_Appendage
1696,SRR1456771,Colon_Sigmoid
1697,SRR1457039,Heart_Atrial_Appendage
1698,SRR1457080,Colon_Transverse
1699,SRR1457197,Thyroid
1700,SRR1457315,Whole_Blood
1701,SRR1457336,Colon_Sigmoid
1702,SRR1457375,Whole_Blood
1703,SRR1457397,Whole_Blood
1704,SRR1457437,Stomach
1705,SRR1457574,Whole_Blood
1706,SRR1457682,Pancreas
1707,SRR1457727,Pancreas
1708,SRR1457750,Lung
1709,SRR1457768,Heart_Left_Ventricle
1710,SRR1457872,Heart_Atrial_Appendage
1711,SRR1457925,Thyroid
1712,SRR1457972,Thyroid
1713,SRR1458026,Heart_Atrial_Appendage
1714,SRR1458220,Muscle_Skeletal
1715,SRR1458358,Heart_Left_Ventricle
1716,SRR1458380,Colon_Sigmoid
1717,SRR1458447,Lung
1718,SRR1458465,Stomach
1719,SRR1458484,Heart_Atrial_Appendage
1720,SRR1458506,Thyroid
1721,SRR1458529,Colon_Sigmoid
1722,SRR1458574,Colon_Transverse
1723,SRR1458683,Muscle_Skeletal
1724,SRR1458706,Whole_Blood
1725,SRR1458852,Muscle_Skeletal
1726,SRR1458973,Heart_Left_Ventricle
1727,SRR1458992,Pancreas
1728,SRR1459055,Lung
1729,SRR1459125,Muscle_Skeletal
1730,SRR1459697,Thyroid
1731,SRR1459739,Whole_Blood
1732,SRR1459761,Stomach
1733,SRR1459889,Stomach
1734,SRR1459937,Muscle_Skeletal
1735,SRR1459956,Heart_Atrial_Appendage
1736,SRR1460001,Lung
1737,SRR1460025,Lung
1738,SRR1460073,Heart_Left_Ventricle
1739,SRR1460124,Heart_Left_Ventricle
1740,SRR1460235,Thyroid
1741,SRR1464226,Pancreas
1742,SRR1464281,Heart_Atrial_Appendage
1743,SRR1464432,Colon_Transverse
1744,SRR1464535,Heart_Atrial_Appendage
1745,SRR1464601,Muscle_Skeletal
1746,SRR1464618,Whole_Blood
1747,SRR1464681,Muscle_Skeletal
1748,SRR1464724,Pancreas
1749,SRR1464812,Colon_Sigmoid
1750,SRR1464835,Whole_Blood
1751,SRR1464897,Colon_Transverse
1752,SRR1464915,Muscle_Skeletal
1753,SRR1465018,Whole_Blood
1754,SRR1465064,Stomach
1755,SRR1465153,Thyroid
1756,SRR1465248,Colon_Sigmoid
1757,SRR1465543,Lung
1758,SRR1465674,Pancreas
1759,SRR1465734,Whole_Blood
1760,SRR1466091,Colon_Sigmoid
1761,SRR1466109,Heart_Left_Ventricle
1762,SRR1466177,Thyroid
1763,SRR1466222,Lung
1764,SRR1466278,Colon_Transverse
1765,SRR1466321,Pancreas
1766,SRR1466490,Stomach
1767,SRR1466512,Muscle_Skeletal
1768,SRR1466597,Colon_Transverse
1769,SRR1466687,Colon_Transverse
1770,SRR1466728,Stomach
1771,SRR1466770,Colon_Sigmoid
1772,SRR1467171,Colon_Transverse
1773,SRR1467194,Colon_Sigmoid
1774,SRR1467431,Whole_Blood
1775,SRR1467479,Lung
1776,SRR1467544,Colon_Transverse
1777,SRR1467567,Muscle_Skeletal
1778,SRR1467612,Heart_Atrial_Appendage
1779,SRR1467680,Stomach
1780,SRR1467835,Whole_Blood
1781,SRR1467904,Heart_Left_Ventricle
1782,SRR1467943,Colon_Transverse
1783,SRR1467966,Muscle_Skeletal
1784,SRR1468004,Whole_Blood
1785,SRR1468028,Stomach
1786,SRR1468096,Colon_Sigmoid
1787,SRR1468162,Muscle_Skeletal
1788,SRR1468184,Thyroid
1789,SRR1468447,Whole_Blood
1790,SRR1468532,Muscle_Skeletal
1791,SRR1468595,Heart_Left_Ventricle
1792,SRR1468613,Heart_Left_Ventricle
1793,SRR1468658,Muscle_Skeletal
1794,SRR1468682,Heart_Atrial_Appendage
1795,SRR1468787,Pancreas
1796,SRR1468804,Stomach
1797,SRR1468828,Lung
1798,SRR1468850,Whole_Blood
1799,SRR1468931,Pancreas
1800,SRR1468995,Heart_Left_Ventricle
1801,SRR1469014,Muscle_Skeletal
1802,SRR1469102,Thyroid
1803,SRR1469345,Lung
1804,SRR1469477,Thyroid
1805,SRR1469591,Heart_Left_Ventricle
1806,SRR1469638,Heart_Left_Ventricle
1807,SRR1469791,Thyroid
1808,SRR1469859,Heart_Left_Ventricle
1809,SRR1470057,Colon_Sigmoid
1810,SRR1470093,Muscle_Skeletal
1811,SRR1470513,Colon_Transverse
1812,SRR1470580,Lung
1813,SRR1470624,Colon_Transverse
1814,SRR1470665,Stomach
1815,SRR1470682,Thyroid
1816,SRR1470798,Whole_Blood
1817,SRR1470816,Heart_Atrial_Appendage
1818,SRR1470855,Colon_Sigmoid
1819,SRR1471098,Lung
1820,SRR1471117,Muscle_Skeletal
1821,SRR1471594,Muscle_Skeletal
1822,SRR1471862,Thyroid
1823,SRR1471965,Muscle_Skeletal
1824,SRR1471989,Lung
1825,SRR1472237,Heart_Atrial_Appendage
1826,SRR1472259,Colon_Transverse
1827,SRR1472281,Heart_Atrial_Appendage
1828,SRR1472462,Lung
1829,SRR1472598,Thyroid
1830,SRR1472728,Pancreas
1831,SRR1472794,Muscle_Skeletal
1832,SRR1472952,Lung
1833,SRR1472976,Whole_Blood
1834,SRR1473016,Stomach
1835,SRR1473078,Muscle_Skeletal
1836,SRR1473100,Colon_Transverse
1837,SRR1473142,Heart_Atrial_Appendage
1838,SRR1473161,Lung
1839,SRR1473209,Colon_Transverse
1840,SRR1473232,Colon_Transverse
1841,SRR1473295,Thyroid
1842,SRR1473340,Lung
1843,SRR1473361,Colon_Sigmoid
1844,SRR1473443,Thyroid
1845,SRR1473800,Lung
1846,SRR1473915,Colon_Sigmoid
1847,SRR1474000,Colon_Transverse
1848,SRR1474396,Stomach
1849,SRR1474440,Stomach
1850,SRR1474730,Heart_Left_Ventricle
1851,SRR1474839,Whole_Blood
1852,SRR1474863,Whole_Blood
1853,SRR1474999,Whole_Blood
1854,SRR1475104,Muscle_Skeletal
1855,SRR1475128,Pancreas
1856,SRR1475281,Thyroid
1857,SRR1475300,Muscle_Skeletal
1858,SRR1475430,Thyroid
1859,SRR1475483,Thyroid
1860,SRR1475524,Lung
1861,SRR1475546,Lung
1862,SRR1475633,Stomach
1863,SRR1475785,Colon_Sigmoid
1864,SRR1475930,Whole_Blood
1865,SRR1476207,Whole_Blood
1866,SRR1476300,Whole_Blood
1867,SRR1476324,Colon_Sigmoid
1868,SRR1476348,Thyroid
1869,SRR1476384,Colon_Sigmoid
1870,SRR1476652,Colon_Sigmoid
1871,SRR1476760,Stomach
1872,SRR1476903,Thyroid
1873,SRR1477015,Heart_Left_Ventricle
1874,SRR1477033,Heart_Left_Ventricle
1875,SRR1477125,Stomach
1876,SRR1477149,Whole_Blood
1877,SRR1477292,Colon_Sigmoid
1878,SRR1477339,Colon_Transverse
1879,SRR1477522,Colon_Sigmoid
1880,SRR1477569,Heart_Left_Ventricle
1881,SRR1477732,Colon_Transverse
1882,SRR1477797,Lung
1883,SRR1477837,Heart_Atrial_Appendage
1884,SRR1477861,Whole_Blood
1885,SRR1477991,Whole_Blood
1886,SRR1478053,Muscle_Skeletal
1887,SRR1478149,Heart_Left_Ventricle
1888,SRR1478189,Heart_Left_Ventricle
1889,SRR1478362,Muscle_Skeletal
1890,SRR1478386,Muscle_Skeletal
1891,SRR1478410,Thyroid
1892,SRR1478434,Heart_Atrial_Appendage
1893,SRR1478571,Colon_Transverse
1894,SRR1478722,Whole_Blood
1895,SRR1478812,Heart_Atrial_Appendage
1896,SRR1478855,Stomach
1897,SRR1478878,Stomach
1898,SRR1478900,Heart_Left_Ventricle
1899,SRR1478968,Muscle_Skeletal
1900,SRR1478990,Heart_Atrial_Appendage
1901,SRR1479085,Thyroid
1902,SRR1479155,Lung
1903,SRR1479263,Heart_Atrial_Appendage
1904,SRR1479286,Heart_Atrial_Appendage
1905,SRR1479306,Colon_Transverse
1906,SRR1479370,Colon_Sigmoid
1907,SRR1479431,Stomach
1908,SRR1479549,Thyroid
1909,SRR1479640,Lung
1910,SRR1479663,Thyroid
1911,SRR1479721,Colon_Transverse
1912,SRR1479845,Whole_Blood
1913,SRR1479933,Heart_Atrial_Appendage
1914,SRR1480038,Muscle_Skeletal
1915,SRR1480153,Stomach
1916,SRR1480347,Pancreas
1917,SRR1480455,Muscle_Skeletal
1918,SRR1480547,Muscle_Skeletal
1919,SRR1480565,Thyroid
1920,SRR1480611,Thyroid
1921,SRR1480697,Lung
1922,SRR1480721,Colon_Sigmoid
1923,SRR1480789,Whole_Blood
1924,SRR1481012,Heart_Left_Ventricle
1925,SRR1481060,Whole_Blood
1926,SRR1481083,Muscle_Skeletal
1927,SRR1481146,Pancreas
1928,SRR1481279,Lung
1929,SRR1481351,Whole_Blood
1930,SRR1481396,Muscle_Skeletal
1931,SRR1485020,Colon_Sigmoid
1932,SRR1485060,Colon_Transverse
1933,SRR1485078,Heart_Atrial_Appendage
1934,SRR1485141,Whole_Blood
1935,SRR1485700,Colon_Transverse
1936,SRR1486021,Whole_Blood
1937,SRR1486044,Thyroid
1938,SRR1486156,Muscle_Skeletal
1939,SRR1486174,Heart_Atrial_Appendage
1940,SRR1486280,Whole_Blood
1941,SRR1486719,Whole_Blood
1942,SRR1486799,Muscle_Skeletal
1943,SRR1486995,Lung
1944,SRR1487215,Lung
1945,SRR1487233,Heart_Atrial_Appendage
1946,SRR1487403,Colon_Transverse
1947,SRR1487425,Heart_Atrial_Appendage
1948,SRR1487465,Thyroid
1949,SRR1487547,Colon_Sigmoid
1950,SRR1487570,Muscle_Skeletal
1951,SRR1487704,Colon_Sigmoid
1952,SRR1487728,Thyroid
1953,SRR1487746,Muscle_Skeletal
1954,SRR1487764,Pancreas
1955,SRR1487784,Pancreas
1956,SRR1487807,Heart_Atrial_Appendage
1957,SRR1487867,Stomach
1958,SRR1487910,Lung
1959,SRR1487947,Muscle_Skeletal
1960,SRR1488091,Muscle_Skeletal
1961,SRR1488214,Muscle_Skeletal
1962,SRR1488261,Whole_Blood
1963,SRR1488307,Colon_Transverse
1964,SRR1488328,Heart_Atrial_Appendage
1965,SRR1488410,Lung
1966,SRR1488429,Lung
1967,SRR1488470,Muscle_Skeletal
1968,SRR1488632,Heart_Atrial_Appendage
1969,SRR1489030,Muscle_Skeletal
1970,SRR1489116,Whole_Blood
1971,SRR1489265,Lung
1972,SRR1489286,Muscle_Skeletal
1973,SRR1489416,Lung
1974,SRR1489610,Muscle_Skeletal
1975,SRR1489693,Heart_Left_Ventricle
1976,SRR1489715,Heart_Atrial_Appendage
1977,SRR1489926,Whole_Blood
1978,SRR1489950,Muscle_Skeletal
1979,SRR1489995,Lung
1980,SRR1490037,Muscle_Skeletal
1981,SRR1490115,Whole_Blood
1982,SRR1490289,Heart_Atrial_Appendage
1983,SRR1490404,Pancreas
1984,SRR1490505,Heart_Atrial_Appendage
1985,SRR1490635,Colon_Sigmoid
1986,SRR1490700,Lung
1987,SRR1491275,Thyroid
1988,SRR1491332,Whole_Blood
1989,SRR1498249,Stomach
1990,SRR1498290,Colon_Transverse
1991,SRR1498313,Whole_Blood
1992,SRR1498438,Thyroid
1993,SRR1498505,Colon_Transverse
1994,SRR1498661,Colon_Transverse
1995,SRR1498789,Whole_Blood
1996,SRR1498813,Lung
1997,SRR1499543,Thyroid
1998,SRR1499566,Muscle_Skeletal
1999,SRR1499652,Colon_Transverse
2000,SRR1499699,Thyroid
2001,SRR1499740,Muscle_Skeletal
2002,SRR1499958,Whole_Blood
2003,SRR1500071,Colon_Sigmoid
2004,SRR1500131,Colon_Transverse
2005,SRR1500170,Whole_Blood
2006,SRR1500323,Muscle_Skeletal
2007,SRR1500908,Thyroid
2008,SRR1501097,Thyroid
2009,SRR1507229,Heart_Left_Ventricle
2010,SRR597952,Thyroid
2011,SRR598044,Muscle_Skeletal
2012,SRR598172,Whole_Blood
2013,SRR598484,Lung
2014,SRR598565,Thyroid
2015,SRR600474,Heart_Left_Ventricle
2016,SRR600632,Lung
2017,SRR600784,Lung
2018,SRR600852,Heart_Left_Ventricle
2019,SRR600900,Lung
2020,SRR600981,Muscle_Skeletal
2021,SRR601239,Heart_Left_Ventricle
2022,SRR601359,Thyroid
2023,SRR601477,Lung
2024,SRR601645,Heart_Left_Ventricle
2025,SRR601671,Muscle_Skeletal
2026,SRR601962,Thyroid
2027,SRR601986,Heart_Left_Ventricle
2028,SRR602034,Whole_Blood
2029,SRR602058,Lung
2030,SRR602106,Heart_Left_Ventricle
2031,SRR602492,Lung
2032,SRR603164,Muscle_Skeletal
2033,SRR603188,Lung
2034,SRR603268,Thyroid
2035,SRR603330,Whole_Blood
2036,SRR603449,Heart_Left_Ventricle
2037,SRR603472,Whole_Blood
2038,SRR603726,Thyroid
2039,SRR603834,Thyroid
2040,SRR604002,Whole_Blood
2041,SRR604122,Heart_Left_Ventricle
2042,SRR604294,Thyroid
2043,SRR604480,Lung
2044,SRR607018,Whole_Blood
2045,SRR607166,Lung
2046,SRR607252,Heart_Left_Ventricle
2047,SRR613126,Muscle_Skeletal
2048,SRR613138,Lung
2049,SRR613186,Heart_Left_Ventricle
2050,SRR613222,Muscle_Skeletal
2051,SRR613951,Muscle_Skeletal
2052,SRR614107,Thyroid
2053,SRR614683,Heart_Left_Ventricle
2054,SRR615323,Muscle_Skeletal
2055,SRR615635,Muscle_Skeletal
2056,SRR615695,Lung
2057,SRR627459,Lung
2058,SRR627464,Lung
2059,SRR654766,Muscle_Skeletal
2060,SRR654838,Lung
2061,SRR654921,Whole_Blood
2062,SRR655052,Muscle_Skeletal
2063,SRR655064,Lung
2064,SRR655170,Muscle_Skeletal
2065,SRR655277,Thyroid
2066,SRR655399,Muscle_Skeletal
2067,SRR655423,Heart_Left_Ventricle
2068,SRR655483,Whole_Blood
2069,SRR655495,Thyroid
2070,SRR655696,Thyroid
2071,SRR655732,Muscle_Skeletal
2072,SRR655792,Heart_Left_Ventricle
2073,SRR655887,Muscle_Skeletal
2074,SRR655946,Muscle_Skeletal
2075,SRR656153,Lung
2076,SRR656203,Whole_Blood
2077,SRR656223,Whole_Blood
2078,SRR656247,Muscle_Skeletal
2079,SRR656288,Heart_Left_Ventricle
2080,SRR656300,Heart_Atrial_Appendage
2081,SRR656433,Heart_Left_Ventricle
2082,SRR656457,Pancreas
2083,SRR656469,Thyroid
2084,SRR656782,Whole_Blood
2085,SRR656874,Lung
2086,SRR656899,Heart_Left_Ventricle
2087,SRR656934,Lung
2088,SRR656982,Pancreas
2089,SRR657420,Thyroid
2090,SRR657456,Heart_Left_Ventricle
2091,SRR657480,Whole_Blood
2092,SRR657845,Thyroid
2093,SRR658033,Whole_Blood
2094,SRR658117,Thyroid
2095,SRR658433,Muscle_Skeletal
2096,SRR658481,Heart_Atrial_Appendage
2097,SRR658989,Muscle_Skeletal
2098,SRR659295,Whole_Blood
2099,SRR659923,Thyroid
2100,SRR660212,Thyroid
2101,SRR660366,Heart_Left_Ventricle
2102,SRR660438,Thyroid
2103,SRR660685,Whole_Blood
2104,SRR661155,Muscle_Skeletal
2105,SRR661337,Heart_Left_Ventricle
2106,SRR661385,Whole_Blood
2107,SRR661469,Muscle_Skeletal
2108,SRR661675,Muscle_Skeletal
2109,SRR661711,Thyroid
2110,SRR661794,Thyroid
2111,SRR661842,Lung
2112,SRR661913,Whole_Blood
2113,SRR661961,Muscle_Skeletal
2114,SRR662019,Muscle_Skeletal
2115,SRR662162,Lung
2116,SRR662390,Heart_Left_Ventricle
2117,SRR662510,Thyroid
2118,SRR662641,Heart_Atrial_Appendage
2119,SRR662665,Heart_Left_Ventricle
2120,SRR662906,Muscle_Skeletal
2121,SRR662918,Muscle_Skeletal
2122,SRR662954,Lung
2123,SRR662966,Lung
2124,SRR663014,Heart_Atrial_Appendage
2125,SRR663038,Lung
2126,SRR663088,Whole_Blood
2127,SRR663100,Heart_Atrial_Appendage
2128,SRR663149,Thyroid
2129,SRR663236,Whole_Blood
2130,SRR663249,Whole_Blood
2131,SRR663284,Muscle_Skeletal
2132,SRR663356,Muscle_Skeletal
2133,SRR663368,Thyroid
2134,SRR663380,Thyroid
2135,SRR663404,Heart_Left_Ventricle
2136,SRR663513,Whole_Blood
2137,SRR663573,Lung
2138,SRR663585,Whole_Blood
2139,SRR663645,Pancreas
2140,SRR663795,Thyroid
2141,SRR663874,Muscle_Skeletal
2142,SRR663898,Whole_Blood
2143,SRR664063,Muscle_Skeletal
2144,SRR665217,Lung
2145,SRR665262,Muscle_Skeletal
2146,SRR665405,Pancreas
2147,SRR665429,Lung
2148,SRR807637,Whole_Blood
2149,SRR807727,Heart_Atrial_Appendage
2150,SRR807751,Colon_Transverse
2151,SRR807799,Thyroid
2152,SRR807824,Lung
2153,SRR807877,Heart_Atrial_Appendage
2154,SRR807901,Heart_Left_Ventricle
2155,SRR808472,Lung
2156,SRR808520,Whole_Blood
2157,SRR808542,Stomach
2158,SRR808590,Pancreas
2159,SRR808638,Colon_Transverse
2160,SRR808658,Thyroid
2161,SRR808728,Whole_Blood
2162,SRR808772,Heart_Left_Ventricle
2163,SRR808808,Heart_Left_Ventricle
2164,SRR808886,Thyroid
2165,SRR809065,Lung
2166,SRR809137,Heart_Left_Ventricle
2167,SRR809185,Whole_Blood
2168,SRR809283,Whole_Blood
2169,SRR809296,Lung
2170,SRR809348,Muscle_Skeletal
2171,SRR809427,Whole_Blood
2172,SRR809444,Muscle_Skeletal
2173,SRR809595,Muscle_Skeletal
2174,SRR809619,Whole_Blood
2175,SRR810225,Muscle_Skeletal
2176,SRR810249,Muscle_Skeletal
2177,SRR810483,Lung
2178,SRR810507,Heart_Left_Ventricle
2179,SRR810595,Whole_Blood
2180,SRR810619,Heart_Atrial_Appendage
2181,SRR810689,Stomach
2182,SRR810737,Heart_Atrial_Appendage
2183,SRR810761,Pancreas
2184,SRR810805,Thyroid
2185,SRR810829,Stomach
2186,SRR810853,Whole_Blood
2187,SRR810945,Whole_Blood
2188,SRR811049,Whole_Blood
2189,SRR811121,Lung
2190,SRR811145,Heart_Left_Ventricle
2191,SRR811491,Whole_Blood
2192,SRR811583,Whole_Blood
2193,SRR811607,Pancreas
2194,SRR811771,Muscle_Skeletal
2195,SRR811866,Lung
2196,SRR811891,Heart_Left_Ventricle
2197,SRR812177,Whole_Blood
2198,SRR812222,Heart_Atrial_Appendage
2199,SRR812270,Thyroid
2200,SRR812493,Lung
2201,SRR812598,Pancreas
2202,SRR812649,Heart_Atrial_Appendage
2203,SRR812697,Colon_Transverse
2204,SRR812721,Colon_Transverse
2205,SRR812745,Pancreas
2206,SRR812773,Muscle_Skeletal
2207,SRR812970,Whole_Blood
2208,SRR813019,Whole_Blood
2209,SRR813208,Pancreas
2210,SRR813234,Stomach
2211,SRR813529,Colon_Transverse
2212,SRR813560,Whole_Blood
2213,SRR813656,Muscle_Skeletal
2214,SRR813728,Heart_Atrial_Appendage
2215,SRR813802,Muscle_Skeletal
2216,SRR813848,Thyroid
2217,SRR813915,Heart_Atrial_Appendage
2218,SRR813935,Whole_Blood
2219,SRR813983,Muscle_Skeletal
2220,SRR814195,Stomach
2221,SRR814244,Lung
2222,SRR814268,Stomach
2223,SRR814317,Whole_Blood
2224,SRR814363,Whole_Blood
2225,SRR814587,Heart_Atrial_Appendage
2226,SRR814611,Heart_Left_Ventricle
2227,SRR814703,Lung
2228,SRR814820,Stomach
2229,SRR814844,Whole_Blood
2230,SRR814868,Whole_Blood
2231,SRR814919,Thyroid
2232,SRR815020,Muscle_Skeletal
2233,SRR815044,Muscle_Skeletal
2234,SRR815184,Heart_Atrial_Appendage
2235,SRR815326,Stomach
2236,SRR815517,Heart_Left_Ventricle
2237,SRR815661,Heart_Left_Ventricle
2238,SRR815735,Heart_Left_Ventricle
2239,SRR815783,Muscle_Skeletal
2240,SRR815825,Muscle_Skeletal
2241,SRR815893,Heart_Atrial_Appendage
2242,SRR815970,Stomach
2243,SRR816015,Muscle_Skeletal
2244,SRR816064,Heart_Left_Ventricle
2245,SRR816226,Muscle_Skeletal
2246,SRR816250,Whole_Blood
2247,SRR816358,Heart_Left_Ventricle
2248,SRR816382,Muscle_Skeletal
2249,SRR816541,Pancreas
2250,SRR816589,Whole_Blood
2251,SRR816745,Whole_Blood
2252,SRR816892,Thyroid
2253,SRR817046,Whole_Blood
2254,SRR817070,Lung
2255,SRR817234,Whole_Blood
2256,SRR817373,Whole_Blood
2257,SRR817488,Lung
2258,SRR817825,Heart_Left_Ventricle
2259,SRR818499,Lung
2260,SRR818523,Colon_Transverse
2261,SRR818530,Heart_Atrial_Appendage
2262,SRR818537,Whole_Blood
2263,SRR818600,Muscle_Skeletal
2264,SRR818773,Muscle_Skeletal
2265,SRR818901,Muscle_Skeletal
2266,SRR819024,Whole_Blood
2267,SRR819054,Muscle_Skeletal
2268,SRR819164,Whole_Blood
2269,SRR819186,Lung
2270,SRR819210,Whole_Blood
2271,SRR819261,Muscle_Skeletal
2272,SRR819486,Colon_Transverse
2273,SRR819658,Lung
2274,SRR819690,Thyroid
2275,SRR819719,Stomach
2276,SRR819771,Pancreas
2277,SRR819867,Thyroid
2278,SRR820186,Thyroid
2279,SRR820316,Heart_Left_Ventricle
2280,SRR820596,Lung
2281,SRR820733,Whole_Blood
2282,SRR820779,Whole_Blood
2283,SRR820907,Muscle_Skeletal
2284,SRR821050,Pancreas
2285,SRR821183,Heart_Atrial_Appendage
2286,SRR821207,Thyroid
2287,SRR821231,Pancreas
2288,SRR821302,Lung
2289,SRR821326,Whole_Blood
2290,SRR821525,Lung
2291,SRR821653,Whole_Blood