Sample	Tissgrp
SRR1068855	Muscle_Skeletal
SRR1068953	Stomach
SRR1069024	Whole_Blood
SRR1069166	Stomach
SRR1069279	Thyroid
SRR1069352	Pancreas
SRR1069690	Heart_Atrial_Appendage
SRR1069714	Stomach
SRR1069778	Stomach
SRR1069802	Heart_Left_Ventricle
SRR1069850	Colon_Transverse
SRR1069943	Colon_Sigmoid
SRR1069991	Colon_Transverse
SRR1070015	Lung
SRR1070358	Lung
SRR1070382	Stomach
SRR1070403	Pancreas
SRR1070549	Stomach
SRR1070764	Pancreas
SRR1070813	Whole_Blood
SRR1070863	Thyroid
SRR1070884	Stomach
SRR1070960	Thyroid
SRR1071231	Muscle_Skeletal
SRR1071519	Pancreas
SRR1071594	Muscle_Skeletal
SRR1071692	Heart_Left_Ventricle
SRR1071761	Stomach
SRR1071931	Whole_Blood
SRR1071955	Muscle_Skeletal
SRR1072007	Pancreas
SRR1072104	Pancreas
SRR1072150	Lung
SRR1072199	Stomach
SRR1072345	Whole_Blood
SRR1072529	Whole_Blood
SRR1072578	Colon_Transverse
SRR1072821	Stomach
SRR1072871	Whole_Blood
SRR1072920	Stomach
SRR1072972	Pancreas
SRR1073021	Pancreas
SRR1073119	Lung
SRR1073167	Pancreas
SRR1073217	Colon_Transverse
SRR1073267	Thyroid
SRR1073341	Thyroid
SRR1073459	Stomach
SRR1073655	Colon_Transverse
SRR1073679	Whole_Blood
SRR1073971	Colon_Transverse
SRR1073991	Pancreas
SRR1074066	Stomach
SRR1074090	Pancreas
SRR1074189	Thyroid
SRR1074239	Colon_Transverse
SRR1074314	Colon_Transverse
SRR1074337	Colon_Sigmoid
SRR1074359	Muscle_Skeletal
SRR1074385	Pancreas
SRR1074646	Whole_Blood
SRR1074670	Muscle_Skeletal
SRR1074694	Thyroid
SRR1074719	Muscle_Skeletal
SRR1074769	Lung
SRR1075078	Colon_Transverse
SRR1075174	Pancreas
SRR1075336	Pancreas
SRR1075631	Heart_Atrial_Appendage
SRR1075729	Colon_Transverse
SRR1075874	Stomach
SRR1075997	Heart_Atrial_Appendage
SRR1076244	Pancreas
SRR1076268	Stomach
SRR1076417	Stomach
SRR1076511	Whole_Blood
SRR1076753	Thyroid
SRR1076779	Heart_Left_Ventricle
SRR1076847	Whole_Blood
SRR1076868	Pancreas
SRR1076940	Colon_Transverse
SRR1076990	Stomach
SRR1077066	Colon_Transverse
SRR1077115	Heart_Atrial_Appendage
SRR1077288	Muscle_Skeletal
SRR1077380	Colon_Sigmoid
SRR1077503	Whole_Blood
SRR1077528	Heart_Atrial_Appendage
SRR1077643	Heart_Left_Ventricle
SRR1077667	Colon_Transverse
SRR1077805	Muscle_Skeletal
SRR1078066	Pancreas
SRR1078090	Stomach
SRR1078278	Colon_Transverse
SRR1078759	Stomach
SRR1078948	Colon_Transverse
SRR1079259	Whole_Blood
SRR1079567	Colon_Transverse
SRR1079660	Whole_Blood
SRR1079754	Pancreas
SRR1079900	Stomach
SRR1080222	Colon_Transverse
SRR1080415	Heart_Left_Ventricle
SRR1080438	Heart_Atrial_Appendage
SRR1080624	Pancreas
SRR1080672	Stomach
SRR1080766	Muscle_Skeletal
SRR1080951	Colon_Transverse
SRR1080977	Heart_Left_Ventricle
SRR1080998	Whole_Blood
SRR1081068	Colon_Sigmoid
SRR1081092	Stomach
SRR1081116	Colon_Transverse
SRR1081235	Stomach
SRR1081283	Lung
SRR1081332	Colon_Transverse
SRR1081493	Colon_Transverse
SRR1081712	Whole_Blood
SRR1081717	Stomach
SRR1081813	Colon_Transverse
SRR1081935	Stomach
SRR1082080	Pancreas
SRR1082238	Colon_Transverse
SRR1082544	Pancreas
SRR1082909	Thyroid
SRR1082933	Stomach
SRR1082957	Stomach
SRR1083031	Thyroid
SRR1083125	Colon_Transverse
SRR1083149	Stomach
SRR1083191	Stomach
SRR1083262	Stomach
SRR1083360	Stomach
SRR1083408	Stomach
SRR1083432	Whole_Blood
SRR1083456	Colon_Transverse
SRR1083504	Colon_Sigmoid
SRR1083657	Whole_Blood
SRR1083678	Colon_Sigmoid
SRR1083868	Colon_Transverse
SRR1084252	Stomach
SRR1084323	Pancreas
SRR1084369	Muscle_Skeletal
SRR1084417	Muscle_Skeletal
SRR1084505	Colon_Sigmoid
SRR1084577	Whole_Blood
SRR1084602	Lung
SRR1084720	Whole_Blood
SRR1084766	Lung
SRR1084892	Heart_Atrial_Appendage
SRR1084965	Heart_Left_Ventricle
SRR1085187	Pancreas
SRR1085235	Colon_Transverse
SRR1085259	Colon_Transverse
SRR1085310	Pancreas
SRR1085450	Stomach
SRR1085519	Muscle_Skeletal
SRR1085687	Thyroid
SRR1085925	Heart_Left_Ventricle
SRR1086070	Pancreas
SRR1086140	Heart_Left_Ventricle
SRR1086164	Colon_Transverse
SRR1086304	Heart_Left_Ventricle
SRR1086728	Lung
SRR1086844	Heart_Left_Ventricle
SRR1086889	Heart_Atrial_Appendage
SRR1087101	Stomach
SRR1087197	Heart_Left_Ventricle
SRR1087271	Colon_Sigmoid
SRR1087487	Whole_Blood
SRR1087559	Lung
SRR1087704	Colon_Transverse
SRR1087752	Colon_Transverse
SRR1087825	Muscle_Skeletal
SRR1087992	Heart_Left_Ventricle
SRR1088044	Thyroid
SRR1088068	Stomach
SRR1088117	Stomach
SRR1088142	Heart_Left_Ventricle
SRR1088168	Whole_Blood
SRR1088291	Pancreas
SRR1088340	Heart_Atrial_Appendage
SRR1088413	Pancreas
SRR1088537	Pancreas
SRR1088680	Stomach
SRR1088734	Heart_Atrial_Appendage
SRR1088782	Stomach
SRR1088808	Thyroid
SRR1088878	Stomach
SRR1089424	Muscle_Skeletal
SRR1089537	Pancreas
SRR1089688	Pancreas
SRR1089737	Stomach
SRR1089809	Thyroid
SRR1089901	Muscle_Skeletal
SRR1089926	Thyroid
SRR1090119	Colon_Transverse
SRR1090334	Colon_Transverse
SRR1090383	Colon_Transverse
SRR1090431	Colon_Sigmoid
SRR1090483	Heart_Atrial_Appendage
SRR1090508	Whole_Blood
SRR1090626	Colon_Transverse
SRR1090770	Thyroid
SRR1090815	Thyroid
SRR1090907	Whole_Blood
SRR1091032	Pancreas
SRR1091054	Colon_Transverse
SRR1091144	Pancreas
SRR1091356	Stomach
SRR1091452	Whole_Blood
SRR1091524	Colon_Sigmoid
SRR1091548	Stomach
SRR1091817	Whole_Blood
SRR1092184	Stomach
SRR1092281	Stomach
SRR1092349	Muscle_Skeletal
SRR1092397	Colon_Transverse
SRR1092422	Whole_Blood
SRR1092493	Colon_Sigmoid
SRR1092541	Whole_Blood
SRR1092567	Thyroid
SRR1092749	Colon_Transverse
SRR1092889	Heart_Atrial_Appendage
SRR1092937	Pancreas
SRR1092985	Muscle_Skeletal
SRR1093243	Heart_Atrial_Appendage
SRR1093269	Heart_Atrial_Appendage
SRR1093340	Pancreas
SRR1093366	Colon_Sigmoid
SRR1093390	Stomach
SRR1093434	Pancreas
SRR1093504	Stomach
SRR1093577	Pancreas
SRR1093649	Heart_Left_Ventricle
SRR1094051	Muscle_Skeletal
SRR1094192	Heart_Atrial_Appendage
SRR1094506	Heart_Left_Ventricle
SRR1094555	Stomach
SRR1095407	Pancreas
SRR1095479	Pancreas
SRR1095651	Pancreas
SRR1095675	Colon_Transverse
SRR1095695	Lung
SRR1095720	Muscle_Skeletal
SRR1095937	Thyroid
SRR1096174	Muscle_Skeletal
SRR1096247	Stomach
SRR1096571	Whole_Blood
SRR1096662	Muscle_Skeletal
SRR1096924	Colon_Transverse
SRR1097320	Stomach
SRR1097525	Colon_Transverse
SRR1097618	Stomach
SRR1097777	Pancreas
SRR1097811	Colon_Transverse
SRR1097883	Pancreas
SRR1098002	Colon_Transverse
SRR1098074	Lung
SRR1098098	Colon_Transverse
SRR1098146	Stomach
SRR1098192	Pancreas
SRR1098288	Heart_Atrial_Appendage
SRR1098361	Stomach
SRR1098474	Muscle_Skeletal
SRR1098495	Stomach
SRR1098543	Pancreas
SRR1098588	Stomach
SRR1098660	Colon_Transverse
SRR1098785	Lung
SRR1098855	Stomach
SRR1098879	Muscle_Skeletal
SRR1098928	Pancreas
SRR1098998	Lung
SRR1099260	Whole_Blood
SRR1099286	Lung
SRR1099354	Colon_Transverse
SRR1099451	Colon_Transverse
SRR1099520	Thyroid
SRR1099546	Lung
SRR1099648	Whole_Blood
SRR1099744	Whole_Blood
SRR1099765	Colon_Transverse
SRR1099833	Pancreas
SRR1099931	Colon_Transverse
SRR1100395	Colon_Transverse
SRR1100588	Muscle_Skeletal
SRR1100776	Stomach
SRR1100800	Pancreas
SRR1101280	Colon_Transverse
SRR1101324	Whole_Blood
SRR1101483	Whole_Blood
SRR1101542	Pancreas
SRR1101741	Colon_Transverse
SRR1101787	Whole_Blood
SRR1101981	Stomach
SRR1102031	Whole_Blood
SRR1102079	Lung
SRR1102176	Colon_Transverse
SRR1102198	Colon_Sigmoid
SRR1102224	Colon_Sigmoid
SRR1102272	Stomach
SRR1102369	Stomach
SRR1102756	Heart_Atrial_Appendage
SRR1102804	Lung
SRR1103072	Colon_Transverse
SRR1105033	Colon_Transverse
SRR1105057	Muscle_Skeletal
SRR1105513	Stomach
SRR1120363	Pancreas
SRR1120733	Colon_Transverse
SRR1120825	Stomach
SRR1120891	Colon_Transverse
SRR1307699	Heart_Left_Ventricle
SRR1307808	Pancreas
SRR1308200	Heart_Atrial_Appendage
SRR1308269	Colon_Sigmoid
SRR1308504	Lung
SRR1308674	Heart_Atrial_Appendage
SRR1308696	Heart_Left_Ventricle
SRR1308715	Thyroid
SRR1309070	Muscle_Skeletal
SRR1309468	Lung
SRR1309490	Lung
SRR1309556	Muscle_Skeletal
SRR1309578	Thyroid
SRR1309657	Thyroid
SRR1309702	Muscle_Skeletal
SRR1309723	Stomach
SRR1309856	Heart_Atrial_Appendage
SRR1309875	Pancreas
SRR1309942	Muscle_Skeletal
SRR1310373	Heart_Left_Ventricle
SRR1310412	Whole_Blood
SRR1310476	Muscle_Skeletal
SRR1310520	Lung
SRR1310563	Heart_Left_Ventricle
SRR1310690	Pancreas
SRR1310735	Muscle_Skeletal
SRR1310758	Thyroid
SRR1310797	Lung
SRR1310836	Muscle_Skeletal
SRR1310876	Colon_Transverse
SRR1310898	Colon_Transverse
SRR1310920	Stomach
SRR1311062	Whole_Blood
SRR1311109	Heart_Atrial_Appendage
SRR1311243	Heart_Left_Ventricle
SRR1311419	Whole_Blood
SRR1311464	Colon_Transverse
SRR1311509	Heart_Left_Ventricle
SRR1311553	Muscle_Skeletal
SRR1311644	Whole_Blood
SRR1311752	Pancreas
SRR1311897	Thyroid
SRR1312024	Thyroid
SRR1312187	Whole_Blood
SRR1312388	Stomach
SRR1312406	Muscle_Skeletal
SRR1312482	Heart_Atrial_Appendage
SRR1312522	Lung
SRR1312540	Heart_Left_Ventricle
SRR1312558	Lung
SRR1312577	Colon_Sigmoid
SRR1312598	Whole_Blood
SRR1312666	Colon_Sigmoid
SRR1312684	Muscle_Skeletal
SRR1312725	Heart_Left_Ventricle
SRR1312784	Colon_Sigmoid
SRR1312865	Lung
SRR1312906	Stomach
SRR1313449	Stomach
SRR1313514	Whole_Blood
SRR1313560	Heart_Left_Ventricle
SRR1313625	Colon_Transverse
SRR1313687	Muscle_Skeletal
SRR1313789	Thyroid
SRR1313853	Heart_Atrial_Appendage
SRR1313910	Whole_Blood
SRR1313969	Muscle_Skeletal
SRR1314071	Thyroid
SRR1314749	Lung
SRR1314832	Muscle_Skeletal
SRR1314851	Heart_Atrial_Appendage
SRR1314916	Whole_Blood
SRR1314976	Lung
SRR1315103	Lung
SRR1315188	Thyroid
SRR1315309	Stomach
SRR1315393	Heart_Atrial_Appendage
SRR1315517	Whole_Blood
SRR1316174	Thyroid
SRR1316231	Stomach
SRR1316343	Colon_Transverse
SRR1316463	Colon_Transverse
SRR1316725	Heart_Atrial_Appendage
SRR1316793	Thyroid
SRR1317001	Thyroid
SRR1317064	Whole_Blood
SRR1317110	Colon_Sigmoid
SRR1317134	Muscle_Skeletal
SRR1317218	Thyroid
SRR1317305	Heart_Left_Ventricle
SRR1317387	Pancreas
SRR1317428	Heart_Left_Ventricle
SRR1317653	Colon_Sigmoid
SRR1317707	Heart_Atrial_Appendage
SRR1317832	Whole_Blood
SRR1317898	Whole_Blood
SRR1318005	Whole_Blood
SRR1318118	Lung
SRR1318208	Colon_Transverse
SRR1318241	Whole_Blood
SRR1318465	Muscle_Skeletal
SRR1318484	Heart_Atrial_Appendage
SRR1318503	Pancreas
SRR1318560	Muscle_Skeletal
SRR1318605	Whole_Blood
SRR1318624	Colon_Sigmoid
SRR1318662	Heart_Atrial_Appendage
SRR1318815	Whole_Blood
SRR1318839	Muscle_Skeletal
SRR1318857	Whole_Blood
SRR1318998	Heart_Left_Ventricle
SRR1319038	Colon_Sigmoid
SRR1319078	Stomach
SRR1319118	Pancreas
SRR1319283	Thyroid
SRR1319344	Heart_Left_Ventricle
SRR1319461	Whole_Blood
SRR1319502	Colon_Transverse
SRR1319626	Muscle_Skeletal
SRR1319648	Muscle_Skeletal
SRR1319710	Muscle_Skeletal
SRR1319753	Muscle_Skeletal
SRR1319772	Whole_Blood
SRR1319858	Thyroid
SRR1319924	Thyroid
SRR1320137	Whole_Blood
SRR1320203	Stomach
SRR1320225	Muscle_Skeletal
SRR1320321	Muscle_Skeletal
SRR1320363	Whole_Blood
SRR1320403	Whole_Blood
SRR1320445	Colon_Sigmoid
SRR1320469	Muscle_Skeletal
SRR1320490	Colon_Sigmoid
SRR1320579	Muscle_Skeletal
SRR1320939	Heart_Left_Ventricle
SRR1321225	Heart_Left_Ventricle
SRR1321377	Colon_Sigmoid
SRR1321420	Heart_Atrial_Appendage
SRR1321505	Heart_Left_Ventricle
SRR1321528	Lung
SRR1321608	Heart_Atrial_Appendage
SRR1321765	Pancreas
SRR1321808	Lung
SRR1321987	Muscle_Skeletal
SRR1322028	Pancreas
SRR1322070	Colon_Sigmoid
SRR1322186	Colon_Transverse
SRR1322395	Heart_Left_Ventricle
SRR1322494	Thyroid
SRR1322512	Stomach
SRR1322595	Lung
SRR1322619	Whole_Blood
SRR1322662	Muscle_Skeletal
SRR1322711	Thyroid
SRR1322730	Pancreas
SRR1322790	Thyroid
SRR1322816	Pancreas
SRR1322900	Muscle_Skeletal
SRR1323002	Colon_Sigmoid
SRR1323065	Thyroid
SRR1323087	Muscle_Skeletal
SRR1323152	Muscle_Skeletal
SRR1323215	Colon_Sigmoid
SRR1323312	Colon_Transverse
SRR1323404	Stomach
SRR1323446	Colon_Transverse
SRR1323512	Heart_Atrial_Appendage
SRR1323628	Heart_Left_Ventricle
SRR1323850	Thyroid
SRR1323873	Colon_Transverse
SRR1323896	Lung
SRR1323914	Thyroid
SRR1323936	Thyroid
SRR1324102	Pancreas
SRR1324250	Lung
SRR1324390	Muscle_Skeletal
SRR1324473	Colon_Sigmoid
SRR1324519	Pancreas
SRR1324545	Heart_Atrial_Appendage
SRR1325225	Muscle_Skeletal
SRR1325247	Heart_Atrial_Appendage
SRR1325353	Thyroid
SRR1325377	Muscle_Skeletal
SRR1325504	Heart_Left_Ventricle
SRR1325620	Colon_Transverse
SRR1325690	Stomach
SRR1325888	Lung
SRR1326020	Pancreas
SRR1326040	Heart_Left_Ventricle
SRR1326161	Muscle_Skeletal
SRR1326249	Lung
SRR1326292	Muscle_Skeletal
SRR1326384	Lung
SRR1326624	Muscle_Skeletal
SRR1326687	Heart_Left_Ventricle
SRR1326752	Lung
SRR1326773	Whole_Blood
SRR1327303	Pancreas
SRR1327349	Thyroid
SRR1327366	Thyroid
SRR1327386	Lung
SRR1327410	Thyroid
SRR1327454	Colon_Sigmoid
SRR1327505	Colon_Sigmoid
SRR1327527	Colon_Sigmoid
SRR1327570	Colon_Sigmoid
SRR1327632	Thyroid
SRR1327680	Heart_Left_Ventricle
SRR1327702	Muscle_Skeletal
SRR1327872	Pancreas
SRR1328101	Muscle_Skeletal
SRR1328360	Stomach
SRR1328383	Whole_Blood
SRR1328407	Whole_Blood
SRR1328528	Colon_Sigmoid
SRR1328738	Pancreas
SRR1328797	Muscle_Skeletal
SRR1328980	Colon_Sigmoid
SRR1329003	Muscle_Skeletal
SRR1329068	Thyroid
SRR1329108	Stomach
SRR1329131	Colon_Transverse
SRR1329177	Heart_Left_Ventricle
SRR1329442	Thyroid
SRR1329464	Thyroid
SRR1329530	Colon_Transverse
SRR1329642	Colon_Sigmoid
SRR1329663	Colon_Sigmoid
SRR1329687	Colon_Transverse
SRR1329726	Stomach
SRR1329909	Stomach
SRR1330129	Whole_Blood
SRR1330153	Heart_Left_Ventricle
SRR1330176	Colon_Sigmoid
SRR1330327	Muscle_Skeletal
SRR1330522	Whole_Blood
SRR1330609	Stomach
SRR1330633	Heart_Atrial_Appendage
SRR1330746	Pancreas
SRR1330770	Colon_Sigmoid
SRR1330831	Colon_Sigmoid
SRR1330854	Muscle_Skeletal
SRR1330901	Pancreas
SRR1330944	Heart_Atrial_Appendage
SRR1330965	Heart_Left_Ventricle
SRR1330989	Lung
SRR1331013	Heart_Atrial_Appendage
SRR1331037	Pancreas
SRR1331220	Muscle_Skeletal
SRR1331311	Whole_Blood
SRR1331383	Thyroid
SRR1331405	Colon_Transverse
SRR1331444	Heart_Left_Ventricle
SRR1331639	Muscle_Skeletal
SRR1331684	Whole_Blood
SRR1331858	Stomach
SRR1331922	Muscle_Skeletal
SRR1332007	Whole_Blood
SRR1332299	Muscle_Skeletal
SRR1332467	Colon_Sigmoid
SRR1332544	Lung
SRR1332607	Heart_Left_Ventricle
SRR1332713	Thyroid
SRR1332835	Heart_Atrial_Appendage
SRR1333167	Colon_Sigmoid
SRR1333209	Whole_Blood
SRR1333240	Whole_Blood
SRR1333287	Colon_Sigmoid
SRR1333414	Heart_Atrial_Appendage
SRR1333462	Whole_Blood
SRR1333550	Thyroid
SRR1333570	Whole_Blood
SRR1333718	Whole_Blood
SRR1334011	Colon_Sigmoid
SRR1334055	Colon_Sigmoid
SRR1334074	Lung
SRR1334134	Colon_Transverse
SRR1334154	Heart_Atrial_Appendage
SRR1334181	Colon_Sigmoid
SRR1334247	Muscle_Skeletal
SRR1334314	Pancreas
SRR1334338	Heart_Left_Ventricle
SRR1334490	Lung
SRR1334512	Muscle_Skeletal
SRR1334694	Heart_Atrial_Appendage
SRR1334889	Muscle_Skeletal
SRR1334919	Heart_Left_Ventricle
SRR1334939	Thyroid
SRR1335164	Heart_Atrial_Appendage
SRR1335296	Thyroid
SRR1335422	Lung
SRR1335513	Lung
SRR1335627	Heart_Atrial_Appendage
SRR1335670	Lung
SRR1335940	Thyroid
SRR1335984	Pancreas
SRR1336113	Thyroid
SRR1336134	Heart_Atrial_Appendage
SRR1336205	Colon_Transverse
SRR1336227	Colon_Transverse
SRR1336569	Muscle_Skeletal
SRR1336617	Colon_Sigmoid
SRR1336706	Whole_Blood
SRR1336863	Colon_Sigmoid
SRR1336964	Colon_Sigmoid
SRR1336988	Colon_Transverse
SRR1337031	Lung
SRR1337137	Thyroid
SRR1337173	Muscle_Skeletal
SRR1337238	Heart_Left_Ventricle
SRR1337364	Thyroid
SRR1337388	Heart_Atrial_Appendage
SRR1337495	Colon_Sigmoid
SRR1337516	Colon_Sigmoid
SRR1337540	Whole_Blood
SRR1337794	Stomach
SRR1337816	Colon_Transverse
SRR1337953	Stomach
SRR1338055	Whole_Blood
SRR1338280	Colon_Transverse
SRR1338363	Heart_Left_Ventricle
SRR1338489	Colon_Sigmoid
SRR1338513	Pancreas
SRR1338560	Muscle_Skeletal
SRR1338603	Colon_Transverse
SRR1338648	Whole_Blood
SRR1338705	Stomach
SRR1338880	Whole_Blood
SRR1338901	Thyroid
SRR1339029	Lung
SRR1339065	Colon_Sigmoid
SRR1339108	Muscle_Skeletal
SRR1339321	Heart_Atrial_Appendage
SRR1339366	Thyroid
SRR1339413	Thyroid
SRR1339508	Thyroid
SRR1339619	Whole_Blood
SRR1339675	Thyroid
SRR1339788	Pancreas
SRR1339834	Whole_Blood
SRR1339856	Whole_Blood
SRR1339921	Heart_Left_Ventricle
SRR1340047	Pancreas
SRR1340280	Heart_Left_Ventricle
SRR1340441	Heart_Left_Ventricle
SRR1340617	Heart_Atrial_Appendage
SRR1340641	Heart_Atrial_Appendage
SRR1340680	Colon_Transverse
SRR1340862	Stomach
SRR1340885	Whole_Blood
SRR1340924	Thyroid
SRR1340966	Colon_Sigmoid
SRR1341034	Thyroid
SRR1341164	Whole_Blood
SRR1341209	Colon_Transverse
SRR1341256	Thyroid
SRR1341321	Stomach
SRR1341408	Heart_Atrial_Appendage
SRR1341456	Heart_Left_Ventricle
SRR1341626	Pancreas
SRR1341721	Colon_Transverse
SRR1341833	Lung
SRR1341945	Colon_Sigmoid
SRR1341965	Heart_Atrial_Appendage
SRR1342023	Lung
SRR1342088	Thyroid
SRR1342701	Heart_Atrial_Appendage
SRR1342739	Muscle_Skeletal
SRR1342782	Muscle_Skeletal
SRR1342806	Colon_Transverse
SRR1342916	Heart_Left_Ventricle
SRR1342938	Thyroid
SRR1342960	Colon_Transverse
SRR1343072	Colon_Transverse
SRR1343324	Stomach
SRR1343414	Colon_Sigmoid
SRR1343433	Thyroid
SRR1343456	Stomach
SRR1343501	Whole_Blood
SRR1343546	Colon_Sigmoid
SRR1343653	Heart_Atrial_Appendage
SRR1343698	Colon_Transverse
SRR1343795	Heart_Atrial_Appendage
SRR1343859	Heart_Left_Ventricle
SRR1343967	Pancreas
SRR1344100	Thyroid
SRR1344122	Colon_Sigmoid
SRR1344271	Heart_Atrial_Appendage
SRR1344382	Muscle_Skeletal
SRR1344422	Muscle_Skeletal
SRR1345178	Stomach
SRR1345221	Heart_Left_Ventricle
SRR1345266	Whole_Blood
SRR1345284	Muscle_Skeletal
SRR1345412	Whole_Blood
SRR1345436	Heart_Atrial_Appendage
SRR1345541	Whole_Blood
SRR1345563	Lung
SRR1345669	Thyroid
SRR1345736	Heart_Left_Ventricle
SRR1345760	Muscle_Skeletal
SRR1345827	Heart_Atrial_Appendage
SRR1345847	Whole_Blood
SRR1345871	Stomach
SRR1345894	Muscle_Skeletal
SRR1345936	Lung
SRR1346838	Stomach
SRR1346933	Lung
SRR1346978	Thyroid
SRR1347020	Lung
SRR1347082	Stomach
SRR1347214	Muscle_Skeletal
SRR1347500	Heart_Left_Ventricle
SRR1347667	Heart_Left_Ventricle
SRR1347795	Lung
SRR1347916	Colon_Sigmoid
SRR1347937	Muscle_Skeletal
SRR1347959	Pancreas
SRR1348040	Muscle_Skeletal
SRR1348094	Colon_Sigmoid
SRR1348114	Whole_Blood
SRR1348181	Whole_Blood
SRR1348226	Heart_Left_Ventricle
SRR1348248	Stomach
SRR1348270	Thyroid
SRR1348318	Thyroid
SRR1348507	Colon_Sigmoid
SRR1348792	Colon_Sigmoid
SRR1348951	Whole_Blood
SRR1349032	Whole_Blood
SRR1349144	Thyroid
SRR1349166	Lung
SRR1349190	Colon_Transverse
SRR1349209	Muscle_Skeletal
SRR1349231	Muscle_Skeletal
SRR1349433	Heart_Atrial_Appendage
SRR1349497	Thyroid
SRR1349518	Thyroid
SRR1349540	Thyroid
SRR1349772	Heart_Left_Ventricle
SRR1349851	Muscle_Skeletal
SRR1349893	Heart_Left_Ventricle
SRR1349956	Heart_Left_Ventricle
SRR1350263	Thyroid
SRR1350435	Muscle_Skeletal
SRR1350479	Colon_Sigmoid
SRR1350566	Thyroid
SRR1350588	Thyroid
SRR1350832	Muscle_Skeletal
SRR1350855	Whole_Blood
SRR1350936	Thyroid
SRR1350997	Stomach
SRR1351166	Whole_Blood
SRR1351280	Muscle_Skeletal
SRR1351480	Muscle_Skeletal
SRR1351583	Heart_Atrial_Appendage
SRR1351624	Thyroid
SRR1351836	Whole_Blood
SRR1351931	Heart_Left_Ventricle
SRR1351955	Colon_Sigmoid
SRR1351979	Muscle_Skeletal
SRR1352001	Thyroid
SRR1352111	Heart_Left_Ventricle
SRR1352213	Heart_Left_Ventricle
SRR1352234	Heart_Atrial_Appendage
SRR1352322	Colon_Transverse
SRR1352391	Lung
SRR1352575	Thyroid
SRR1352619	Heart_Left_Ventricle
SRR1352683	Lung
SRR1352936	Heart_Left_Ventricle
SRR1353118	Colon_Transverse
SRR1353332	Colon_Sigmoid
SRR1353461	Pancreas
SRR1353517	Muscle_Skeletal
SRR1353555	Muscle_Skeletal
SRR1353577	Colon_Sigmoid
SRR1353900	Muscle_Skeletal
SRR1353948	Colon_Transverse
SRR1353970	Heart_Left_Ventricle
SRR1354035	Colon_Transverse
SRR1354225	Thyroid
SRR1354270	Muscle_Skeletal
SRR1354291	Whole_Blood
SRR1354338	Pancreas
SRR1354489	Muscle_Skeletal
SRR1354532	Stomach
SRR1354599	Heart_Left_Ventricle
SRR1354644	Muscle_Skeletal
SRR1354665	Whole_Blood
SRR1354710	Heart_Left_Ventricle
SRR1354955	Muscle_Skeletal
SRR1355102	Whole_Blood
SRR1355194	Heart_Left_Ventricle
SRR1355217	Muscle_Skeletal
SRR1355352	Muscle_Skeletal
SRR1355396	Muscle_Skeletal
SRR1355578	Lung
SRR1355660	Heart_Left_Ventricle
SRR1355997	Stomach
SRR1356120	Thyroid
SRR1356248	Whole_Blood
SRR1356290	Muscle_Skeletal
SRR1356308	Thyroid
SRR1356487	Heart_Atrial_Appendage
SRR1356509	Colon_Sigmoid
SRR1356553	Whole_Blood
SRR1356577	Lung
SRR1356643	Colon_Transverse
SRR1356705	Muscle_Skeletal
SRR1356725	Stomach
SRR1356976	Colon_Sigmoid
SRR1356997	Colon_Transverse
SRR1357103	Whole_Blood
SRR1357148	Muscle_Skeletal
SRR1357210	Lung
SRR1357233	Lung
SRR1357344	Thyroid
SRR1357456	Colon_Transverse
SRR1357541	Pancreas
SRR1357558	Heart_Left_Ventricle
SRR1357618	Pancreas
SRR1357650	Heart_Atrial_Appendage
SRR1357692	Colon_Transverse
SRR1357757	Whole_Blood
SRR1357781	Whole_Blood
SRR1358017	Heart_Left_Ventricle
SRR1358220	Muscle_Skeletal
SRR1358343	Whole_Blood
SRR1358367	Stomach
SRR1358459	Thyroid
SRR1358482	Heart_Atrial_Appendage
SRR1358582	Heart_Left_Ventricle
SRR1358624	Colon_Sigmoid
SRR1358779	Heart_Left_Ventricle
SRR1359045	Thyroid
SRR1359099	Lung
SRR1359469	Lung
SRR1359509	Colon_Sigmoid
SRR1359529	Thyroid
SRR1359609	Lung
SRR1359694	Pancreas
SRR1359760	Stomach
SRR1359780	Muscle_Skeletal
SRR1359821	Stomach
SRR1360194	Colon_Sigmoid
SRR1360258	Colon_Sigmoid
SRR1360402	Muscle_Skeletal
SRR1360442	Heart_Left_Ventricle
SRR1360523	Thyroid
SRR1360545	Stomach
SRR1360587	Heart_Atrial_Appendage
SRR1360766	Pancreas
SRR1360807	Lung
SRR1361050	Thyroid
SRR1361156	Heart_Atrial_Appendage
SRR1361345	Lung
SRR1361368	Whole_Blood
SRR1361546	Muscle_Skeletal
SRR1361590	Whole_Blood
SRR1361692	Pancreas
SRR1361777	Colon_Sigmoid
SRR1361814	Colon_Sigmoid
SRR1361883	Colon_Sigmoid
SRR1362332	Colon_Transverse
SRR1362395	Whole_Blood
SRR1362488	Heart_Atrial_Appendage
SRR1362514	Colon_Sigmoid
SRR1362579	Colon_Transverse
SRR1362664	Colon_Sigmoid
SRR1362688	Stomach
SRR1362713	Lung
SRR1362824	Heart_Atrial_Appendage
SRR1362928	Colon_Sigmoid
SRR1363611	Whole_Blood
SRR1363742	Whole_Blood
SRR1363908	Muscle_Skeletal
SRR1364641	Stomach
SRR1364658	Lung
SRR1364695	Heart_Left_Ventricle
SRR1364780	Heart_Left_Ventricle
SRR1364935	Thyroid
SRR1364975	Colon_Transverse
SRR1365034	Muscle_Skeletal
SRR1365356	Thyroid
SRR1365377	Colon_Sigmoid
SRR1365426	Muscle_Skeletal
SRR1365448	Muscle_Skeletal
SRR1365471	Pancreas
SRR1365489	Lung
SRR1365512	Thyroid
SRR1365575	Pancreas
SRR1365679	Stomach
SRR1365700	Heart_Atrial_Appendage
SRR1365743	Pancreas
SRR1365808	Lung
SRR1365850	Thyroid
SRR1365873	Whole_Blood
SRR1365938	Lung
SRR1366367	Heart_Atrial_Appendage
SRR1366473	Stomach
SRR1366519	Heart_Atrial_Appendage
SRR1366543	Whole_Blood
SRR1366690	Heart_Left_Ventricle
SRR1366772	Thyroid
SRR1366813	Whole_Blood
SRR1366837	Lung
SRR1366855	Heart_Atrial_Appendage
SRR1367109	Muscle_Skeletal
SRR1367172	Colon_Transverse
SRR1367410	Colon_Transverse
SRR1367432	Whole_Blood
SRR1367456	Heart_Left_Ventricle
SRR1367544	Colon_Transverse
SRR1367588	Thyroid
SRR1367612	Thyroid
SRR1367630	Pancreas
SRR1367654	Lung
SRR1367693	Whole_Blood
SRR1367715	Muscle_Skeletal
SRR1367785	Colon_Transverse
SRR1367849	Heart_Atrial_Appendage
SRR1367988	Muscle_Skeletal
SRR1368072	Muscle_Skeletal
SRR1368094	Colon_Transverse
SRR1368117	Muscle_Skeletal
SRR1368264	Muscle_Skeletal
SRR1368486	Thyroid
SRR1368529	Whole_Blood
SRR1368574	Muscle_Skeletal
SRR1368616	Heart_Atrial_Appendage
SRR1368710	Thyroid
SRR1368754	Lung
SRR1368794	Heart_Atrial_Appendage
SRR1368815	Stomach
SRR1368917	Thyroid
SRR1369008	Colon_Sigmoid
SRR1369030	Heart_Atrial_Appendage
SRR1369536	Heart_Left_Ventricle
SRR1370107	Colon_Transverse
SRR1370151	Thyroid
SRR1370216	Lung
SRR1370363	Stomach
SRR1370423	Lung
SRR1370572	Muscle_Skeletal
SRR1370637	Whole_Blood
SRR1370659	Heart_Left_Ventricle
SRR1370701	Colon_Transverse
SRR1370780	Muscle_Skeletal
SRR1374028	Heart_Atrial_Appendage
SRR1374355	Colon_Sigmoid
SRR1374373	Pancreas
SRR1374567	Lung
SRR1374585	Pancreas
SRR1374647	Whole_Blood
SRR1374696	Lung
SRR1374716	Thyroid
SRR1374739	Pancreas
SRR1374778	Thyroid
SRR1375158	Colon_Transverse
SRR1375439	Muscle_Skeletal
SRR1375509	Muscle_Skeletal
SRR1375677	Heart_Left_Ventricle
SRR1375738	Lung
SRR1375774	Muscle_Skeletal
SRR1375796	Muscle_Skeletal
SRR1376249	Muscle_Skeletal
SRR1376294	Whole_Blood
SRR1376316	Lung
SRR1376426	Pancreas
SRR1376476	Colon_Transverse
SRR1376497	Thyroid
SRR1376539	Heart_Left_Ventricle
SRR1376619	Whole_Blood
SRR1376676	Lung
SRR1376694	Lung
SRR1376718	Pancreas
SRR1376764	Muscle_Skeletal
SRR1376807	Colon_Transverse
SRR1377006	Muscle_Skeletal
SRR1377492	Pancreas
SRR1377537	Stomach
SRR1377557	Thyroid
SRR1377714	Whole_Blood
SRR1377800	Muscle_Skeletal
SRR1377862	Muscle_Skeletal
SRR1377949	Thyroid
SRR1377967	Thyroid
SRR1378026	Whole_Blood
SRR1378131	Heart_Atrial_Appendage
SRR1378243	Heart_Atrial_Appendage
SRR1378262	Colon_Transverse
SRR1378707	Colon_Sigmoid
SRR1378924	Colon_Sigmoid
SRR1379089	Lung
SRR1379110	Muscle_Skeletal
SRR1379157	Colon_Transverse
SRR1379279	Thyroid
SRR1379365	Heart_Atrial_Appendage
SRR1379384	Stomach
SRR1379471	Thyroid
SRR1379538	Whole_Blood
SRR1380163	Thyroid
SRR1380270	Whole_Blood
SRR1380501	Heart_Atrial_Appendage
SRR1380591	Stomach
SRR1380716	Muscle_Skeletal
SRR1380785	Heart_Atrial_Appendage
SRR1380886	Pancreas
SRR1381140	Pancreas
SRR1381161	Lung
SRR1381211	Heart_Atrial_Appendage
SRR1381247	Thyroid
SRR1381269	Heart_Atrial_Appendage
SRR1381306	Stomach
SRR1381348	Muscle_Skeletal
SRR1381414	Thyroid
SRR1381435	Whole_Blood
SRR1381505	Pancreas
SRR1381524	Heart_Left_Ventricle
SRR1381693	Heart_Left_Ventricle
SRR1381775	Muscle_Skeletal
SRR1381934	Lung
SRR1381953	Pancreas
SRR1382440	Pancreas
SRR1382461	Colon_Transverse
SRR1382485	Whole_Blood
SRR1382508	Heart_Left_Ventricle
SRR1382615	Whole_Blood
SRR1382639	Colon_Sigmoid
SRR1382756	Lung
SRR1383037	Pancreas
SRR1383081	Muscle_Skeletal
SRR1383125	Heart_Left_Ventricle
SRR1383213	Stomach
SRR1383259	Muscle_Skeletal
SRR1383674	Colon_Transverse
SRR1383785	Lung
SRR1383937	Heart_Atrial_Appendage
SRR1383960	Heart_Left_Ventricle
SRR1383984	Stomach
SRR1384115	Lung
SRR1384138	Muscle_Skeletal
SRR1384331	Stomach
SRR1384371	Muscle_Skeletal
SRR1384413	Heart_Atrial_Appendage
SRR1384805	Heart_Atrial_Appendage
SRR1384827	Heart_Atrial_Appendage
SRR1384852	Heart_Atrial_Appendage
SRR1384917	Heart_Atrial_Appendage
SRR1385101	Muscle_Skeletal
SRR1385235	Heart_Left_Ventricle
SRR1385277	Muscle_Skeletal
SRR1385300	Lung
SRR1385364	Heart_Atrial_Appendage
SRR1385411	Muscle_Skeletal
SRR1385672	Colon_Transverse
SRR1385716	Heart_Left_Ventricle
SRR1386753	Colon_Sigmoid
SRR1386967	Whole_Blood
SRR1386991	Muscle_Skeletal
SRR1387054	Muscle_Skeletal
SRR1387091	Heart_Atrial_Appendage
SRR1387113	Colon_Sigmoid
SRR1387222	Muscle_Skeletal
SRR1387240	Muscle_Skeletal
SRR1387286	Colon_Sigmoid
SRR1387475	Heart_Atrial_Appendage
SRR1387516	Stomach
SRR1387702	Heart_Left_Ventricle
SRR1387724	Thyroid
SRR1387769	Lung
SRR1387966	Muscle_Skeletal
SRR1388025	Lung
SRR1388046	Thyroid
SRR1388064	Pancreas
SRR1388105	Heart_Atrial_Appendage
SRR1388190	Stomach
SRR1388419	Heart_Atrial_Appendage
SRR1388437	Colon_Transverse
SRR1388528	Muscle_Skeletal
SRR1388698	Heart_Left_Ventricle
SRR1388722	Colon_Transverse
SRR1388788	Colon_Sigmoid
SRR1388809	Muscle_Skeletal
SRR1388832	Muscle_Skeletal
SRR1388873	Muscle_Skeletal
SRR1388891	Stomach
SRR1388913	Thyroid
SRR1389177	Muscle_Skeletal
SRR1389324	Whole_Blood
SRR1389366	Colon_Transverse
SRR1389409	Pancreas
SRR1389497	Muscle_Skeletal
SRR1389777	Heart_Left_Ventricle
SRR1389868	Thyroid
SRR1389932	Colon_Transverse
SRR1390027	Muscle_Skeletal
SRR1390072	Heart_Atrial_Appendage
SRR1390179	Colon_Transverse
SRR1390203	Pancreas
SRR1390265	Thyroid
SRR1390289	Colon_Transverse
SRR1390391	Pancreas
SRR1390437	Muscle_Skeletal
SRR1390456	Pancreas
SRR1391376	Lung
SRR1391420	Muscle_Skeletal
SRR1391678	Thyroid
SRR1391700	Thyroid
SRR1391724	Lung
SRR1391748	Whole_Blood
SRR1391789	Heart_Left_Ventricle
SRR1392007	Thyroid
SRR1392030	Thyroid
SRR1392072	Whole_Blood
SRR1392097	Colon_Transverse
SRR1392186	Muscle_Skeletal
SRR1392208	Heart_Atrial_Appendage
SRR1392434	Heart_Atrial_Appendage
SRR1392456	Colon_Sigmoid
SRR1392478	Whole_Blood
SRR1392502	Lung
SRR1392547	Whole_Blood
SRR1392615	Stomach
SRR1392749	Heart_Atrial_Appendage
SRR1392795	Heart_Atrial_Appendage
SRR1392813	Heart_Atrial_Appendage
SRR1392901	Muscle_Skeletal
SRR1393428	Thyroid
SRR1393449	Muscle_Skeletal
SRR1393470	Thyroid
SRR1393529	Colon_Transverse
SRR1393572	Pancreas
SRR1394190	Muscle_Skeletal
SRR1394231	Muscle_Skeletal
SRR1394275	Pancreas
SRR1394384	Colon_Sigmoid
SRR1394406	Whole_Blood
SRR1394520	Heart_Left_Ventricle
SRR1394544	Stomach
SRR1394637	Muscle_Skeletal
SRR1394655	Thyroid
SRR1394872	Thyroid
SRR1394894	Thyroid
SRR1395509	Whole_Blood
SRR1395659	Heart_Atrial_Appendage
SRR1395682	Colon_Sigmoid
SRR1395699	Lung
SRR1395742	Muscle_Skeletal
SRR1395788	Colon_Transverse
SRR1396146	Colon_Transverse
SRR1396191	Whole_Blood
SRR1396250	Muscle_Skeletal
SRR1396270	Thyroid
SRR1396570	Thyroid
SRR1396724	Stomach
SRR1396742	Colon_Transverse
SRR1396786	Muscle_Skeletal
SRR1396967	Lung
SRR1397052	Heart_Left_Ventricle
SRR1397156	Muscle_Skeletal
SRR1397180	Heart_Atrial_Appendage
SRR1397218	Muscle_Skeletal
SRR1397292	Colon_Transverse
SRR1397329	Heart_Left_Ventricle
SRR1397649	Thyroid
SRR1397673	Whole_Blood
SRR1397744	Pancreas
SRR1397762	Pancreas
SRR1397781	Colon_Sigmoid
SRR1397861	Thyroid
SRR1397885	Thyroid
SRR1398036	Lung
SRR1398183	Whole_Blood
SRR1398272	Colon_Sigmoid
SRR1398311	Heart_Atrial_Appendage
SRR1398335	Muscle_Skeletal
SRR1398371	Heart_Atrial_Appendage
SRR1398686	Thyroid
SRR1398706	Heart_Atrial_Appendage
SRR1398728	Whole_Blood
SRR1398863	Pancreas
SRR1398971	Thyroid
SRR1399156	Stomach
SRR1399247	Stomach
SRR1399291	Colon_Sigmoid
SRR1399433	Whole_Blood
SRR1399457	Thyroid
SRR1399990	Heart_Left_Ventricle
SRR1400008	Colon_Sigmoid
SRR1400032	Whole_Blood
SRR1400054	Whole_Blood
SRR1400180	Muscle_Skeletal
SRR1400290	Heart_Left_Ventricle
SRR1400312	Stomach
SRR1400397	Heart_Atrial_Appendage
SRR1400489	Colon_Sigmoid
SRR1400551	Muscle_Skeletal
SRR1400823	Muscle_Skeletal
SRR1400869	Stomach
SRR1400889	Heart_Left_Ventricle
SRR1400955	Lung
SRR1401379	Muscle_Skeletal
SRR1401446	Heart_Left_Ventricle
SRR1401528	Pancreas
SRR1401752	Muscle_Skeletal
SRR1401774	Colon_Sigmoid
SRR1401839	Muscle_Skeletal
SRR1402027	Colon_Transverse
SRR1402068	Heart_Left_Ventricle
SRR1402091	Pancreas
SRR1402153	Muscle_Skeletal
SRR1402172	Muscle_Skeletal
SRR1402195	Heart_Left_Ventricle
SRR1402328	Muscle_Skeletal
SRR1402368	Whole_Blood
SRR1402414	Heart_Atrial_Appendage
SRR1402772	Stomach
SRR1402794	Muscle_Skeletal
SRR1402922	Thyroid
SRR1402986	Lung
SRR1403089	Stomach
SRR1403133	Muscle_Skeletal
SRR1403280	Muscle_Skeletal
SRR1403366	Muscle_Skeletal
SRR1403390	Heart_Left_Ventricle
SRR1403412	Pancreas
SRR1403458	Heart_Left_Ventricle
SRR1403478	Lung
SRR1403611	Pancreas
SRR1403853	Colon_Transverse
SRR1404044	Thyroid
SRR1404062	Stomach
SRR1404147	Stomach
SRR1404186	Colon_Sigmoid
SRR1404251	Heart_Atrial_Appendage
SRR1404293	Lung
SRR1404362	Colon_Transverse
SRR1404384	Thyroid
SRR1404401	Whole_Blood
SRR1404461	Colon_Transverse
SRR1404507	Pancreas
SRR1404813	Whole_Blood
SRR1404837	Muscle_Skeletal
SRR1404856	Pancreas
SRR1404931	Thyroid
SRR1404951	Colon_Sigmoid
SRR1404988	Thyroid
SRR1405028	Heart_Left_Ventricle
SRR1405123	Muscle_Skeletal
SRR1405206	Heart_Atrial_Appendage
SRR1405289	Stomach
SRR1405311	Colon_Transverse
SRR1405437	Whole_Blood
SRR1405461	Colon_Sigmoid
SRR1405504	Lung
SRR1405593	Heart_Left_Ventricle
SRR1405886	Heart_Left_Ventricle
SRR1405921	Colon_Sigmoid
SRR1405984	Muscle_Skeletal
SRR1406008	Muscle_Skeletal
SRR1406069	Heart_Atrial_Appendage
SRR1406088	Whole_Blood
SRR1406112	Muscle_Skeletal
SRR1406243	Heart_Left_Ventricle
SRR1406265	Heart_Left_Ventricle
SRR1406307	Thyroid
SRR1406330	Lung
SRR1406394	Colon_Sigmoid
SRR1406418	Muscle_Skeletal
SRR1406478	Colon_Sigmoid
SRR1406502	Thyroid
SRR1406599	Heart_Left_Ventricle
SRR1406662	Heart_Atrial_Appendage
SRR1406685	Lung
SRR1406709	Colon_Sigmoid
SRR1407000	Colon_Transverse
SRR1407018	Colon_Transverse
SRR1407202	Heart_Left_Ventricle
SRR1407273	Thyroid
SRR1407334	Pancreas
SRR1407470	Heart_Atrial_Appendage
SRR1407516	Whole_Blood
SRR1407693	Colon_Transverse
SRR1407758	Whole_Blood
SRR1407950	Muscle_Skeletal
SRR1408072	Heart_Atrial_Appendage
SRR1408091	Stomach
SRR1408161	Muscle_Skeletal
SRR1408183	Muscle_Skeletal
SRR1408227	Heart_Atrial_Appendage
SRR1408249	Muscle_Skeletal
SRR1408529	Muscle_Skeletal
SRR1408595	Muscle_Skeletal
SRR1408633	Thyroid
SRR1408657	Heart_Left_Ventricle
SRR1408682	Muscle_Skeletal
SRR1409046	Colon_Transverse
SRR1409084	Pancreas
SRR1409130	Muscle_Skeletal
SRR1409193	Lung
SRR1409263	Muscle_Skeletal
SRR1409326	Colon_Sigmoid
SRR1409487	Heart_Left_Ventricle
SRR1409510	Whole_Blood
SRR1409575	Muscle_Skeletal
SRR1409641	Heart_Left_Ventricle
SRR1409721	Thyroid
SRR1409748	Heart_Atrial_Appendage
SRR1409813	Lung
SRR1409875	Thyroid
SRR1410221	Muscle_Skeletal
SRR1410242	Stomach
SRR1410334	Heart_Atrial_Appendage
SRR1410404	Colon_Transverse
SRR1410469	Thyroid
SRR1410550	Colon_Sigmoid
SRR1410634	Colon_Sigmoid
SRR1410699	Colon_Sigmoid
SRR1410720	Colon_Sigmoid
SRR1410890	Whole_Blood
SRR1411002	Thyroid
SRR1411070	Lung
SRR1412928	Stomach
SRR1412947	Whole_Blood
SRR1412987	Whole_Blood
SRR1413032	Thyroid
SRR1413100	Stomach
SRR1413262	Colon_Sigmoid
SRR1413644	Lung
SRR1413810	Whole_Blood
SRR1413851	Thyroid
SRR1413872	Muscle_Skeletal
SRR1413940	Lung
SRR1414161	Pancreas
SRR1414209	Stomach
SRR1414314	Muscle_Skeletal
SRR1414356	Thyroid
SRR1414471	Thyroid
SRR1414559	Whole_Blood
SRR1414578	Lung
SRR1414613	Pancreas
SRR1414727	Muscle_Skeletal
SRR1414857	Heart_Atrial_Appendage
SRR1414958	Lung
SRR1414982	Heart_Atrial_Appendage
SRR1415173	Colon_Transverse
SRR1415195	Thyroid
SRR1415274	Thyroid
SRR1415355	Stomach
SRR1415463	Lung
SRR1415660	Thyroid
SRR1415684	Whole_Blood
SRR1415773	Muscle_Skeletal
SRR1415854	Colon_Transverse
SRR1415919	Pancreas
SRR1415938	Pancreas
SRR1415980	Thyroid
SRR1416074	Pancreas
SRR1416119	Lung
SRR1416166	Heart_Left_Ventricle
SRR1416226	Lung
SRR1416362	Pancreas
SRR1416455	Colon_Sigmoid
SRR1416560	Whole_Blood
SRR1416672	Muscle_Skeletal
SRR1416773	Pancreas
SRR1417088	Lung
SRR1417404	Lung
SRR1417483	Muscle_Skeletal
SRR1417524	Pancreas
SRR1417680	Lung
SRR1417749	Stomach
SRR1417766	Heart_Atrial_Appendage
SRR1417960	Heart_Atrial_Appendage
SRR1418022	Muscle_Skeletal
SRR1418262	Colon_Sigmoid
SRR1418302	Pancreas
SRR1418390	Heart_Atrial_Appendage
SRR1418433	Pancreas
SRR1418492	Colon_Transverse
SRR1418561	Muscle_Skeletal
SRR1418650	Thyroid
SRR1418688	Thyroid
SRR1418707	Whole_Blood
SRR1418880	Muscle_Skeletal
SRR1418946	Heart_Left_Ventricle
SRR1419110	Muscle_Skeletal
SRR1419211	Thyroid
SRR1419258	Muscle_Skeletal
SRR1419453	Heart_Left_Ventricle
SRR1419495	Colon_Sigmoid
SRR1419593	Thyroid
SRR1419615	Heart_Atrial_Appendage
SRR1419638	Heart_Left_Ventricle
SRR1419784	Lung
SRR1419829	Heart_Atrial_Appendage
SRR1419848	Thyroid
SRR1419869	Lung
SRR1419941	Colon_Sigmoid
SRR1420129	Colon_Sigmoid
SRR1420148	Stomach
SRR1420320	Whole_Blood
SRR1420344	Whole_Blood
SRR1420391	Colon_Transverse
SRR1420413	Colon_Transverse
SRR1420538	Colon_Sigmoid
SRR1420558	Whole_Blood
SRR1420606	Heart_Atrial_Appendage
SRR1420669	Whole_Blood
SRR1420811	Heart_Atrial_Appendage
SRR1421010	Lung
SRR1421048	Pancreas
SRR1421223	Thyroid
SRR1421462	Lung
SRR1429203	Lung
SRR1429265	Muscle_Skeletal
SRR1429468	Whole_Blood
SRR1429516	Heart_Atrial_Appendage
SRR1429660	Lung
SRR1429802	Heart_Atrial_Appendage
SRR1429912	Pancreas
SRR1430088	Colon_Sigmoid
SRR1430133	Heart_Atrial_Appendage
SRR1430157	Whole_Blood
SRR1430202	Pancreas
SRR1430357	Heart_Atrial_Appendage
SRR1430375	Muscle_Skeletal
SRR1430420	Heart_Left_Ventricle
SRR1430489	Muscle_Skeletal
SRR1430525	Muscle_Skeletal
SRR1430639	Heart_Left_Ventricle
SRR1430679	Heart_Atrial_Appendage
SRR1430703	Colon_Sigmoid
SRR1430729	Muscle_Skeletal
SRR1430839	Colon_Transverse
SRR1430860	Stomach
SRR1430951	Heart_Left_Ventricle
SRR1431083	Muscle_Skeletal
SRR1431121	Pancreas
SRR1431205	Whole_Blood
SRR1431288	Muscle_Skeletal
SRR1431385	Lung
SRR1431493	Pancreas
SRR1431552	Thyroid
SRR1431569	Muscle_Skeletal
SRR1431602	Heart_Atrial_Appendage
SRR1431927	Muscle_Skeletal
SRR1431948	Pancreas
SRR1431991	Thyroid
SRR1432165	Colon_Sigmoid
SRR1432231	Colon_Sigmoid
SRR1432366	Heart_Atrial_Appendage
SRR1432390	Muscle_Skeletal
SRR1432453	Muscle_Skeletal
SRR1432587	Stomach
SRR1432743	Muscle_Skeletal
SRR1432783	Colon_Sigmoid
SRR1432890	Stomach
SRR1433027	Lung
SRR1433044	Whole_Blood
SRR1433152	Stomach
SRR1433290	Muscle_Skeletal
SRR1433311	Thyroid
SRR1433684	Heart_Left_Ventricle
SRR1433708	Colon_Transverse
SRR1433841	Lung
SRR1433860	Whole_Blood
SRR1433902	Colon_Transverse
SRR1434009	Lung
SRR1434048	Lung
SRR1434093	Heart_Left_Ventricle
SRR1434182	Thyroid
SRR1434315	Heart_Left_Ventricle
SRR1434399	Heart_Left_Ventricle
SRR1434436	Pancreas
SRR1434502	Muscle_Skeletal
SRR1434568	Heart_Atrial_Appendage
SRR1434610	Whole_Blood
SRR1434631	Colon_Transverse
SRR1434650	Whole_Blood
SRR1434689	Thyroid
SRR1434760	Thyroid
SRR1434821	Lung
SRR1434910	Thyroid
SRR1434975	Heart_Left_Ventricle
SRR1434999	Pancreas
SRR1435066	Lung
SRR1435090	Stomach
SRR1435113	Thyroid
SRR1435182	Heart_Atrial_Appendage
SRR1435248	Muscle_Skeletal
SRR1435311	Muscle_Skeletal
SRR1435418	Muscle_Skeletal
SRR1435501	Heart_Left_Ventricle
SRR1435560	Whole_Blood
SRR1435584	Heart_Atrial_Appendage
SRR1435626	Muscle_Skeletal
SRR1435643	Stomach
SRR1435833	Whole_Blood
SRR1435857	Pancreas
SRR1436042	Thyroid
SRR1436065	Whole_Blood
SRR1436169	Stomach
SRR1436187	Pancreas
SRR1436280	Colon_Sigmoid
SRR1436490	Heart_Atrial_Appendage
SRR1436515	Thyroid
SRR1436563	Muscle_Skeletal
SRR1436583	Colon_Sigmoid
SRR1436629	Thyroid
SRR1436651	Muscle_Skeletal
SRR1436763	Whole_Blood
SRR1437056	Thyroid
SRR1437186	Stomach
SRR1437208	Heart_Atrial_Appendage
SRR1437454	Heart_Atrial_Appendage
SRR1437514	Colon_Transverse
SRR1437598	Colon_Sigmoid
SRR1439697	Colon_Transverse
SRR1439719	Lung
SRR1439742	Muscle_Skeletal
SRR1439958	Heart_Atrial_Appendage
SRR1440032	Pancreas
SRR1440101	Muscle_Skeletal
SRR1440137	Whole_Blood
SRR1440179	Stomach
SRR1440224	Whole_Blood
SRR1440421	Whole_Blood
SRR1440445	Heart_Left_Ventricle
SRR1440584	Thyroid
SRR1440603	Whole_Blood
SRR1440625	Thyroid
SRR1440744	Muscle_Skeletal
SRR1440787	Pancreas
SRR1440809	Colon_Sigmoid
SRR1440852	Whole_Blood
SRR1441464	Heart_Atrial_Appendage
SRR1441483	Thyroid
SRR1441590	Muscle_Skeletal
SRR1441631	Thyroid
SRR1441725	Heart_Left_Ventricle
SRR1441745	Stomach
SRR1441768	Colon_Transverse
SRR1441826	Lung
SRR1441850	Heart_Atrial_Appendage
SRR1441889	Lung
SRR1441913	Colon_Sigmoid
SRR1441975	Whole_Blood
SRR1442066	Whole_Blood
SRR1442104	Muscle_Skeletal
SRR1442127	Pancreas
SRR1442149	Heart_Atrial_Appendage
SRR1442231	Lung
SRR1442250	Heart_Left_Ventricle
SRR1442273	Heart_Atrial_Appendage
SRR1442440	Colon_Sigmoid
SRR1442487	Heart_Atrial_Appendage
SRR1442648	Heart_Atrial_Appendage
SRR1442686	Heart_Left_Ventricle
SRR1442754	Muscle_Skeletal
SRR1442778	Lung
SRR1442822	Lung
SRR1442862	Lung
SRR1442928	Muscle_Skeletal
SRR1443003	Muscle_Skeletal
SRR1443182	Heart_Atrial_Appendage
SRR1443399	Colon_Sigmoid
SRR1443419	Thyroid
SRR1443436	Muscle_Skeletal
SRR1443459	Whole_Blood
SRR1443633	Pancreas
SRR1443677	Lung
SRR1443695	Thyroid
SRR1443755	Stomach
SRR1443800	Colon_Sigmoid
SRR1444002	Muscle_Skeletal
SRR1444043	Colon_Transverse
SRR1444063	Lung
SRR1444120	Muscle_Skeletal
SRR1444306	Muscle_Skeletal
SRR1444348	Whole_Blood
SRR1444390	Heart_Atrial_Appendage
SRR1444501	Muscle_Skeletal
SRR1444523	Colon_Transverse
SRR1444644	Heart_Left_Ventricle
SRR1444701	Colon_Sigmoid
SRR1444722	Heart_Left_Ventricle
SRR1444852	Whole_Blood
SRR1444914	Heart_Left_Ventricle
SRR1444954	Heart_Atrial_Appendage
SRR1444978	Colon_Transverse
SRR1445365	Whole_Blood
SRR1445426	Colon_Sigmoid
SRR1445468	Stomach
SRR1445741	Heart_Atrial_Appendage
SRR1445765	Thyroid
SRR1445939	Pancreas
SRR1445960	Pancreas
SRR1446114	Thyroid
SRR1446156	Heart_Atrial_Appendage
SRR1446226	Heart_Left_Ventricle
SRR1446244	Whole_Blood
SRR1446265	Colon_Transverse
SRR1446393	Heart_Atrial_Appendage
SRR1446546	Lung
SRR1446564	Muscle_Skeletal
SRR1446606	Thyroid
SRR1446716	Colon_Sigmoid
SRR1446806	Pancreas
SRR1446850	Whole_Blood
SRR1446979	Stomach
SRR1446996	Stomach
SRR1447103	Muscle_Skeletal
SRR1447124	Stomach
SRR1447325	Thyroid
SRR1447347	Lung
SRR1447416	Stomach
SRR1447481	Colon_Transverse
SRR1447523	Whole_Blood
SRR1447652	Heart_Left_Ventricle
SRR1447673	Heart_Atrial_Appendage
SRR1447736	Lung
SRR1447760	Pancreas
SRR1448029	Muscle_Skeletal
SRR1448183	Heart_Left_Ventricle
SRR1451740	Whole_Blood
SRR1451778	Heart_Left_Ventricle
SRR1451857	Thyroid
SRR1451988	Lung
SRR1452222	Colon_Sigmoid
SRR1452334	Muscle_Skeletal
SRR1452423	Muscle_Skeletal
SRR1452491	Heart_Atrial_Appendage
SRR1452515	Muscle_Skeletal
SRR1452556	Pancreas
SRR1452604	Whole_Blood
SRR1452631	Whole_Blood
SRR1452696	Muscle_Skeletal
SRR1452741	Heart_Left_Ventricle
SRR1452864	Muscle_Skeletal
SRR1452912	Muscle_Skeletal
SRR1453026	Heart_Atrial_Appendage
SRR1453047	Pancreas
SRR1453277	Pancreas
SRR1453416	Muscle_Skeletal
SRR1453591	Stomach
SRR1453747	Colon_Sigmoid
SRR1453787	Thyroid
SRR1453893	Pancreas
SRR1453911	Muscle_Skeletal
SRR1453991	Pancreas
SRR1454031	Colon_Sigmoid
SRR1454117	Muscle_Skeletal
SRR1454136	Heart_Atrial_Appendage
SRR1454265	Thyroid
SRR1454289	Pancreas
SRR1454310	Muscle_Skeletal
SRR1454328	Muscle_Skeletal
SRR1454374	Heart_Left_Ventricle
SRR1454498	Thyroid
SRR1454522	Heart_Left_Ventricle
SRR1454651	Muscle_Skeletal
SRR1454821	Colon_Sigmoid
SRR1455104	Thyroid
SRR1455326	Heart_Left_Ventricle
SRR1455436	Thyroid
SRR1455503	Heart_Atrial_Appendage
SRR1455525	Muscle_Skeletal
SRR1455565	Stomach
SRR1455607	Heart_Atrial_Appendage
SRR1455631	Pancreas
SRR1455741	Colon_Sigmoid
SRR1455783	Pancreas
SRR1455842	Heart_Atrial_Appendage
SRR1456027	Muscle_Skeletal
SRR1456093	Colon_Sigmoid
SRR1456208	Thyroid
SRR1456567	Heart_Atrial_Appendage
SRR1456591	Thyroid
SRR1456693	Heart_Atrial_Appendage
SRR1456771	Colon_Sigmoid
SRR1457039	Heart_Atrial_Appendage
SRR1457080	Colon_Transverse
SRR1457197	Thyroid
SRR1457315	Whole_Blood
SRR1457336	Colon_Sigmoid
SRR1457375	Whole_Blood
SRR1457397	Whole_Blood
SRR1457437	Stomach
SRR1457574	Whole_Blood
SRR1457682	Pancreas
SRR1457727	Pancreas
SRR1457750	Lung
SRR1457768	Heart_Left_Ventricle
SRR1457872	Heart_Atrial_Appendage
SRR1457925	Thyroid
SRR1457972	Thyroid
SRR1458026	Heart_Atrial_Appendage
SRR1458220	Muscle_Skeletal
SRR1458358	Heart_Left_Ventricle
SRR1458380	Colon_Sigmoid
SRR1458447	Lung
SRR1458465	Stomach
SRR1458484	Heart_Atrial_Appendage
SRR1458506	Thyroid
SRR1458529	Colon_Sigmoid
SRR1458574	Colon_Transverse
SRR1458683	Muscle_Skeletal
SRR1458706	Whole_Blood
SRR1458852	Muscle_Skeletal
SRR1458973	Heart_Left_Ventricle
SRR1458992	Pancreas
SRR1459055	Lung
SRR1459125	Muscle_Skeletal
SRR1459697	Thyroid
SRR1459739	Whole_Blood
SRR1459761	Stomach
SRR1459889	Stomach
SRR1459937	Muscle_Skeletal
SRR1459956	Heart_Atrial_Appendage
SRR1460001	Lung
SRR1460025	Lung
SRR1460073	Heart_Left_Ventricle
SRR1460124	Heart_Left_Ventricle
SRR1460235	Thyroid
SRR1464226	Pancreas
SRR1464281	Heart_Atrial_Appendage
SRR1464432	Colon_Transverse
SRR1464535	Heart_Atrial_Appendage
SRR1464601	Muscle_Skeletal
SRR1464618	Whole_Blood
SRR1464681	Muscle_Skeletal
SRR1464724	Pancreas
SRR1464812	Colon_Sigmoid
SRR1464835	Whole_Blood
SRR1464897	Colon_Transverse
SRR1464915	Muscle_Skeletal
SRR1465018	Whole_Blood
SRR1465064	Stomach
SRR1465153	Thyroid
SRR1465248	Colon_Sigmoid
SRR1465543	Lung
SRR1465674	Pancreas
SRR1465734	Whole_Blood
SRR1466091	Colon_Sigmoid
SRR1466109	Heart_Left_Ventricle
SRR1466177	Thyroid
SRR1466222	Lung
SRR1466278	Colon_Transverse
SRR1466321	Pancreas
SRR1466490	Stomach
SRR1466512	Muscle_Skeletal
SRR1466597	Colon_Transverse
SRR1466687	Colon_Transverse
SRR1466728	Stomach
SRR1466770	Colon_Sigmoid
SRR1467171	Colon_Transverse
SRR1467194	Colon_Sigmoid
SRR1467431	Whole_Blood
SRR1467479	Lung
SRR1467544	Colon_Transverse
SRR1467567	Muscle_Skeletal
SRR1467612	Heart_Atrial_Appendage
SRR1467680	Stomach
SRR1467835	Whole_Blood
SRR1467904	Heart_Left_Ventricle
SRR1467943	Colon_Transverse
SRR1467966	Muscle_Skeletal
SRR1468004	Whole_Blood
SRR1468028	Stomach
SRR1468096	Colon_Sigmoid
SRR1468162	Muscle_Skeletal
SRR1468184	Thyroid
SRR1468447	Whole_Blood
SRR1468532	Muscle_Skeletal
SRR1468595	Heart_Left_Ventricle
SRR1468613	Heart_Left_Ventricle
SRR1468658	Muscle_Skeletal
SRR1468682	Heart_Atrial_Appendage
SRR1468787	Pancreas
SRR1468804	Stomach
SRR1468828	Lung
SRR1468850	Whole_Blood
SRR1468931	Pancreas
SRR1468995	Heart_Left_Ventricle
SRR1469014	Muscle_Skeletal
SRR1469102	Thyroid
SRR1469345	Lung
SRR1469477	Thyroid
SRR1469591	Heart_Left_Ventricle
SRR1469638	Heart_Left_Ventricle
SRR1469791	Thyroid
SRR1469859	Heart_Left_Ventricle
SRR1470057	Colon_Sigmoid
SRR1470093	Muscle_Skeletal
SRR1470513	Colon_Transverse
SRR1470580	Lung
SRR1470624	Colon_Transverse
SRR1470665	Stomach
SRR1470682	Thyroid
SRR1470798	Whole_Blood
SRR1470816	Heart_Atrial_Appendage
SRR1470855	Colon_Sigmoid
SRR1471098	Lung
SRR1471117	Muscle_Skeletal
SRR1471594	Muscle_Skeletal
SRR1471862	Thyroid
SRR1471965	Muscle_Skeletal
SRR1471989	Lung
SRR1472237	Heart_Atrial_Appendage
SRR1472259	Colon_Transverse
SRR1472281	Heart_Atrial_Appendage
SRR1472462	Lung
SRR1472598	Thyroid
SRR1472728	Pancreas
SRR1472794	Muscle_Skeletal
SRR1472952	Lung
SRR1472976	Whole_Blood
SRR1473016	Stomach
SRR1473078	Muscle_Skeletal
SRR1473100	Colon_Transverse
SRR1473142	Heart_Atrial_Appendage
SRR1473161	Lung
SRR1473209	Colon_Transverse
SRR1473232	Colon_Transverse
SRR1473295	Thyroid
SRR1473340	Lung
SRR1473361	Colon_Sigmoid
SRR1473443	Thyroid
SRR1473800	Lung
SRR1473915	Colon_Sigmoid
SRR1474000	Colon_Transverse
SRR1474396	Stomach
SRR1474440	Stomach
SRR1474730	Heart_Left_Ventricle
SRR1474839	Whole_Blood
SRR1474863	Whole_Blood
SRR1474999	Whole_Blood
SRR1475104	Muscle_Skeletal
SRR1475128	Pancreas
SRR1475281	Thyroid
SRR1475300	Muscle_Skeletal
SRR1475430	Thyroid
SRR1475483	Thyroid
SRR1475524	Lung
SRR1475546	Lung
SRR1475633	Stomach
SRR1475785	Colon_Sigmoid
SRR1475930	Whole_Blood
SRR1476207	Whole_Blood
SRR1476300	Whole_Blood
SRR1476324	Colon_Sigmoid
SRR1476348	Thyroid
SRR1476384	Colon_Sigmoid
SRR1476652	Colon_Sigmoid
SRR1476760	Stomach
SRR1476903	Thyroid
SRR1477015	Heart_Left_Ventricle
SRR1477033	Heart_Left_Ventricle
SRR1477125	Stomach
SRR1477149	Whole_Blood
SRR1477292	Colon_Sigmoid
SRR1477339	Colon_Transverse
SRR1477522	Colon_Sigmoid
SRR1477569	Heart_Left_Ventricle
SRR1477732	Colon_Transverse
SRR1477797	Lung
SRR1477837	Heart_Atrial_Appendage
SRR1477861	Whole_Blood
SRR1477991	Whole_Blood
SRR1478053	Muscle_Skeletal
SRR1478149	Heart_Left_Ventricle
SRR1478189	Heart_Left_Ventricle
SRR1478362	Muscle_Skeletal
SRR1478386	Muscle_Skeletal
SRR1478410	Thyroid
SRR1478434	Heart_Atrial_Appendage
SRR1478571	Colon_Transverse
SRR1478722	Whole_Blood
SRR1478812	Heart_Atrial_Appendage
SRR1478855	Stomach
SRR1478878	Stomach
SRR1478900	Heart_Left_Ventricle
SRR1478968	Muscle_Skeletal
SRR1478990	Heart_Atrial_Appendage
SRR1479085	Thyroid
SRR1479155	Lung
SRR1479263	Heart_Atrial_Appendage
SRR1479286	Heart_Atrial_Appendage
SRR1479306	Colon_Transverse
SRR1479370	Colon_Sigmoid
SRR1479431	Stomach
SRR1479549	Thyroid
SRR1479640	Lung
SRR1479663	Thyroid
SRR1479721	Colon_Transverse
SRR1479845	Whole_Blood
SRR1479933	Heart_Atrial_Appendage
SRR1480038	Muscle_Skeletal
SRR1480153	Stomach
SRR1480347	Pancreas
SRR1480455	Muscle_Skeletal
SRR1480547	Muscle_Skeletal
SRR1480565	Thyroid
SRR1480611	Thyroid
SRR1480697	Lung
SRR1480721	Colon_Sigmoid
SRR1480789	Whole_Blood
SRR1481012	Heart_Left_Ventricle
SRR1481060	Whole_Blood
SRR1481083	Muscle_Skeletal
SRR1481146	Pancreas
SRR1481279	Lung
SRR1481351	Whole_Blood
SRR1481396	Muscle_Skeletal
SRR1485020	Colon_Sigmoid
SRR1485060	Colon_Transverse
SRR1485078	Heart_Atrial_Appendage
SRR1485141	Whole_Blood
SRR1485700	Colon_Transverse
SRR1486021	Whole_Blood
SRR1486044	Thyroid
SRR1486156	Muscle_Skeletal
SRR1486174	Heart_Atrial_Appendage
SRR1486280	Whole_Blood
SRR1486719	Whole_Blood
SRR1486799	Muscle_Skeletal
SRR1486995	Lung
SRR1487215	Lung
SRR1487233	Heart_Atrial_Appendage
SRR1487403	Colon_Transverse
SRR1487425	Heart_Atrial_Appendage
SRR1487465	Thyroid
SRR1487547	Colon_Sigmoid
SRR1487570	Muscle_Skeletal
SRR1487704	Colon_Sigmoid
SRR1487728	Thyroid
SRR1487746	Muscle_Skeletal
SRR1487764	Pancreas
SRR1487784	Pancreas
SRR1487807	Heart_Atrial_Appendage
SRR1487867	Stomach
SRR1487910	Lung
SRR1487947	Muscle_Skeletal
SRR1488091	Muscle_Skeletal
SRR1488214	Muscle_Skeletal
SRR1488261	Whole_Blood
SRR1488307	Colon_Transverse
SRR1488328	Heart_Atrial_Appendage
SRR1488410	Lung
SRR1488429	Lung
SRR1488470	Muscle_Skeletal
SRR1488632	Heart_Atrial_Appendage
SRR1489030	Muscle_Skeletal
SRR1489116	Whole_Blood
SRR1489265	Lung
SRR1489286	Muscle_Skeletal
SRR1489416	Lung
SRR1489610	Muscle_Skeletal
SRR1489693	Heart_Left_Ventricle
SRR1489715	Heart_Atrial_Appendage
SRR1489926	Whole_Blood
SRR1489950	Muscle_Skeletal
SRR1489995	Lung
SRR1490037	Muscle_Skeletal
SRR1490115	Whole_Blood
SRR1490289	Heart_Atrial_Appendage
SRR1490404	Pancreas
SRR1490505	Heart_Atrial_Appendage
SRR1490635	Colon_Sigmoid
SRR1490700	Lung
SRR1491275	Thyroid
SRR1491332	Whole_Blood
SRR1498249	Stomach
SRR1498290	Colon_Transverse
SRR1498313	Whole_Blood
SRR1498438	Thyroid
SRR1498505	Colon_Transverse
SRR1498661	Colon_Transverse
SRR1498789	Whole_Blood
SRR1498813	Lung
SRR1499543	Thyroid
SRR1499566	Muscle_Skeletal
SRR1499652	Colon_Transverse
SRR1499699	Thyroid
SRR1499740	Muscle_Skeletal
SRR1499958	Whole_Blood
SRR1500071	Colon_Sigmoid
SRR1500131	Colon_Transverse
SRR1500170	Whole_Blood
SRR1500323	Muscle_Skeletal
SRR1500908	Thyroid
SRR1501097	Thyroid
SRR1507229	Heart_Left_Ventricle
SRR597952	Thyroid
SRR598044	Muscle_Skeletal
SRR598172	Whole_Blood
SRR598484	Lung
SRR598565	Thyroid
SRR600474	Heart_Left_Ventricle
SRR600632	Lung
SRR600784	Lung
SRR600852	Heart_Left_Ventricle
SRR600900	Lung
SRR600981	Muscle_Skeletal
SRR601239	Heart_Left_Ventricle
SRR601359	Thyroid
SRR601477	Lung
SRR601645	Heart_Left_Ventricle
SRR601671	Muscle_Skeletal
SRR601962	Thyroid
SRR601986	Heart_Left_Ventricle
SRR602034	Whole_Blood
SRR602058	Lung
SRR602106	Heart_Left_Ventricle
SRR602492	Lung
SRR603164	Muscle_Skeletal
SRR603188	Lung
SRR603268	Thyroid
SRR603330	Whole_Blood
SRR603449	Heart_Left_Ventricle
SRR603472	Whole_Blood
SRR603726	Thyroid
SRR603834	Thyroid
SRR604002	Whole_Blood
SRR604122	Heart_Left_Ventricle
SRR604294	Thyroid
SRR604480	Lung
SRR607018	Whole_Blood
SRR607166	Lung
SRR607252	Heart_Left_Ventricle
SRR613126	Muscle_Skeletal
SRR613138	Lung
SRR613186	Heart_Left_Ventricle
SRR613222	Muscle_Skeletal
SRR613951	Muscle_Skeletal
SRR614107	Thyroid
SRR614683	Heart_Left_Ventricle
SRR615323	Muscle_Skeletal
SRR615635	Muscle_Skeletal
SRR615695	Lung
SRR627459	Lung
SRR627464	Lung
SRR654766	Muscle_Skeletal
SRR654838	Lung
SRR654921	Whole_Blood
SRR655052	Muscle_Skeletal
SRR655064	Lung
SRR655170	Muscle_Skeletal
SRR655277	Thyroid
SRR655399	Muscle_Skeletal
SRR655423	Heart_Left_Ventricle
SRR655483	Whole_Blood
SRR655495	Thyroid
SRR655696	Thyroid
SRR655732	Muscle_Skeletal
SRR655792	Heart_Left_Ventricle
SRR655887	Muscle_Skeletal
SRR655946	Muscle_Skeletal
SRR656153	Lung
SRR656203	Whole_Blood
SRR656223	Whole_Blood
SRR656247	Muscle_Skeletal
SRR656288	Heart_Left_Ventricle
SRR656300	Heart_Atrial_Appendage
SRR656433	Heart_Left_Ventricle
SRR656457	Pancreas
SRR656469	Thyroid
SRR656782	Whole_Blood
SRR656874	Lung
SRR656899	Heart_Left_Ventricle
SRR656934	Lung
SRR656982	Pancreas
SRR657420	Thyroid
SRR657456	Heart_Left_Ventricle
SRR657480	Whole_Blood
SRR657845	Thyroid
SRR658033	Whole_Blood
SRR658117	Thyroid
SRR658433	Muscle_Skeletal
SRR658481	Heart_Atrial_Appendage
SRR658989	Muscle_Skeletal
SRR659295	Whole_Blood
SRR659923	Thyroid
SRR660212	Thyroid
SRR660366	Heart_Left_Ventricle
SRR660438	Thyroid
SRR660685	Whole_Blood
SRR661155	Muscle_Skeletal
SRR661337	Heart_Left_Ventricle
SRR661385	Whole_Blood
SRR661469	Muscle_Skeletal
SRR661675	Muscle_Skeletal
SRR661711	Thyroid
SRR661794	Thyroid
SRR661842	Lung
SRR661913	Whole_Blood
SRR661961	Muscle_Skeletal
SRR662019	Muscle_Skeletal
SRR662162	Lung
SRR662390	Heart_Left_Ventricle
SRR662510	Thyroid
SRR662641	Heart_Atrial_Appendage
SRR662665	Heart_Left_Ventricle
SRR662906	Muscle_Skeletal
SRR662918	Muscle_Skeletal
SRR662954	Lung
SRR662966	Lung
SRR663014	Heart_Atrial_Appendage
SRR663038	Lung
SRR663088	Whole_Blood
SRR663100	Heart_Atrial_Appendage
SRR663149	Thyroid
SRR663236	Whole_Blood
SRR663249	Whole_Blood
SRR663284	Muscle_Skeletal
SRR663356	Muscle_Skeletal
SRR663368	Thyroid
SRR663380	Thyroid
SRR663404	Heart_Left_Ventricle
SRR663513	Whole_Blood
SRR663573	Lung
SRR663585	Whole_Blood
SRR663645	Pancreas
SRR663795	Thyroid
SRR663874	Muscle_Skeletal
SRR663898	Whole_Blood
SRR664063	Muscle_Skeletal
SRR665217	Lung
SRR665262	Muscle_Skeletal
SRR665405	Pancreas
SRR665429	Lung
SRR807637	Whole_Blood
SRR807727	Heart_Atrial_Appendage
SRR807751	Colon_Transverse
SRR807799	Thyroid
SRR807824	Lung
SRR807877	Heart_Atrial_Appendage
SRR807901	Heart_Left_Ventricle
SRR808472	Lung
SRR808520	Whole_Blood
SRR808542	Stomach
SRR808590	Pancreas
SRR808638	Colon_Transverse
SRR808658	Thyroid
SRR808728	Whole_Blood
SRR808772	Heart_Left_Ventricle
SRR808808	Heart_Left_Ventricle
SRR808886	Thyroid
SRR809065	Lung
SRR809137	Heart_Left_Ventricle
SRR809185	Whole_Blood
SRR809283	Whole_Blood
SRR809296	Lung
SRR809348	Muscle_Skeletal
SRR809427	Whole_Blood
SRR809444	Muscle_Skeletal
SRR809595	Muscle_Skeletal
SRR809619	Whole_Blood
SRR810225	Muscle_Skeletal
SRR810249	Muscle_Skeletal
SRR810483	Lung
SRR810507	Heart_Left_Ventricle
SRR810595	Whole_Blood
SRR810619	Heart_Atrial_Appendage
SRR810689	Stomach
SRR810737	Heart_Atrial_Appendage
SRR810761	Pancreas
SRR810805	Thyroid
SRR810829	Stomach
SRR810853	Whole_Blood
SRR810945	Whole_Blood
SRR811049	Whole_Blood
SRR811121	Lung
SRR811145	Heart_Left_Ventricle
SRR811491	Whole_Blood
SRR811583	Whole_Blood
SRR811607	Pancreas
SRR811771	Muscle_Skeletal
SRR811866	Lung
SRR811891	Heart_Left_Ventricle
SRR812177	Whole_Blood
SRR812222	Heart_Atrial_Appendage
SRR812270	Thyroid
SRR812493	Lung
SRR812598	Pancreas
SRR812649	Heart_Atrial_Appendage
SRR812697	Colon_Transverse
SRR812721	Colon_Transverse
SRR812745	Pancreas
SRR812773	Muscle_Skeletal
SRR812970	Whole_Blood
SRR813019	Whole_Blood
SRR813208	Pancreas
SRR813234	Stomach
SRR813529	Colon_Transverse
SRR813560	Whole_Blood
SRR813656	Muscle_Skeletal
SRR813728	Heart_Atrial_Appendage
SRR813802	Muscle_Skeletal
SRR813848	Thyroid
SRR813915	Heart_Atrial_Appendage
SRR813935	Whole_Blood
SRR813983	Muscle_Skeletal
SRR814195	Stomach
SRR814244	Lung
SRR814268	Stomach
SRR814317	Whole_Blood
SRR814363	Whole_Blood
SRR814587	Heart_Atrial_Appendage
SRR814611	Heart_Left_Ventricle
SRR814703	Lung
SRR814820	Stomach
SRR814844	Whole_Blood
SRR814868	Whole_Blood
SRR814919	Thyroid
SRR815020	Muscle_Skeletal
SRR815044	Muscle_Skeletal
SRR815184	Heart_Atrial_Appendage
SRR815326	Stomach
SRR815517	Heart_Left_Ventricle
SRR815661	Heart_Left_Ventricle
SRR815735	Heart_Left_Ventricle
SRR815783	Muscle_Skeletal
SRR815825	Muscle_Skeletal
SRR815893	Heart_Atrial_Appendage
SRR815970	Stomach
SRR816015	Muscle_Skeletal
SRR816064	Heart_Left_Ventricle
SRR816226	Muscle_Skeletal
SRR816250	Whole_Blood
SRR816358	Heart_Left_Ventricle
SRR816382	Muscle_Skeletal
SRR816541	Pancreas
SRR816589	Whole_Blood
SRR816745	Whole_Blood
SRR816892	Thyroid
SRR817046	Whole_Blood
SRR817070	Lung
SRR817234	Whole_Blood
SRR817373	Whole_Blood
SRR817488	Lung
SRR817825	Heart_Left_Ventricle
SRR818499	Lung
SRR818523	Colon_Transverse
SRR818530	Heart_Atrial_Appendage
SRR818537	Whole_Blood
SRR818600	Muscle_Skeletal
SRR818773	Muscle_Skeletal
SRR818901	Muscle_Skeletal
SRR819024	Whole_Blood
SRR819054	Muscle_Skeletal
SRR819164	Whole_Blood
SRR819186	Lung
SRR819210	Whole_Blood
SRR819261	Muscle_Skeletal
SRR819486	Colon_Transverse
SRR819658	Lung
SRR819690	Thyroid
SRR819719	Stomach
SRR819771	Pancreas
SRR819867	Thyroid
SRR820186	Thyroid
SRR820316	Heart_Left_Ventricle
SRR820596	Lung
SRR820733	Whole_Blood
SRR820779	Whole_Blood
SRR820907	Muscle_Skeletal
SRR821050	Pancreas
SRR821183	Heart_Atrial_Appendage
SRR821207	Thyroid
SRR821231	Pancreas
SRR821302	Lung
SRR821326	Whole_Blood
SRR821525	Lung
SRR821653	Whole_Blood